data_hora, lat, lon, sat, hdop, kmh, direcao, umidade, temp_dht, ac_x, ac_y, ac_z, gy_x, gy_y, gy_z
30/11/1999 18:40:47, -15826448, -47987187, 5, 1.43, 0.00, W, 41.8, 24.3, 0.38, 0.63, 11.12, -0.09, -0.03, -0.01
20/07/2026 18:41:18, -15826433, -47987204, 5, 1.43, 0.89, N, 42.9, 24.9, 0.41, 0.61, 11.12, -0.09, -0.02, -0.01
20/07/2026 18:41:49, -15826428, -47987215, 5, 1.43, 1.07, N, 42.7, 24.9, 0.42, 0.62, 11.10, -0.08, -0.02, -0.01
20/07/2026 18:42:20, -15826425, -47987149, 5, 1.42, 0.15, N, 42.5, 25.0, 0.39, 0.60, 11.12, -0.08, -0.02, -0.01
20/07/2026 18:42:50, -15826417, -47987169, 5, 1.42, 0.06, N, 42.2, 25.0, 0.42, 0.61, 11.12, -0.08, -0.02, -0.01
20/07/2026 18:43:21, -15826410, -47987159, 5, 1.68, 0.26, N, 41.9, 25.0, 0.41, 0.61, 11.11, -0.08, -0.02, -0.01
20/07/2026 18:43:52, -15826401, -47987170, 6, 1.25, 0.33, N, 41.5, 25.1, 0.40, 0.62, 11.12, -0.09, -0.02, -0.01
20/07/2026 18:44:23, -15826379, -47987145, 6, 1.25, 0.30, N, 41.5, 25.1, 0.43, 0.60, 11.10, -0.09, -0.02, -0.02
20/07/2026 18:44:53, -15826375, -47987134, 6, 1.25, 0.44, N, 41.4, 25.2, 0.42, 0.62, 11.11, -0.09, -0.02, -0.01
20/07/2026 18:45:24, -15826384, -47987143, 6, 1.24, 0.20, N, 41.0, 25.2, 0.41, 0.60, 11.09, -0.09, -0.02, -0.01
20/07/2026 18:45:55, -15826384, -47987167, 6, 1.24, 0.11, N, 40.9, 25.2, 0.40, 0.61, 11.10, -0.08, -0.02, -0.01
20/07/2026 18:46:22, -15826414, -47987179, 6, 1.24, 0.06, N, 40.7, 25.3, 0.41, 0.62, 11.11, -0.08, -0.02, -0.01
20/07/2026 18:46:53, -15826411, -47987165, 6, 1.24, 0.07, N, 40.4, 25.3, 0.42, 0.61, 11.12, -0.08, -0.02, -0.01
20/07/2026 18:47:24, -15826416, -47987205, 6, 1.23, 0.00, N, 40.2, 25.3, 0.42, 0.61, 11.11, -0.08, -0.02, -0.01
20/07/2026 18:47:55, -15826411, -47987210, 6, 1.23, 0.09, N, 40.3, 25.4, 0.43, 0.63, 11.11, -0.09, -0.02, -0.02
20/07/2026 18:48:25, -15826410, -47987200, 6, 1.23, 0.11, N, 40.4, 25.4, 0.41, 0.62, 11.11, -0.08, -0.02, -0.01
20/07/2026 18:48:56, -15826410, -47987189, 7, 1.07, 0.19, N, 40.4, 25.4, 0.39, 0.60, 11.11, -0.08, -0.02, -0.01
20/07/2026 18:49:27, -15826400, -47987173, 7, 1.07, 0.09, N, 40.4, 25.5, 0.40, 0.61, 11.11, -0.08, -0.02, -0.01
20/07/2026 18:49:57, -15826390, -47987146, 7, 1.07, 0.04, N, 40.4, 25.5, 0.42, 0.63, 11.13, -0.08, -0.02, -0.01
20/07/2026 18:50:28, -15826378, -47987159, 7, 1.08, 0.24, N, 40.3, 25.5, 0.39, 0.61, 11.11, -0.08, -0.02, -0.01
20/07/2026 18:50:59, -15826391, -47987165, 7, 1.08, 0.26, N, 40.5, 25.5, 0.40, 0.60, 11.11, -0.08, -0.02, -0.01
20/07/2026 18:51:29, -15826399, -47987170, 7, 1.08, 0.04, N, 40.8, 25.6, 0.41, 0.60, 11.11, -0.08, -0.02, -0.01
20/07/2026 18:52:00, -15826407, -47987199, 7, 1.08, 0.15, N, 40.8, 25.6, 0.40, 0.62, 11.12, -0.09, -0.02, -0.01
20/07/2026 18:52:31, -15826404, -47987189, 7, 1.08, 0.22, N, 40.8, 25.6, 0.40, 0.61, 11.12, -0.08, -0.02, -0.01
20/07/2026 18:53:02, -15826406, -47987156, 7, 1.08, 0.19, N, 40.7, 25.6, 0.40, 0.61, 11.11, -0.08, -0.02, -0.02
20/07/2026 18:53:32, -15826408, -47987180, 6, 1.21, 0.04, N, 40.6, 25.6, 0.40, 0.61, 11.11, -0.08, -0.02, -0.01
20/07/2026 18:54:03, -15826408, -47987187, 7, 1.08, 0.17, N, 40.5, 25.6, 0.41, 0.61, 11.11, -0.08, -0.02, -0.01
20/07/2026 18:54:34, -15826399, -47987188, 7, 1.09, 0.11, N, 40.5, 25.6, 0.44, 0.62, 11.09, -0.08, -0.02, -0.01
20/07/2026 18:55:04, -15826405, -47987176, 7, 1.09, 0.13, N, 40.4, 25.6, 0.40, 0.62, 11.11, -0.08, -0.02, -0.01
20/07/2026 18:55:35, -15826411, -47987170, 7, 1.09, 0.22, N, 40.4, 25.6, 0.41, 0.60, 11.12, -0.08, -0.02, -0.01
20/07/2026 18:56:06, -15826407, -47987176, 7, 1.09, 0.06, N, 40.5, 25.7, 0.41, 0.62, 11.12, -0.08, -0.02, -0.01
20/07/2026 18:56:37, -15826397, -47987168, 7, 1.09, 0.31, N, 40.4, 25.7, 0.41, 0.61, 11.12, -0.08, -0.02, -0.02
20/07/2026 18:57:07, -15826364, -47987184, 7, 1.09, 0.46, N, 40.4, 25.7, 0.41, 0.62, 11.11, -0.08, -0.02, -0.01
20/07/2026 18:57:38, -15826393, -47987189, 7, 1.09, 0.19, N, 40.5, 25.7, 0.41, 0.61, 11.11, -0.08, -0.02, -0.01
20/07/2026 18:58:09, -15826393, -47987202, 7, 1.09, 0.56, N, 40.5, 25.7, 0.42, 0.62, 11.12, -0.08, -0.02, -0.01
20/07/2026 18:58:39, -15826380, -47987214, 7, 1.10, 0.09, N, 40.4, 25.7, 0.41, 0.61, 11.12, -0.08, -0.02, -0.01
20/07/2026 18:59:10, -15826375, -47987200, 7, 1.10, 0.30, N, 40.2, 25.7, 0.41, 0.62, 11.11, -0.08, -0.02, -0.01
20/07/2026 18:59:41, -15826351, -47987189, 8, 1.05, 0.63, N, 40.2, 25.7, 0.42, 0.62, 11.10, -0.08, -0.02, -0.01
20/07/2026 19:00:11, -15826369, -47987177, 7, 1.04, 1.04, N, 40.2, 25.7, 0.40, 0.60, 11.11, -0.08, -0.02, -0.01
20/07/2026 19:00:42, -15826367, -47987157, 8, 0.96, 0.09, N, 40.3, 25.7, 0.40, 0.60, 11.11, -0.08, -0.02, -0.01
20/07/2026 19:01:13, -15826365, -47987180, 8, 0.96, 0.22, N, 40.4, 25.7, 0.42, 0.63, 11.11, -0.08, -0.02, -0.01
20/07/2026 19:01:44, -15826337, -47987201, 7, 1.33, 0.17, N, 40.4, 25.8, 0.40, 0.62, 11.11, -0.08, -0.02, -0.01
20/07/2026 19:02:14, -15826329, -47987205, 8, 1.34, 0.54, N, 40.5, 25.8, 0.40, 0.62, 11.11, -0.08, -0.02, -0.01
20/07/2026 19:02:45, -15826381, -47987220, 8, 0.96, 0.13, N, 40.5, 25.8, 0.42, 0.63, 11.11, -0.08, -0.02, -0.02
20/07/2026 19:03:16, -15826397, -47987214, 8, 0.96, 0.28, N, 40.4, 25.8, 0.39, 0.60, 11.11, -0.08, -0.02, -0.01
20/07/2026 19:03:46, -15826407, -47987193, 8, 0.96, 0.96, N, 40.4, 25.8, 0.41, 0.61, 11.11, -0.08, -0.02, -0.01
20/07/2026 19:04:17, -15826418, -47987201, 8, 0.96, 0.67, N, 40.2, 25.8, 0.42, 0.62, 11.11, -0.08, -0.02, -0.01
20/07/2026 19:04:48, -15826393, -47987219, 7, 1.04, 0.35, N, 40.2, 25.8, 0.38, 0.58, 11.12, -0.09, -0.02, -0.02
20/07/2026 19:05:07, -15826380, -47987217, 8, 0.96, 2.19, N, 40.1, 25.8, 0.42, 0.62, 11.12, -0.08, -0.02, -0.01
20/07/2026 19:05:21, -15826380, -47987218, 8, 0.96, 2.48, N, 40.1, 25.8, 0.42, 0.61, 11.11, -0.08, -0.02, -0.01
20/07/2026 19:05:51, -15826377, -47987196, 8, 0.96, 0.37, N, 40.1, 25.8, 0.40, 0.61, 11.11, -0.08, -0.02, -0.01
20/07/2026 19:06:22, -15826384, -47987190, 8, 1.04, 0.37, N, 40.0, 25.8, 0.41, 0.61, 11.12, -0.08, -0.02, -0.01
20/07/2026 19:06:53, -15826388, -47987190, 7, 1.03, 0.35, N, 39.8, 25.8, 0.41, 0.61, 11.12, -0.08, -0.02, -0.02
20/07/2026 19:07:23, -15826405, -47987188, 8, 0.96, 0.11, N, 39.8, 25.8, 0.42, 0.61, 11.11, -0.08, -0.02, -0.01
20/07/2026 19:07:54, -15826400, -47987185, 8, 0.96, 0.26, N, 39.8, 25.9, 0.41, 0.60, 11.11, -0.08, -0.02, -0.01
20/07/2026 19:08:25, -15826381, -47987191, 8, 0.96, 0.19, N, 39.8, 25.8, 0.41, 0.61, 11.11, -0.08, -0.02, -0.01
20/07/2026 19:08:56, -15826383, -47987172, 8, 0.96, 0.24, N, 39.8, 25.9, 0.42, 0.61, 11.12, -0.08, -0.02, -0.01
20/07/2026 19:09:26, -15826377, -47987170, 8, 0.96, 0.13, N, 39.6, 25.9, 0.42, 0.60, 11.11, -0.08, -0.02, -0.01
20/07/2026 19:09:57, -15826385, -47987167, 8, 0.96, 0.04, N, 39.6, 25.9, 0.42, 0.61, 11.10, -0.08, -0.02, -0.01
20/07/2026 19:10:28, -15826383, -47987194, 8, 0.96, 0.35, N, 39.6, 25.9, 0.40, 0.61, 11.12, -0.08, -0.02, -0.01
20/07/2026 19:10:58, -15826395, -47987184, 8, 0.96, 0.24, N, 39.1, 25.9, 0.39, 0.61, 11.11, -0.08, -0.02, -0.01
20/07/2026 19:11:29, -15826388, -47987182, 7, 1.13, 0.41, N, 39.1, 25.9, 0.04, -0.07, 11.14, -0.08, -0.02, -0.01
20/07/2026 19:12:00, -15826408, -47987173, 8, 0.96, 0.30, N, 39.1, 25.9, 0.03, -0.11, 11.14, -0.09, -0.02, -0.02
20/07/2026 19:12:31, -15826376, -47987165, 8, 0.96, 0.57, N, 39.1, 25.9, 0.03, -0.09, 11.14, -0.08, -0.02, -0.02
20/07/2026 19:13:01, -15826366, -47987183, 8, 0.96, 0.37, N, 38.9, 25.9, 0.01, -0.12, 11.14, -0.09, -0.02, -0.01
20/07/2026 19:13:32, -15826348, -47987213, 8, 1.08, 0.41, N, 39.3, 26.0, 0.01, -0.13, 11.14, -0.08, -0.02, -0.01
20/07/2026 19:14:03, -15826393, -47987224, 8, 0.96, 1.06, N, 38.8, 25.9, 0.00, -0.11, 11.14, -0.09, -0.02, -0.02
20/07/2026 19:14:33, -15826403, -47987220, 7, 1.47, 0.31, N, 39.3, 26.0, 0.01, -0.12, 11.15, -0.08, -0.02, -0.01
20/07/2026 19:15:04, -15826398, -47987171, 8, 0.96, 0.33, N, 39.4, 26.0, 0.01, -0.12, 11.14, -0.08, -0.02, -0.02
20/07/2026 19:15:35, -15826423, -47987172, 8, 0.96, 0.06, N, 39.3, 26.0, 0.02, -0.12, 11.13, -0.08, -0.02, -0.01
20/07/2026 19:16:06, -15826436, -47987185, 7, 1.48, 0.22, N, 39.2, 26.0, 0.01, -0.10, 11.15, -0.09, -0.02, -0.01
20/07/2026 19:16:36, -15826415, -47987198, 8, 0.96, 0.30, N, 39.0, 26.0, 0.04, -0.09, 11.14, -0.08, -0.02, -0.01
20/07/2026 19:17:07, -15826413, -47987183, 8, 0.96, 0.26, N, 39.1, 26.0, -0.01, -0.16, 11.15, -0.08, -0.02, -0.01
20/07/2026 19:17:38, -15826418, -47987147, 8, 0.96, 0.44, N, 39.1, 26.0, 0.04, -0.09, 11.13, -0.08, -0.02, -0.01
20/07/2026 19:18:08, -15826398, -47987159, 8, 0.96, 0.50, N, 39.0, 26.0, 0.01, -0.10, 11.15, -0.08, -0.02, -0.01
20/07/2026 19:18:39, -15826380, -47987177, 8, 0.96, 0.11, N, 38.9, 26.0, 0.02, -0.09, 11.15, -0.08, -0.02, -0.01
20/07/2026 19:19:07, -15826382, -47987165, 8, 0.96, 2.67, N, 38.9, 26.0, -0.04, -0.18, 11.15, -0.09, -0.02, -0.01
20/07/2026 19:19:18, -15826389, -47987153, 8, 0.96, 2.07, N, 38.8, 26.1, -0.01, -0.18, 11.15, -0.07, -0.02, -0.01
20/07/2026 19:19:49, -15826439, -47987180, 8, 0.96, 0.07, S, 38.6, 26.0, -0.02, -0.17, 11.15, -0.08, -0.02, -0.01
20/07/2026 19:20:20, -15826420, -47987177, 8, 0.96, 1.30, S, 38.6, 26.0, -0.02, -0.16, 11.15, -0.08, -0.02, -0.01
20/07/2026 19:20:50, -15826391, -47987160, 8, 0.96, 0.17, S, 38.6, 26.1, -0.00, -0.17, 11.15, -0.09, -0.02, -0.02
20/07/2026 19:21:21, -15826386, -47987183, 8, 0.96, 0.26, S, 38.6, 26.1, -0.01, -0.16, 11.15, -0.08, -0.02, -0.01
20/07/2026 19:21:52, -15826398, -47987212, 7, 1.52, 0.78, S, 38.8, 26.1, -0.03, -0.18, 11.13, -0.09, -0.02, -0.01
20/07/2026 19:22:23, -15826420, -47987208, 8, 1.08, 0.28, S, 38.7, 26.1, -0.02, -0.13, 11.12, -0.09, -0.01, -0.02
20/07/2026 19:22:53, -15826408, -47987185, 8, 0.96, 0.11, S, 38.6, 26.1, -0.02, -0.18, 11.17, -0.08, -0.02, -0.01
20/07/2026 19:23:24, -15826407, -47987173, 8, 0.96, 0.24, S, 38.5, 26.1, 0.03, -0.10, 11.14, -0.09, -0.02, -0.02
20/07/2026 19:23:55, -15826389, -47987201, 8, 0.96, 0.07, S, 38.5, 26.1, -0.01, -0.15, 11.14, -0.08, -0.02, -0.01
20/07/2026 19:24:25, -15826382, -47987209, 7, 1.17, 0.17, S, 38.5, 26.1, 0.02, -0.09, 11.15, -0.08, -0.02, -0.01
20/07/2026 19:24:56, -15826395, -47987184, 8, 1.53, 0.17, S, 38.5, 26.1, 0.01, -0.10, 11.14, -0.08, -0.02, -0.01
20/07/2026 19:25:27, -15826380, -47987172, 8, 0.96, 0.43, S, 38.5, 26.1, -0.01, -0.18, 11.16, -0.08, -0.02, -0.02
20/07/2026 19:25:58, -15826411, -47987197, 7, 1.18, 0.33, S, 38.4, 26.1, -0.01, -0.18, 11.14, -0.08, -0.02, -0.02
20/07/2026 19:26:28, -15826434, -47987199, 8, 1.53, 0.33, S, 38.4, 26.1, -0.03, -0.18, 11.13, -0.08, -0.02, -0.02
20/07/2026 19:26:51, -15826397, -47987200, 8, 0.96, 2.72, S, 38.3, 26.1, -0.03, -0.20, 11.13, -0.08, -0.02, -0.01
20/07/2026 19:27:21, -15826379, -47987198, 7, 1.18, 1.04, S, 38.3, 26.1, -0.02, -0.18, 11.14, -0.08, -0.02, -0.01
20/07/2026 19:27:52, -15826383, -47987184, 8, 1.19, 0.80, S, 38.4, 26.2, -0.01, -0.18, 11.15, -0.09, -0.02, -0.02
20/07/2026 19:28:23, -15826383, -47987175, 7, 1.66, 0.17, S, 38.3, 26.2, -0.02, -0.17, 11.15, -0.08, -0.02, -0.02
20/07/2026 19:28:53, -15826364, -47987182, 8, 1.53, 0.24, S, 38.3, 26.2, -0.01, -0.18, 11.14, -0.09, -0.02, -0.02
20/07/2026 19:29:24, -15826386, -47987158, 7, 1.53, 0.48, S, 38.3, 26.1, -0.02, -0.18, 11.14, -0.08, -0.02, -0.02
20/07/2026 19:29:55, -15826313, -47987172, 8, 1.19, 0.09, S, 38.4, 26.2, -0.04, -0.19, 11.13, -0.08, -0.02, -0.01
20/07/2026 19:30:26, -15826322, -47987177, 8, 0.96, 0.44, S, 38.3, 26.2, -0.04, -0.19, 11.13, -0.08, -0.02, -0.01
20/07/2026 19:30:56, -15826343, -47987173, 7, 1.53, 0.50, S, 38.3, 26.2, -0.03, -0.19, 11.15, -0.08, -0.02, -0.01
20/07/2026 19:31:12, -15826360, -47987172, 7, 1.53, 2.67, S, 38.4, 26.2, -0.02, -0.18, 11.14, -0.08, -0.02, -0.01
20/07/2026 19:31:43, -15826349, -47987157, 7, 1.53, 0.70, S, 38.3, 26.1, -0.03, -0.19, 11.14, -0.08, -0.02, -0.01
20/07/2026 19:32:14, -15826307, -47987155, 8, 1.52, 0.35, S, 38.4, 26.2, -0.04, -0.18, 11.15, -0.08, -0.02, -0.01
20/07/2026 19:32:44, -15826310, -47987175, 8, 1.52, 0.65, S, 38.4, 26.2, -0.03, -0.19, 11.14, -0.08, -0.02, -0.01
20/07/2026 19:33:15, -15826370, -47987211, 8, 0.97, 0.19, S, 38.6, 26.2, -0.04, -0.19, 11.14, -0.08, -0.02, -0.02
20/07/2026 19:33:46, -15826411, -47987249, 8, 0.97, 2.04, S, 38.6, 26.2, -0.03, -0.19, 11.13, -0.08, -0.02, -0.01
20/07/2026 19:34:03, -15826425, -47987249, 8, 0.97, 3.26, S, 38.6, 26.2, -0.02, -0.19, 11.14, -0.08, -0.02, -0.02
20/07/2026 19:34:24, -15826422, -47987252, 8, 0.97, 2.24, S, 38.6, 26.2, -0.03, -0.19, 11.14, -0.08, -0.02, -0.01
20/07/2026 19:34:55, -15826396, -47987231, 8, 0.97, 2.46, S, 38.6, 26.2, -0.01, -0.19, 11.13, -0.08, -0.02, -0.02
20/07/2026 19:35:25, -15826389, -47987220, 7, 1.51, 0.46, S, 38.5, 26.2, -0.03, -0.20, 11.15, -0.08, -0.02, -0.01
20/07/2026 19:35:56, -15826457, -47987215, 8, 1.51, 0.81, S, 38.5, 26.2, -0.04, -0.20, 11.13, -0.08, -0.02, -0.01
20/07/2026 19:36:27, -15826422, -47987195, 8, 0.97, 0.13, S, 38.6, 26.2, -0.03, -0.20, 11.14, -0.08, -0.02, -0.01
20/07/2026 19:36:57, -15826407, -47987165, 8, 0.97, 0.20, S, 38.5, 26.2, -0.03, -0.19, 11.16, -0.08, -0.02, -0.02
20/07/2026 19:37:19, -15826420, -47987173, 7, 1.09, 2.72, S, 38.5, 26.2, -0.03, -0.19, 11.14, -0.08, -0.02, -0.01
20/07/2026 19:37:49, -15826430, -47987181, 8, 0.97, 1.61, S, 38.3, 26.2, -0.03, -0.20, 11.14, -0.08, -0.02, -0.01
20/07/2026 19:38:17, -15826503, -47987238, 8, 0.98, 3.61, S, 38.3, 26.2, -0.02, -0.20, 11.14, -0.08, -0.02, -0.01
20/07/2026 19:38:48, -15826467, -47987215, 8, 0.98, 0.17, S, 38.4, 26.2, -0.03, -0.20, 11.15, -0.08, -0.02, -0.01
20/07/2026 19:38:58, -15826478, -47987209, 8, 0.98, 2.26, S, 38.5, 26.2, -0.04, -0.20, 11.14, -0.08, -0.02, -0.02
20/07/2026 19:39:29, -15826479, -47987222, 7, 1.22, 0.63, SSW, 38.7, 26.2, -0.00, -0.18, 11.11, -0.09, -0.02, -0.01
20/07/2026 19:39:59, -15826464, -47987219, 8, 1.17, 1.43, SSW, 38.8, 26.1, 0.00, -0.17, 11.14, -0.09, -0.02, -0.02
20/07/2026 19:40:30, -15826445, -47987220, 9, 0.91, 0.11, SSW, 38.9, 26.2, -0.03, -0.18, 11.15, -0.08, -0.02, -0.01
20/07/2026 19:41:01, -15826420, -47987172, 9, 0.91, 0.09, SSW, 38.7, 26.2, -0.03, -0.18, 11.14, -0.08, -0.02, -0.01
20/07/2026 19:41:32, -15826422, -47987171, 9, 0.91, 0.17, SSW, 38.8, 26.2, -0.03, -0.18, 11.14, -0.08, -0.02, -0.01
20/07/2026 19:42:02, -15826407, -47987176, 9, 0.91, 0.33, SSW, 38.8, 26.2, -0.01, -0.18, 11.15, -0.08, -0.02, -0.02
20/07/2026 19:42:33, -15826406, -47987173, 9, 0.92, 0.15, SSW, 38.9, 26.2, -0.02, -0.17, 11.15, -0.08, -0.02, -0.01
20/07/2026 19:43:04, -15826413, -47987170, 9, 0.92, 0.06, SSW, 38.9, 26.2, -0.02, -0.17, 11.15, -0.09, -0.01, -0.02
20/07/2026 19:43:35, -15826408, -47987171, 9, 0.92, 0.13, SSW, 38.9, 26.2, -0.02, -0.19, 11.14, -0.08, -0.02, -0.01
20/07/2026 19:44:05, -15826398, -47987182, 9, 0.92, 0.91, SSW, 39.0, 26.2, -0.02, -0.20, 11.14, -0.08, -0.02, -0.02
# BOOT bootCount=1 reset_reason=1
# BOOT bootCount=1 reset_reason=1
20/07/2026 20:22:55, -15826298, -47987122, 9, 0.93, 13.87, NW, 37.3, 26.1, 2.09, 1.37, 10.54, 0.34, 0.09, 1.09
20/07/2026 20:23:25, -15826212, -47987092, 9, 0.91, 0.09, NE, 35.2, 26.1, 1.33, -1.69, 10.97, -0.08, -0.02, -0.01
20/07/2026 20:23:56, -15826219, -47987173, 9, 1.02, 0.83, NE, 35.0, 26.0, 1.27, -1.55, 11.00, -0.08, -0.02, -0.01
20/07/2026 20:24:27, -15826203, -47987215, 7, 1.09, 0.33, NE, 34.9, 26.0, 1.24, -1.47, 11.02, -0.08, -0.02, -0.01
20/07/2026 20:24:57, -15826173, -47987215, 9, 1.02, 0.19, NE, 34.6, 26.0, 1.21, -1.41, 11.03, -0.08, -0.02, -0.01
20/07/2026 20:25:28, -15826218, -47987214, 9, 1.02, 0.15, NE, 34.1, 25.9, 1.18, -1.37, 11.04, -0.08, -0.02, -0.01
20/07/2026 20:25:59, -15826292, -47987205, 9, 1.01, 0.04, NE, 34.1, 25.8, 1.19, -1.33, 11.04, -0.08, -0.02, -0.01
20/07/2026 20:26:30, -15826350, -47987123, 10, 0.93, 0.70, NE, 34.1, 25.8, 1.19, -1.31, 11.04, -0.08, -0.02, -0.01
20/07/2026 20:27:00, -15826326, -47987137, 10, 0.91, 0.31, NE, 34.2, 25.7, 1.18, -1.28, 11.05, -0.08, -0.02, -0.01
20/07/2026 20:27:31, -15826299, -47987143, 10, 0.91, 0.19, NE, 34.3, 25.6, 1.16, -1.24, 11.05, -0.08, -0.02, -0.01
20/07/2026 20:28:02, -15826298, -47987157, 10, 0.91, 0.28, NE, 34.6, 25.6, 1.17, -1.21, 11.05, -0.08, -0.02, -0.01
20/07/2026 20:28:32, -15826304, -47987159, 10, 0.91, 0.19, NE, 34.8, 25.5, 1.16, -1.17, 11.05, -0.08, -0.02, -0.01
20/07/2026 20:29:03, -15826282, -47987169, 10, 0.91, 0.06, NE, 35.0, 25.4, 1.16, -1.15, 11.06, -0.08, -0.02, -0.01
20/07/2026 20:29:34, -15826286, -47987160, 10, 0.91, 0.07, NE, 35.1, 25.4, 1.16, -1.13, 11.06, -0.08, -0.02, -0.01
20/07/2026 20:30:05, -15826308, -47987166, 10, 0.91, 0.15, NE, 35.1, 25.3, 1.15, -1.12, 11.05, -0.08, -0.02, -0.01
20/07/2026 20:30:35, -15826291, -47987179, 10, 0.91, 0.07, NE, 35.2, 25.3, 1.15, -1.10, 11.06, -0.08, -0.02, -0.01
20/07/2026 20:30:46, -15826275, -47987183, 10, 0.91, 2.30, NE, 35.2, 25.2, 1.15, -1.09, 11.06, -0.08, -0.02, -0.01
20/07/2026 20:31:17, -15826317, -47987155, 10, 0.92, 0.19, NE, 35.4, 25.2, 1.15, -1.09, 11.07, -0.08, -0.02, -0.01
20/07/2026 20:31:47, -15826324, -47987191, 10, 0.92, 0.31, NE, 35.5, 25.0, 1.15, -1.06, 11.06, -0.08, -0.02, -0.01
20/07/2026 20:32:18, -15826291, -47987187, 10, 0.94, 0.35, NE, 35.7, 25.0, 1.14, -1.05, 11.08, -0.08, -0.02, -0.01
20/07/2026 20:32:49, -15826303, -47987157, 9, 0.94, 1.78, NE, 35.8, 24.9, 1.14, -1.03, 11.06, -0.08, -0.02, -0.01
20/07/2026 20:33:19, -15826294, -47987113, 10, 0.94, 0.09, NE, 36.0, 24.9, 1.13, -1.02, 11.06, -0.08, -0.02, -0.01
20/07/2026 20:33:50, -15826323, -47987138, 8, 1.06, 0.31, NE, 36.1, 24.8, 1.14, -1.02, 11.06, -0.08, -0.02, -0.01
20/07/2026 20:34:21, -15826321, -47987127, 9, 0.94, 0.11, NE, 36.3, 24.8, 1.12, -1.00, 11.08, -0.08, -0.02, -0.01
20/07/2026 20:34:52, -15826314, -47987137, 9, 0.94, 0.07, NE, 36.4, 24.7, 1.14, -0.99, 11.07, -0.08, -0.02, -0.01
20/07/2026 20:35:22, -15826363, -47987121, 9, 0.94, 0.24, NE, 36.6, 24.7, 1.12, -0.99, 11.06, -0.08, -0.02, -0.01
20/07/2026 20:35:53, -15826340, -47987146, 9, 0.95, 0.13, NE, 36.6, 24.6, 1.12, -0.97, 11.07, -0.08, -0.02, -0.01
20/07/2026 20:36:24, -15826331, -47987131, 9, 0.95, 0.06, NE, 36.6, 24.6, 1.12, -0.96, 11.07, -0.08, -0.02, -0.01
20/07/2026 20:36:54, -15826330, -47987123, 9, 0.95, 0.13, NE, 36.7, 24.6, 1.12, -0.96, 11.08, -0.08, -0.02, -0.01
20/07/2026 20:37:25, -15826314, -47987133, 9, 0.91, 0.07, NE, 36.8, 24.5, 1.12, -0.95, 11.08, -0.08, -0.02, -0.01
20/07/2026 20:37:56, -15826299, -47987107, 9, 0.91, 0.30, NE, 36.9, 24.5, 1.10, -0.94, 11.08, -0.08, -0.02, -0.01
20/07/2026 20:38:27, -15826309, -47987101, 9, 0.91, 0.15, NE, 36.9, 24.5, 1.11, -0.93, 11.08, -0.08, -0.02, -0.01
20/07/2026 20:38:57, -15826326, -47987102, 9, 0.91, 0.28, NE, 37.0, 24.5, 1.12, -0.91, 11.09, -0.08, -0.02, -0.01
20/07/2026 20:39:28, -15826350, -47987112, 9, 0.91, 0.22, NE, 37.0, 24.4, 1.11, -0.91, 11.08, -0.08, -0.02, -0.01
20/07/2026 20:39:59, -15826338, -47987114, 8, 0.95, 0.15, NE, 37.0, 24.4, 1.12, -0.90, 11.10, -0.08, -0.02, -0.01
20/07/2026 20:40:30, -15826315, -47987119, 8, 0.92, 0.28, NE, 37.1, 24.4, 1.12, -0.89, 11.09, -0.08, -0.02, -0.01
20/07/2026 20:41:00, -15826335, -47987099, 8, 0.92, 0.06, NE, 37.1, 24.4, 1.11, -0.88, 11.09, -0.08, -0.02, -0.01
20/07/2026 20:41:31, -15826327, -47987100, 8, 0.96, 0.57, NE, 37.2, 24.4, 1.11, -0.87, 11.09, -0.08, -0.02, -0.01
20/07/2026 20:42:02, -15826311, -47987091, 7, 1.03, 0.19, ENE, 37.2, 24.4, 1.11, -0.86, 11.08, -0.08, -0.02, -0.01
20/07/2026 20:42:32, -15826303, -47987087, 9, 0.92, 0.50, ENE, 37.3, 24.4, 1.10, -0.86, 11.07, -0.08, -0.02, -0.01
20/07/2026 20:43:03, -15826286, -47987111, 9, 0.97, 0.19, ENE, 37.3, 24.3, 1.10, -0.85, 11.09, -0.08, -0.02, -0.01
20/07/2026 20:43:34, -15826267, -47987099, 9, 0.92, 0.09, ENE, 37.3, 24.3, 1.10, -0.84, 11.08, -0.08, -0.02, -0.01
20/07/2026 20:44:05, -15826272, -47987123, 9, 0.92, 0.17, ENE, 37.4, 24.3, 1.10, -0.84, 11.06, -0.08, -0.02, -0.01
20/07/2026 20:44:35, -15826297, -47987133, 9, 0.92, 0.22, ENE, 37.5, 24.3, 1.11, -0.84, 11.08, -0.08, -0.02, -0.01
20/07/2026 20:45:06, -15826268, -47987148, 9, 0.92, 0.09, ENE, 37.6, 24.3, 1.09, -0.82, 11.08, -0.08, -0.02, -0.01
20/07/2026 20:45:37, -15826234, -47987132, 9, 0.92, 0.67, ENE, 37.6, 24.3, 1.09, -0.82, 11.08, -0.08, -0.02, -0.01
20/07/2026 20:46:07, -15826223, -47987110, 8, 1.07, 0.22, ENE, 37.4, 24.2, 1.10, -0.81, 11.08, -0.08, -0.02, -0.01
20/07/2026 20:46:38, -15826278, -47987122, 8, 0.93, 0.31, ENE, 37.5, 24.2, 1.09, -0.80, 11.06, -0.08, -0.02, -0.01
20/07/2026 20:47:09, -15826295, -47987133, 9, 0.93, 0.37, ENE, 37.7, 24.2, 1.10, -0.79, 11.07, -0.08, -0.02, -0.01
20/07/2026 20:47:40, -15826256, -47987129, 9, 0.93, 0.43, ENE, 37.7, 24.2, 1.09, -0.78, 11.09, -0.08, -0.02, -0.01
20/07/2026 20:48:10, -15826262, -47987123, 9, 0.93, 0.61, ENE, 37.6, 24.2, 1.10, -0.77, 11.09, -0.08, -0.02, -0.01
20/07/2026 20:48:41, -15826226, -47987104, 9, 0.93, 0.09, ENE, 37.7, 24.2, 1.09, -0.78, 11.09, -0.08, -0.02, -0.01
20/07/2026 20:49:12, -15826239, -47987071, 8, 1.07, 0.19, ENE, 38.0, 24.2, 1.10, -0.77, 11.09, -0.08, -0.02, -0.01
20/07/2026 20:49:43, -15826283, -47987024, 9, 0.93, 0.33, ENE, 38.0, 24.2, 1.10, -0.77, 11.08, -0.08, -0.02, -0.01
20/07/2026 20:50:13, -15826277, -47987078, 9, 0.94, 0.19, ENE, 38.1, 24.1, 1.09, -0.75, 11.09, -0.08, -0.02, -0.01
20/07/2026 20:50:44, -15826281, -47987086, 9, 0.94, 0.83, ENE, 38.2, 24.1, 1.09, -0.74, 11.09, -0.08, -0.02, -0.01
20/07/2026 20:51:15, -15826330, -47987085, 9, 0.94, 0.35, ENE, 38.2, 24.1, 1.11, -0.74, 11.08, -0.08, -0.02, -0.01
20/07/2026 20:51:45, -15826318, -47987104, 9, 0.94, 0.33, ENE, 38.3, 24.1, 1.10, -0.74, 11.10, -0.08, -0.02, -0.01
20/07/2026 20:52:16, -15826312, -47987111, 9, 0.94, 0.22, ENE, 38.5, 24.1, 1.09, -0.73, 11.09, -0.08, -0.02, -0.01
20/07/2026 20:52:47, -15826316, -47987149, 9, 0.94, 1.20, ENE, 38.6, 24.1, 1.10, -0.72, 11.08, -0.08, -0.02, -0.01
20/07/2026 20:53:18, -15826348, -47987091, 9, 1.05, 0.33, ENE, 38.6, 24.1, 1.09, -0.71, 11.10, -0.08, -0.02, -0.01
20/07/2026 20:53:33, -15826344, -47987076, 9, 0.94, 3.48, E, 38.6, 24.0, 1.09, -0.72, 11.08, -0.08, -0.02, -0.01
20/07/2026 20:54:04, -15826307, -47987081, 9, 0.94, 0.30, E, 38.8, 24.1, 1.10, -0.71, 11.09, -0.08, -0.02, -0.01
20/07/2026 20:54:35, -15826278, -47987082, 9, 0.95, 0.07, E, 38.8, 24.1, 1.10, -0.70, 11.10, -0.08, -0.02, -0.01
20/07/2026 20:55:06, -15826281, -47987105, 8, 1.07, 0.02, E, 38.8, 24.0, 1.10, -0.70, 11.10, -0.08, -0.02, -0.01
20/07/2026 20:55:36, -15826274, -47987140, 8, 1.26, 0.85, E, 38.9, 24.0, 1.10, -0.69, 11.09, -0.08, -0.02, -0.01
20/07/2026 20:56:07, -15826268, -47987159, 9, 0.95, 0.46, E, 39.1, 24.0, 1.10, -0.70, 11.08, -0.08, -0.02, -0.01
20/07/2026 20:56:38, -15826287, -47987124, 8, 1.06, 0.17, E, 39.1, 24.0, 1.09, -0.69, 11.10, -0.08, -0.02, -0.01
20/07/2026 20:57:08, -15826261, -47987141, 9, 1.02, 0.37, E, 39.1, 24.0, 1.09, -0.68, 11.09, -0.08, -0.02, -0.01
20/07/2026 20:57:39, -15826276, -47987175, 9, 0.95, 0.81, E, 39.3, 23.9, 1.09, -0.67, 11.09, -0.08, -0.02, -0.01
20/07/2026 20:58:10, -15826302, -47987154, 9, 0.95, 0.37, E, 39.6, 23.9, 1.09, -0.67, 11.10, -0.08, -0.02, -0.01
20/07/2026 20:58:41, -15826290, -47987135, 9, 0.96, 0.07, E, 39.6, 23.9, 1.09, -0.66, 11.09, -0.08, -0.02, -0.01
20/07/2026 20:59:11, -15826289, -47987122, 9, 0.96, 0.09, E, 39.7, 23.9, 1.10, -0.66, 11.09, -0.08, -0.02, -0.01
20/07/2026 20:59:42, -15826298, -47987135, 8, 1.06, 1.22, E, 39.8, 23.9, 1.10, -0.66, 11.11, -0.08, -0.02, -0.01
20/07/2026 21:00:13, -15826314, -47987132, 9, 1.06, 0.61, E, 39.8, 23.9, 1.10, -0.65, 11.09, -0.08, -0.02, -0.01
20/07/2026 21:00:43, -15826301, -47987052, 9, 0.96, 0.15, E, 39.8, 23.9, 1.09, -0.64, 11.10, -0.08, -0.02, -0.01
20/07/2026 21:01:14, -15826319, -47987094, 7, 1.25, 0.20, E, 39.9, 23.9, 1.10, -0.65, 11.08, -0.08, -0.02, -0.01
20/07/2026 21:01:45, -15826296, -47987029, 8, 1.03, 0.19, ENE, 39.9, 23.9, 1.10, -0.65, 11.09, -0.08, -0.02, -0.01
20/07/2026 21:02:16, -15826287, -47987072, 7, 1.33, 1.22, ENE, 39.9, 23.8, 1.08, -0.64, 11.08, -0.08, -0.02, -0.01
20/07/2026 21:02:46, -15826272, -47987114, 9, 1.04, 0.52, ENE, 40.0, 23.8, 1.10, -0.63, 11.10, -0.08, -0.02, -0.01
20/07/2026 21:03:17, -15826275, -47987161, 9, 1.00, 0.17, ENE, 40.0, 23.8, 1.10, -0.63, 11.05, -0.08, -0.02, -0.01
20/07/2026 21:03:48, -15826283, -47987153, 9, 0.79, 0.48, ENE, 40.1, 23.8, 1.09, -0.62, 11.08, -0.08, -0.02, -0.01
20/07/2026 21:04:19, -15826298, -47987133, 9, 0.79, 0.37, ENE, 40.0, 23.8, 1.10, -0.63, 11.10, -0.08, -0.02, -0.01
20/07/2026 21:04:49, -15826289, -47987129, 10, 0.79, 0.50, ENE, 40.2, 23.8, 1.11, -0.62, 11.10, -0.08, -0.02, -0.01
20/07/2026 21:05:20, -15826291, -47987111, 10, 0.78, 0.46, ENE, 40.1, 23.8, 1.09, -0.62, 11.10, -0.08, -0.02, -0.01
20/07/2026 21:05:51, -15826301, -47987120, 10, 0.78, 0.19, ENE, 40.1, 23.8, 1.09, -0.61, 11.09, -0.08, -0.02, -0.01
20/07/2026 21:06:22, -15826317, -47987147, 9, 0.85, 0.04, ENE, 40.2, 23.7, 1.10, -0.61, 11.09, -0.08, -0.02, -0.01
20/07/2026 21:06:52, -15826318, -47987160, 10, 0.78, 0.15, ENE, 40.1, 23.7, 1.09, -0.61, 11.09, -0.08, -0.02, -0.01
20/07/2026 21:07:23, -15826306, -47987180, 8, 0.86, 0.24, ENE, 40.1, 23.7, 1.09, -0.60, 11.11, -0.08, -0.02, -0.01
20/07/2026 21:07:54, -15826310, -47987178, 9, 0.86, 0.15, ENE, 40.2, 23.7, 1.09, -0.61, 11.10, -0.08, -0.02, -0.01
20/07/2026 21:08:24, -15826319, -47987134, 9, 0.79, 0.20, ENE, 40.2, 23.7, 1.10, -0.61, 11.10, -0.08, -0.02, -0.01
20/07/2026 21:08:55, -15826286, -47987094, 10, 0.78, 0.11, ENE, 40.3, 23.7, 1.11, -0.60, 11.07, -0.08, -0.02, -0.01
20/07/2026 21:09:26, -15826295, -47987078, 8, 0.86, 0.26, ENE, 40.3, 23.7, 1.10, -0.60, 11.10, -0.08, -0.02, -0.01
20/07/2026 21:09:56, -15826333, -47987067, 10, 0.79, 0.17, ENE, 40.4, 23.7, 1.06, -0.57, 11.15, -0.08, -0.02, -0.01
20/07/2026 21:10:27, -15826309, -47987087, 9, 0.86, 0.94, ENE, 40.3, 23.7, 1.10, -0.60, 11.09, -0.08, -0.02, -0.01
20/07/2026 21:10:58, -15826305, -47987077, 8, 1.01, 0.26, ENE, 40.3, 23.6, 1.11, -0.59, 11.10, -0.08, -0.02, -0.01
20/07/2026 21:11:29, -15826319, -47987123, 9, 0.86, 0.13, ENE, 40.4, 23.6, 1.12, -0.54, 11.10, -0.08, -0.02, -0.01
20/07/2026 21:11:59, -15826314, -47987139, 9, 0.86, 0.54, ENE, 40.4, 23.6, 1.12, -0.54, 11.10, -0.08, -0.02, -0.01
20/07/2026 21:12:30, -15826297, -47987106, 10, 0.79, 0.11, ENE, 40.5, 23.6, 1.11, -0.54, 11.10, -0.08, -0.02, -0.01
20/07/2026 21:13:01, -15826307, -47987101, 10, 0.79, 0.54, ENE, 40.6, 23.6, 1.12, -0.53, 11.10, -0.08, -0.02, -0.01
20/07/2026 21:13:31, -15826311, -47987127, 10, 0.79, 0.30, ENE, 40.6, 23.6, 1.11, -0.53, 11.09, -0.08, -0.02, -0.01
20/07/2026 21:14:02, -15826331, -47987153, 10, 0.86, 0.07, ENE, 40.7, 23.5, 1.12, -0.53, 11.10, -0.08, -0.02, -0.01
20/07/2026 21:14:33, -15826339, -47987093, 10, 0.79, 0.15, ENE, 40.6, 23.5, 1.13, -0.53, 11.10, -0.08, -0.02, -0.01
20/07/2026 21:15:04, -15826317, -47987115, 10, 0.86, 0.07, ENE, 40.6, 23.5, 1.11, -0.52, 11.08, -0.08, -0.02, -0.01
20/07/2026 21:15:34, -15826311, -47987113, 10, 0.79, 0.22, ENE, 40.7, 23.5, 1.12, -0.53, 11.10, -0.08, -0.02, -0.01
20/07/2026 21:16:05, -15826335, -47987139, 10, 0.79, 0.39, ENE, 40.7, 23.5, 1.12, -0.52, 11.09, -0.08, -0.02, -0.01
20/07/2026 21:16:36, -15826339, -47987132, 10, 0.79, 0.17, ENE, 40.8, 23.5, 1.11, -0.53, 11.10, -0.08, -0.02, -0.01
20/07/2026 21:17:06, -15826322, -47987124, 10, 0.89, 0.33, ENE, 40.7, 23.4, 1.11, -0.52, 11.11, -0.08, -0.02, -0.01
20/07/2026 21:17:37, -15826345, -47987129, 9, 0.90, 0.46, ENE, 40.7, 23.4, 1.11, -0.52, 11.10, -0.08, -0.02, -0.01
20/07/2026 21:18:08, -15826307, -47987139, 10, 0.86, 0.15, ENE, 40.7, 23.4, 1.12, -0.52, 11.09, -0.08, -0.02, -0.01
20/07/2026 21:18:39, -15826295, -47987139, 10, 0.79, 0.22, ENE, 40.7, 23.4, 1.13, -0.52, 11.10, -0.08, -0.02, -0.01
20/07/2026 21:19:09, -15826308, -47987125, 10, 0.79, 0.02, ENE, 40.8, 23.4, 1.12, -0.52, 11.09, -0.08, -0.02, -0.01
20/07/2026 21:19:40, -15826325, -47987122, 10, 0.87, 0.31, ENE, 40.8, 23.4, 1.12, -0.51, 11.11, -0.08, -0.02, -0.01
20/07/2026 21:20:11, -15826318, -47987104, 10, 0.79, 0.04, ENE, 40.9, 23.4, 1.11, -0.52, 11.11, -0.08, -0.02, -0.01
20/07/2026 21:20:41, -15826290, -47987102, 10, 0.79, 0.02, ENE, 40.8, 23.3, 1.11, -0.51, 11.10, -0.08, -0.02, -0.01
20/07/2026 21:21:12, -15826278, -47987115, 10, 0.79, 0.19, ENE, 40.9, 23.3, 1.11, -0.52, 11.09, -0.08, -0.02, -0.01
20/07/2026 21:21:43, -15826303, -47987114, 9, 0.87, 0.93, ENE, 40.9, 23.3, 1.11, -0.52, 11.09, -0.08, -0.02, -0.01
20/07/2026 21:22:13, -15826315, -47987125, 10, 0.79, 0.13, ENE, 41.0, 23.3, 1.11, -0.51, 11.10, -0.08, -0.02, -0.01
20/07/2026 21:22:44, -15826314, -47987119, 10, 0.80, 0.19, ENE, 41.0, 23.3, 1.11, -0.51, 11.10, -0.08, -0.02, -0.01
20/07/2026 21:23:15, -15826303, -47987085, 10, 0.80, 0.22, ENE, 41.0, 23.3, 1.11, -0.51, 11.11, -0.08, -0.02, -0.01
20/07/2026 21:23:46, -15826302, -47987097, 10, 0.80, 0.39, ENE, 41.0, 23.3, 1.11, -0.51, 11.10, -0.08, -0.02, -0.01
20/07/2026 21:24:16, -15826338, -47987130, 10, 0.80, 0.24, ENE, 41.0, 23.3, 1.11, -0.51, 11.10, -0.08, -0.02, -0.01
20/07/2026 21:24:47, -15826333, -47987120, 10, 0.80, 0.17, ENE, 41.0, 23.3, 1.11, -0.50, 11.10, -0.08, -0.02, -0.01
20/07/2026 21:25:18, -15826303, -47987102, 10, 0.80, 0.11, ENE, 40.9, 23.2, 1.11, -0.51, 11.09, -0.08, -0.02, -0.01
20/07/2026 21:25:48, -15826290, -47987090, 10, 0.80, 0.04, ENE, 41.0, 23.3, 1.11, -0.52, 11.10, -0.08, -0.02, -0.01
20/07/2026 21:26:19, -15826316, -47987112, 10, 0.80, 0.22, ENE, 41.1, 23.3, 1.12, -0.50, 11.10, -0.08, -0.02, -0.01
20/07/2026 21:26:50, -15826326, -47987122, 10, 0.80, 0.09, ENE, 41.1, 23.2, 1.10, -0.51, 11.12, -0.08, -0.02, -0.01
20/07/2026 21:27:21, -15826321, -47987132, 9, 0.88, 0.00, ENE, 41.2, 23.2, 1.11, -0.50, 11.11, -0.08, -0.02, -0.01
20/07/2026 21:27:51, -15826319, -47987135, 10, 0.88, 0.06, ENE, 41.2, 23.2, 1.10, -0.50, 11.10, -0.08, -0.02, -0.01
20/07/2026 21:28:22, -15826332, -47987136, 10, 0.80, 0.07, ENE, 41.3, 23.2, 1.12, -0.51, 11.10, -0.08, -0.02, -0.01
20/07/2026 21:28:53, -15826328, -47987131, 10, 0.80, 0.02, ENE, 41.3, 23.2, 1.11, -0.50, 11.11, -0.08, -0.02, -0.01
20/07/2026 21:29:23, -15826317, -47987125, 10, 0.80, 0.44, ENE, 41.3, 23.1, 1.10, -0.49, 11.10, -0.08, -0.02, -0.01
20/07/2026 21:29:54, -15826353, -47987111, 10, 0.80, 0.43, ENE, 41.3, 23.1, 1.11, -0.49, 11.10, -0.08, -0.02, -0.01
20/07/2026 21:30:25, -15826343, -47987114, 10, 0.80, 0.20, ENE, 41.4, 23.2, 1.11, -0.50, 11.10, -0.08, -0.02, -0.01
20/07/2026 21:30:56, -15826323, -47987116, 10, 0.81, 0.31, ENE, 41.4, 23.1, 1.12, -0.49, 11.10, -0.08, -0.02, -0.01
20/07/2026 21:31:26, -15826306, -47987116, 10, 0.88, 0.52, ENE, 41.5, 23.1, 1.11, -0.50, 11.12, -0.08, -0.02, -0.01
20/07/2026 21:31:57, -15826314, -47987114, 10, 0.88, 0.20, ENE, 41.4, 23.1, 1.10, -0.48, 11.10, -0.08, -0.02, -0.01
20/07/2026 21:32:28, -15826358, -47987117, 10, 0.81, 0.15, ENE, 41.5, 23.1, 1.11, -0.50, 11.12, -0.08, -0.02, -0.01
20/07/2026 21:32:58, -15826365, -47987125, 10, 0.84, 0.07, ENE, 41.5, 23.1, 1.12, -0.50, 11.10, -0.08, -0.02, -0.01
20/07/2026 21:33:29, -15826348, -47987120, 11, 0.84, 0.33, ENE, 41.5, 23.1, 1.11, -0.50, 11.10, -0.08, -0.02, -0.01
20/07/2026 21:34:00, -15826333, -47987127, 11, 0.84, 0.11, ENE, 41.5, 23.1, 1.10, -0.49, 11.12, -0.08, -0.02, -0.01
20/07/2026 21:34:31, -15826329, -47987107, 10, 0.84, 0.11, ENE, 41.5, 23.1, 1.11, -0.49, 11.11, -0.08, -0.02, -0.01
20/07/2026 21:35:01, -15826328, -47987106, 10, 0.84, 0.15, ENE, 41.5, 23.0, 1.10, -0.49, 11.09, -0.08, -0.02, -0.01
20/07/2026 21:35:32, -15826322, -47987103, 10, 0.84, 0.15, ENE, 41.5, 23.0, 1.10, -0.49, 11.11, -0.08, -0.02, -0.01
20/07/2026 21:36:03, -15826315, -47987103, 10, 0.84, 0.26, ENE, 41.7, 23.1, 1.10, -0.50, 11.10, -0.08, -0.02, -0.01
20/07/2026 21:36:33, -15826330, -47987086, 10, 0.84, 0.24, ENE, 41.5, 23.0, 1.11, -0.49, 11.11, -0.08, -0.02, -0.01
20/07/2026 21:37:04, -15826328, -47987083, 10, 0.82, 0.26, ENE, 41.6, 23.0, 1.12, -0.49, 11.10, -0.08, -0.02, -0.01
20/07/2026 21:37:35, -15826313, -47987100, 10, 0.82, 0.22, ENE, 41.6, 23.0, 1.10, -0.49, 11.10, -0.08, -0.02, -0.01
20/07/2026 21:38:05, -15826333, -47987114, 10, 0.82, 0.07, ENE, 41.6, 23.0, 1.10, -0.48, 11.10, -0.08, -0.02, -0.01
20/07/2026 21:38:36, -15826367, -47987123, 10, 0.82, 0.06, ENE, 41.7, 23.0, 1.10, -0.48, 11.10, -0.08, -0.02, -0.01
20/07/2026 21:39:07, -15826332, -47987114, 10, 0.82, 0.57, ENE, 41.7, 23.0, 1.09, -0.49, 11.10, -0.08, -0.02, -0.01
20/07/2026 21:39:38, -15826298, -47987102, 10, 0.82, 0.33, ENE, 41.7, 23.0, 1.10, -0.49, 11.10, -0.08, -0.02, -0.01
20/07/2026 21:40:08, -15826316, -47987128, 10, 0.82, 0.26, ENE, 41.7, 23.0, 1.11, -0.49, 11.11, -0.08, -0.02, -0.01
20/07/2026 21:40:39, -15826335, -47987149, 10, 1.02, 0.50, ENE, 41.7, 23.0, 1.10, -0.49, 11.11, -0.08, -0.02, -0.01
20/07/2026 21:41:10, -15826354, -47987151, 10, 0.83, 0.37, ENE, 41.8, 23.0, 1.10, -0.48, 11.12, -0.08, -0.02, -0.01
20/07/2026 21:41:41, -15826341, -47987126, 10, 0.83, 0.11, ENE, 41.8, 23.0, 1.10, -0.48, 11.10, -0.08, -0.02, -0.01
20/07/2026 21:42:11, -15826329, -47987120, 10, 0.83, 0.24, ENE, 41.9, 23.0, 1.10, -0.48, 11.11, -0.08, -0.02, -0.01
20/07/2026 21:42:42, -15826340, -47987142, 10, 0.83, 0.04, ENE, 41.9, 23.0, 1.10, -0.48, 11.10, -0.08, -0.02, -0.01
20/07/2026 21:43:13, -15826351, -47987127, 10, 0.83, 0.20, ENE, 41.9, 23.0, 1.10, -0.48, 11.10, -0.08, -0.02, -0.01
20/07/2026 21:43:43, -15826338, -47987118, 10, 0.83, 0.13, ENE, 42.0, 23.0, 1.11, -0.48, 11.09, -0.08, -0.02, -0.01
20/07/2026 21:44:14, -15826317, -47987120, 10, 0.83, 0.24, ENE, 42.0, 22.9, 1.11, -0.48, 11.10, -0.08, -0.02, -0.01
20/07/2026 21:44:45, -15826346, -47987125, 10, 0.83, 0.17, ENE, 41.9, 23.0, 1.11, -0.48, 11.10, -0.08, -0.02, -0.01
20/07/2026 21:45:15, -15826341, -47987124, 10, 0.83, 0.28, ENE, 41.9, 23.0, 1.10, -0.48, 11.10, -0.08, -0.02, -0.01
20/07/2026 21:45:46, -15826318, -47987126, 10, 0.83, 0.28, ENE, 41.9, 22.9, 1.10, -0.48, 11.09, -0.08, -0.02, -0.01
20/07/2026 21:46:17, -15826299, -47987107, 10, 0.83, 0.06, ENE, 41.8, 22.9, 1.12, -0.49, 11.11, -0.08, -0.02, -0.01
20/07/2026 21:46:48, -15826294, -47987115, 10, 0.83, 0.24, ENE, 41.8, 22.9, 1.11, -0.47, 11.10, -0.08, -0.02, -0.01
20/07/2026 21:47:18, -15826278, -47987125, 10, 0.83, 0.17, ENE, 41.9, 22.9, 1.10, -0.48, 11.09, -0.08, -0.02, -0.01
20/07/2026 21:47:49, -15826279, -47987128, 10, 0.90, 0.24, ENE, 42.0, 22.9, 1.10, -0.48, 11.10, -0.08, -0.02, -0.01
20/07/2026 21:48:20, -15826278, -47987130, 10, 0.83, 0.20, ENE, 42.1, 22.9, 1.10, -0.47, 11.11, -0.08, -0.02, -0.01
20/07/2026 21:48:50, -15826277, -47987141, 10, 0.83, 0.06, ENE, 42.1, 22.9, 1.10, -0.48, 11.09, -0.08, -0.02, -0.01
20/07/2026 21:49:21, -15826284, -47987133, 10, 0.90, 0.11, ENE, 42.1, 22.9, 1.10, -0.47, 11.10, -0.08, -0.02, -0.01
20/07/2026 21:49:52, -15826267, -47987129, 10, 0.90, 0.46, ENE, 42.2, 22.9, 1.10, -0.47, 11.11, -0.08, -0.02, -0.01
20/07/2026 21:50:23, -15826238, -47987082, 10, 0.90, 0.11, ENE, 42.2, 22.9, 1.10, -0.47, 11.10, -0.08, -0.02, -0.01
20/07/2026 21:50:53, -15826226, -47987035, 10, 0.83, 0.11, ENE, 42.4, 22.9, 1.10, -0.47, 11.08, -0.08, -0.02, -0.01
20/07/2026 21:51:24, -15826247, -47987001, 9, 1.10, 0.15, ENE, 42.5, 22.9, 1.10, -0.47, 11.11, -0.08, -0.02, -0.01
20/07/2026 21:51:55, -15826250, -47986991, 10, 0.84, 0.04, ENE, 42.5, 22.9, 1.10, -0.47, 11.11, -0.08, -0.02, -0.01
20/07/2026 21:52:25, -15826270, -47987063, 10, 0.84, 0.26, ENE, 42.5, 22.9, 1.09, -0.47, 11.10, -0.08, -0.02, -0.01
20/07/2026 21:52:56, -15826270, -47987095, 10, 0.84, 0.43, ENE, 42.5, 22.9, 1.10, -0.47, 11.11, -0.08, -0.02, -0.01
20/07/2026 21:53:27, -15826267, -47987091, 10, 0.86, 0.17, ENE, 42.3, 22.9, 1.10, -0.47, 11.10, -0.08, -0.02, -0.01
20/07/2026 21:53:58, -15826272, -47987069, 9, 0.89, 0.11, ENE, 42.2, 22.9, 1.11, -0.46, 11.10, -0.08, -0.02, -0.01
20/07/2026 21:54:28, -15826290, -47987113, 9, 0.86, 0.07, ENE, 42.0, 22.8, 1.10, -0.47, 11.09, -0.08, -0.02, -0.01
20/07/2026 21:54:59, -15826273, -47987093, 10, 0.84, 0.19, ENE, 42.2, 22.9, 1.11, -0.47, 11.11, -0.08, -0.02, -0.01
20/07/2026 21:55:30, -15826270, -47987113, 10, 0.84, 0.13, ENE, 42.1, 22.9, 1.11, -0.47, 11.10, -0.08, -0.02, -0.01
20/07/2026 21:56:00, -15826278, -47987103, 10, 0.84, 0.22, ENE, 42.1, 22.9, 1.09, -0.46, 11.11, -0.08, -0.02, -0.01
20/07/2026 21:56:31, -15826273, -47987107, 10, 0.84, 0.37, ENE, 42.1, 22.9, 1.10, -0.47, 11.09, -0.08, -0.02, -0.01
20/07/2026 21:57:02, -15826277, -47987084, 10, 0.84, 0.57, ENE, 42.1, 22.9, 1.09, -0.47, 11.09, -0.08, -0.02, -0.01
20/07/2026 21:57:33, -15826279, -47987083, 10, 0.87, 0.33, ENE, 42.1, 22.8, 1.10, -0.47, 11.09, -0.08, -0.02, -0.01
20/07/2026 21:58:03, -15826280, -47987115, 10, 0.84, 0.19, ENE, 42.1, 22.8, 1.10, -0.46, 11.09, -0.08, -0.02, -0.01
20/07/2026 21:58:34, -15826288, -47987130, 10, 0.84, 0.09, ENE, 42.0, 22.8, 1.09, -0.46, 11.10, -0.08, -0.02, -0.01
20/07/2026 21:59:05, -15826307, -47987133, 10, 0.93, 0.17, ENE, 41.9, 22.8, 1.10, -0.48, 11.11, -0.08, -0.02, -0.01
20/07/2026 21:59:35, -15826313, -47987134, 10, 0.85, 0.24, ENE, 41.9, 22.8, 1.10, -0.47, 11.09, -0.08, -0.02, -0.01
20/07/2026 22:00:06, -15826293, -47987096, 10, 1.04, 0.24, ENE, 41.9, 22.8, 1.11, -0.46, 11.10, -0.08, -0.02, -0.01
20/07/2026 22:00:37, -15826280, -47987068, 10, 0.85, 0.54, ENE, 41.8, 22.8, 1.10, -0.45, 11.10, -0.08, -0.02, -0.01
20/07/2026 22:01:07, -15826290, -47987067, 10, 0.85, 0.17, ENE, 41.8, 22.8, 1.09, -0.45, 11.10, -0.08, -0.02, -0.01
20/07/2026 22:01:38, -15826311, -47987097, 9, 0.94, 0.04, ENE, 41.8, 22.8, 1.10, -0.46, 11.10, -0.08, -0.02, -0.01
20/07/2026 22:02:09, -15826335, -47987117, 10, 1.02, 0.26, ENE, 41.9, 22.8, 1.10, -0.45, 11.09, -0.08, -0.02, -0.01
20/07/2026 22:02:40, -15826315, -47987128, 10, 1.02, 0.22, ENE, 41.9, 22.8, 1.10, -0.46, 11.11, -0.08, -0.02, -0.01
20/07/2026 22:03:10, -15826298, -47987117, 9, 0.92, 0.48, ENE, 41.9, 22.8, 1.09, -0.46, 11.12, -0.08, -0.02, -0.01
20/07/2026 22:03:41, -15826332, -47987133, 9, 0.92, 0.72, ENE, 41.9, 22.8, 1.10, -0.47, 11.10, -0.08, -0.02, -0.01
20/07/2026 22:04:12, -15826338, -47987143, 10, 0.94, 0.43, ENE, 41.9, 22.8, 1.10, -0.46, 11.10, -0.08, -0.02, -0.01
20/07/2026 22:04:42, -15826317, -47987142, 9, 0.94, 0.44, ENE, 41.9, 22.8, 1.10, -0.46, 11.10, -0.08, -0.02, -0.01
20/07/2026 22:05:13, -15826315, -47987143, 10, 0.94, 0.35, ENE, 41.9, 22.8, 1.10, -0.45, 11.10, -0.08, -0.02, -0.01
20/07/2026 22:05:44, -15826323, -47987141, 10, 0.95, 0.41, ENE, 42.0, 22.8, 1.10, -0.45, 11.10, -0.08, -0.02, -0.01
20/07/2026 22:06:14, -15826315, -47987128, 10, 0.93, 0.30, ENE, 42.2, 22.8, 1.11, -0.45, 11.11, -0.08, -0.02, -0.01
20/07/2026 22:06:45, -15826303, -47987117, 10, 0.93, 0.04, ENE, 42.2, 22.8, 1.10, -0.45, 11.10, -0.08, -0.02, -0.01
20/07/2026 22:07:16, -15826295, -47987110, 11, 0.73, 0.04, ENE, 42.2, 22.8, 1.10, -0.45, 11.10, -0.08, -0.02, -0.01
20/07/2026 22:07:47, -15826308, -47987120, 10, 0.87, 0.22, ENE, 42.1, 22.8, 1.10, -0.46, 11.10, -0.08, -0.02, -0.01
20/07/2026 22:08:17, -15826284, -47987120, 10, 0.87, 0.31, ENE, 42.0, 22.8, 1.09, -0.46, 11.10, -0.08, -0.02, -0.01
20/07/2026 22:08:48, -15826314, -47987124, 11, 0.79, 0.06, ENE, 42.1, 22.8, 1.10, -0.46, 11.10, -0.08, -0.02, -0.01
20/07/2026 22:09:19, -15826319, -47987133, 10, 0.82, 0.26, ENE, 42.2, 22.8, 1.11, -0.46, 11.10, -0.08, -0.02, -0.01
20/07/2026 22:09:49, -15826279, -47987104, 11, 0.82, 0.22, ENE, 42.2, 22.8, 1.10, -0.46, 11.11, -0.08, -0.02, -0.01
20/07/2026 22:10:20, -15826258, -47987061, 11, 0.73, 0.22, ENE, 42.2, 22.8, 1.10, -0.45, 11.11, -0.08, -0.02, -0.01
20/07/2026 22:10:51, -15826252, -47987059, 11, 0.79, 0.09, ENE, 42.3, 22.8, 1.11, -0.45, 11.10, -0.08, -0.02, -0.01
20/07/2026 22:11:22, -15826236, -47987005, 11, 0.73, 0.30, ENE, 42.4, 22.8, 1.10, -0.45, 11.11, -0.08, -0.02, -0.01
20/07/2026 22:11:52, -15826247, -47987012, 11, 0.73, 0.17, ENE, 42.4, 22.8, 1.10, -0.44, 11.12, -0.08, -0.02, -0.01
20/07/2026 22:12:23, -15826311, -47987035, 11, 0.73, 0.54, ENE, 42.6, 22.8, 1.10, -0.45, 11.10, -0.08, -0.02, -0.01
20/07/2026 22:12:54, -15826297, -47987035, 11, 0.73, 0.28, ENE, 42.7, 22.7, 1.10, -0.44, 11.11, -0.08, -0.02, -0.01
20/07/2026 22:13:24, -15826296, -47987031, 11, 0.73, 0.28, ENE, 42.7, 22.7, 1.09, -0.45, 11.10, -0.08, -0.02, -0.01
20/07/2026 22:13:55, -15826314, -47987041, 11, 0.73, 0.26, ENE, 42.7, 22.7, 1.10, -0.45, 11.09, -0.08, -0.02, -0.01
20/07/2026 22:14:26, -15826316, -47987030, 11, 0.73, 0.31, ENE, 42.7, 22.7, 1.10, -0.45, 11.10, -0.08, -0.02, -0.01
20/07/2026 22:14:57, -15826278, -47986990, 11, 0.77, 0.09, ENE, 42.6, 22.7, 1.10, -0.44, 11.09, -0.08, -0.02, -0.01
20/07/2026 22:15:27, -15826283, -47987023, 10, 0.87, 0.46, ENE, 42.7, 22.7, 1.10, -0.45, 11.11, -0.08, -0.02, -0.01
20/07/2026 22:15:58, -15826326, -47987078, 11, 0.87, 0.07, ENE, 42.9, 22.7, 1.09, -0.44, 11.10, -0.08, -0.02, -0.01
20/07/2026 22:16:29, -15826296, -47987097, 11, 0.87, 0.37, ENE, 42.9, 22.7, 1.10, -0.44, 11.10, -0.08, -0.02, -0.01
20/07/2026 22:16:59, -15826313, -47987114, 9, 0.88, 0.26, ENE, 43.0, 22.7, 1.10, -0.45, 11.10, -0.08, -0.02, -0.01
20/07/2026 22:17:30, -15826338, -47987133, 10, 0.87, 0.35, ENE, 43.0, 22.7, 1.09, -0.44, 11.12, -0.08, -0.02, -0.01
20/07/2026 22:18:01, -15826301, -47987095, 11, 0.74, 0.43, ENE, 42.9, 22.7, 1.10, -0.44, 11.11, -0.08, -0.02, -0.01
20/07/2026 22:18:32, -15826273, -47987079, 10, 0.80, 0.28, ENE, 42.9, 22.6, 1.10, -0.45, 11.12, -0.08, -0.02, -0.01
20/07/2026 22:19:02, -15826296, -47987107, 10, 0.78, 0.24, ENE, 43.1, 22.7, 1.09, -0.44, 11.11, -0.08, -0.02, -0.01
20/07/2026 22:19:33, -15826325, -47987117, 11, 0.82, 0.11, ENE, 43.1, 22.6, 1.09, -0.44, 11.09, -0.08, -0.02, -0.01
20/07/2026 22:20:04, -15826308, -47987115, 10, 0.82, 0.11, ENE, 43.0, 22.6, 1.10, -0.44, 11.09, -0.08, -0.02, -0.01
20/07/2026 22:20:34, -15826323, -47987079, 11, 0.74, 0.20, ENE, 42.9, 22.6, 1.10, -0.44, 11.10, -0.08, -0.02, -0.01
20/07/2026 22:21:05, -15826338, -47987088, 11, 0.74, 0.31, ENE, 42.9, 22.6, 1.09, -0.43, 11.10, -0.08, -0.02, -0.01
20/07/2026 22:21:36, -15826380, -47987117, 11, 0.74, 0.74, ENE, 43.0, 22.6, 1.10, -0.44, 11.10, -0.08, -0.02, -0.01
20/07/2026 22:22:06, -15826354, -47987112, 11, 0.74, 0.35, ENE, 43.1, 22.6, 1.10, -0.44, 11.11, -0.08, -0.02, -0.01
20/07/2026 22:22:37, -15826340, -47987114, 11, 0.74, 0.24, ENE, 43.1, 22.6, 1.10, -0.44, 11.10, -0.08, -0.02, -0.01
20/07/2026 22:23:08, -15826332, -47987126, 11, 0.89, 0.20, ENE, 43.0, 22.6, 1.09, -0.43, 11.09, -0.08, -0.02, -0.01
20/07/2026 22:23:39, -15826331, -47987144, 10, 0.89, 0.19, ENE, 43.1, 22.6, 1.10, -0.43, 11.11, -0.08, -0.02, -0.01
20/07/2026 22:24:09, -15826337, -47987155, 11, 0.89, 0.15, ENE, 43.1, 22.6, 1.11, -0.44, 11.10, -0.08, -0.02, -0.01
20/07/2026 22:24:40, -15826330, -47987103, 11, 0.89, 0.07, ENE, 43.4, 22.6, 1.09, -0.43, 11.10, -0.08, -0.02, -0.01
20/07/2026 22:24:54, -15826305, -47987073, 11, 0.74, 2.89, ENE, 43.4, 22.6, 1.09, -0.44, 11.09, -0.08, -0.02, -0.01
20/07/2026 22:25:24, -15826252, -47987004, 11, 0.74, 0.26, ENE, 43.4, 22.6, 1.10, -0.43, 11.09, -0.08, -0.02, -0.01
20/07/2026 22:25:55, -15826260, -47986984, 10, 0.89, 0.19, ENE, 43.2, 22.6, 1.09, -0.43, 11.10, -0.08, -0.02, -0.01
20/07/2026 22:26:26, -15826308, -47987132, 11, 0.81, 0.15, ENE, 43.3, 22.6, 1.10, -0.42, 11.10, -0.08, -0.02, -0.01
20/07/2026 22:26:57, -15826340, -47987125, 11, 0.74, 0.15, ENE, 43.4, 22.6, 1.09, -0.43, 11.10, -0.08, -0.02, -0.01
20/07/2026 22:27:27, -15826341, -47987136, 10, 0.78, 0.93, ENE, 43.4, 22.6, 1.09, -0.43, 11.10, -0.08, -0.02, -0.01
20/07/2026 22:27:58, -15826340, -47987134, 11, 0.75, 0.61, ENE, 43.4, 22.6, 1.09, -0.44, 11.11, -0.08, -0.02, -0.01
20/07/2026 22:28:29, -15826325, -47987148, 11, 0.75, 0.11, ENE, 43.4, 22.6, 1.10, -0.43, 11.11, -0.08, -0.02, -0.01
20/07/2026 22:28:59, -15826297, -47987154, 11, 0.75, 0.72, ENE, 43.4, 22.6, 1.09, -0.43, 11.10, -0.08, -0.02, -0.01
20/07/2026 22:29:30, -15826328, -47987183, 11, 0.80, 0.61, ENE, 43.4, 22.6, 1.09, -0.44, 11.12, -0.08, -0.02, -0.01
20/07/2026 22:30:01, -15826313, -47987167, 11, 0.80, 0.35, ENE, 43.2, 22.6, 1.09, -0.42, 11.11, -0.08, -0.02, -0.01
20/07/2026 22:30:32, -15826295, -47987127, 11, 0.83, 0.81, ENE, 43.3, 22.6, 1.09, -0.43, 11.10, -0.08, -0.02, -0.01
20/07/2026 22:31:02, -15826299, -47987127, 11, 0.90, 0.04, ENE, 43.3, 22.6, 1.10, -0.44, 11.10, -0.08, -0.02, -0.01
20/07/2026 22:31:33, -15826300, -47987118, 11, 0.75, 0.15, ENE, 43.3, 22.6, 1.10, -0.42, 11.11, -0.08, -0.02, -0.01
20/07/2026 22:32:04, -15826272, -47987086, 11, 0.75, 0.15, ENE, 43.3, 22.6, 1.09, -0.41, 11.09, -0.08, -0.02, -0.01
20/07/2026 22:32:34, -15826288, -47987078, 10, 0.88, 0.13, ENE, 43.3, 22.6, 1.10, -0.42, 11.10, -0.08, -0.02, -0.01
20/07/2026 22:33:05, -15826336, -47987105, 11, 1.01, 0.30, ENE, 43.3, 22.6, 1.09, -0.42, 11.11, -0.08, -0.02, -0.01
20/07/2026 22:33:36, -15826336, -47987149, 9, 1.00, 0.74, ENE, 43.3, 22.6, 1.10, -0.42, 11.12, -0.08, -0.02, -0.01
20/07/2026 22:34:07, -15826335, -47987136, 11, 0.91, 0.13, ENE, 43.3, 22.6, 1.10, -0.42, 11.10, -0.08, -0.02, -0.01
20/07/2026 22:34:37, -15826296, -47987136, 11, 0.91, 0.24, ENE, 43.3, 22.6, 1.11, -0.43, 11.09, -0.08, -0.02, -0.01
20/07/2026 22:35:08, -15826287, -47987110, 11, 0.83, 0.06, ENE, 43.4, 22.6, 1.09, -0.42, 11.11, -0.08, -0.02, -0.01
20/07/2026 22:35:30, -15826296, -47987146, 11, 0.83, 2.11, ENE, 43.3, 22.6, 1.10, -0.42, 11.11, -0.08, -0.02, -0.01
20/07/2026 22:36:01, -15826345, -47987126, 11, 0.76, 0.20, ENE, 43.4, 22.6, 1.09, -0.43, 11.11, -0.08, -0.02, -0.01
20/07/2026 22:36:32, -15826361, -47987121, 11, 0.91, 0.09, ENE, 43.3, 22.6, 1.09, -0.42, 11.10, -0.08, -0.02, -0.01
20/07/2026 22:37:02, -15826377, -47987034, 11, 0.92, 0.74, ENE, 43.3, 22.6, 1.09, -0.41, 11.10, -0.08, -0.02, -0.01
20/07/2026 22:37:33, -15826384, -47987041, 11, 0.76, 0.37, ENE, 43.3, 22.6, 1.09, -0.43, 11.10, -0.08, -0.02, -0.01
20/07/2026 22:38:04, -15826289, -47987057, 11, 0.76, 0.24, ENE, 43.4, 22.6, 1.10, -0.42, 11.10, -0.08, -0.02, -0.01
20/07/2026 22:38:34, -15826302, -47987143, 10, 1.01, 0.28, ENE, 43.4, 22.5, 1.09, -0.42, 11.10, -0.08, -0.02, -0.01
20/07/2026 22:39:05, -15826319, -47987184, 11, 1.01, 0.56, ENE, 43.4, 22.5, 1.09, -0.42, 11.11, -0.08, -0.02, -0.01
20/07/2026 22:39:36, -15826324, -47987184, 11, 1.01, 0.35, ENE, 43.5, 22.5, 1.09, -0.41, 11.10, -0.08, -0.02, -0.01
20/07/2026 22:40:07, -15826342, -47987170, 10, 0.88, 0.00, ENE, 43.5, 22.5, 1.11, -0.41, 11.11, -0.08, -0.02, -0.01
20/07/2026 22:40:37, -15826355, -47987203, 11, 0.83, 0.67, ENE, 43.5, 22.5, 1.09, -0.42, 11.12, -0.08, -0.02, -0.01
20/07/2026 22:41:08, -15826329, -47987189, 11, 0.83, 0.07, ENE, 43.5, 22.5, 1.09, -0.42, 11.11, -0.08, -0.02, -0.01
20/07/2026 22:41:39, -15826308, -47987177, 10, 0.83, 0.59, ENE, 43.5, 22.5, 1.10, -0.42, 11.10, -0.08, -0.02, -0.01
20/07/2026 22:42:09, -15826310, -47987081, 10, 0.83, 0.11, ENE, 43.6, 22.5, 1.09, -0.41, 11.10, -0.08, -0.02, -0.01
20/07/2026 22:42:40, -15826296, -47987097, 10, 0.84, 0.35, ENE, 43.5, 22.4, 1.10, -0.40, 11.10, -0.08, -0.02, -0.01
20/07/2026 22:43:11, -15826344, -47987149, 10, 0.84, 0.17, ENE, 43.6, 22.4, 1.10, -0.42, 11.10, -0.08, -0.02, -0.01
20/07/2026 22:43:41, -15826316, -47987133, 10, 0.84, 0.43, ENE, 43.7, 22.4, 1.10, -0.41, 11.08, -0.08, -0.02, -0.01
20/07/2026 22:44:12, -15826286, -47987100, 10, 0.84, 0.33, ENE, 43.7, 22.4, 1.10, -0.41, 11.10, -0.08, -0.02, -0.01
20/07/2026 22:44:43, -15826296, -47987075, 10, 0.84, 0.06, ENE, 43.7, 22.4, 1.09, -0.40, 11.11, -0.08, -0.02, -0.01
20/07/2026 22:45:14, -15826282, -47987094, 10, 0.84, 0.24, ENE, 43.7, 22.4, 1.10, -0.41, 11.10, -0.08, -0.02, -0.01
20/07/2026 22:45:44, -15826269, -47987132, 10, 0.84, 0.13, ENE, 43.8, 22.4, 1.10, -0.42, 11.09, -0.08, -0.02, -0.01
20/07/2026 22:46:15, -15826278, -47987212, 10, 0.84, 0.22, ENE, 43.8, 22.4, 1.09, -0.42, 11.09, -0.08, -0.02, -0.01
20/07/2026 22:46:46, -15826259, -47987220, 10, 0.84, 0.20, ENE, 43.8, 22.4, 1.08, -0.41, 11.12, -0.08, -0.02, -0.01
20/07/2026 22:47:16, -15826293, -47987154, 10, 0.93, 0.69, ENE, 43.9, 22.4, 1.09, -0.41, 11.10, -0.08, -0.02, -0.01
20/07/2026 22:47:47, -15826297, -47987087, 10, 0.84, 0.06, ENE, 44.0, 22.4, 1.10, -0.41, 11.10, -0.08, -0.02, -0.01
20/07/2026 22:48:18, -15826298, -47987126, 10, 0.84, 0.50, ENE, 44.1, 22.4, 1.09, -0.41, 11.09, -0.08, -0.02, -0.01
20/07/2026 22:48:49, -15826342, -47987141, 10, 0.93, 0.28, ENE, 44.1, 22.3, 1.10, -0.40, 11.10, -0.08, -0.02, -0.01
20/07/2026 22:49:19, -15826314, -47987166, 10, 0.93, 0.17, ENE, 44.1, 22.3, 1.10, -0.40, 11.10, -0.08, -0.02, -0.01
20/07/2026 22:49:50, -15826322, -47987153, 10, 0.84, 0.13, ENE, 44.1, 22.3, 1.09, -0.41, 11.09, -0.08, -0.02, -0.01
20/07/2026 22:50:21, -15826318, -47987146, 10, 0.84, 0.30, ENE, 44.2, 22.3, 1.10, -0.41, 11.09, -0.08, -0.02, -0.01
20/07/2026 22:50:51, -15826305, -47987162, 10, 0.84, 0.19, ENE, 44.1, 22.3, 1.09, -0.40, 11.11, -0.08, -0.02, -0.01
20/07/2026 22:51:22, -15826316, -47987130, 10, 0.84, 0.35, ENE, 44.2, 22.3, 1.10, -0.41, 11.09, -0.08, -0.02, -0.01
20/07/2026 22:51:53, -15826263, -47987058, 10, 0.85, 0.22, ENE, 44.2, 22.3, 1.10, -0.41, 11.10, -0.08, -0.02, -0.01
20/07/2026 22:52:24, -15826266, -47987133, 10, 0.85, 0.22, ENE, 44.2, 22.3, 1.09, -0.39, 11.11, -0.08, -0.02, -0.01
20/07/2026 22:52:54, -15826290, -47987135, 10, 0.85, 0.28, ENE, 44.1, 22.2, 1.09, -0.40, 11.10, -0.08, -0.02, -0.01
20/07/2026 22:53:25, -15826315, -47987112, 10, 0.85, 0.07, ENE, 44.2, 22.3, 1.10, -0.41, 11.09, -0.08, -0.02, -0.01
20/07/2026 22:53:56, -15826322, -47987138, 10, 0.85, 0.35, ENE, 44.3, 22.3, 1.10, -0.40, 11.10, -0.08, -0.02, -0.01
20/07/2026 22:54:26, -15826306, -47987159, 10, 0.85, 0.15, ENE, 44.3, 22.3, 1.09, -0.41, 11.12, -0.08, -0.02, -0.01
20/07/2026 22:54:57, -15826277, -47987130, 9, 0.94, 0.46, ENE, 44.3, 22.2, 1.08, -0.40, 11.09, -0.08, -0.02, -0.01
20/07/2026 22:55:28, -15826283, -47987110, 11, 0.76, 0.48, ENE, 44.3, 22.2, 1.09, -0.41, 11.11, -0.08, -0.02, -0.01
20/07/2026 22:55:59, -15826252, -47987099, 11, 0.76, 0.15, ENE, 44.3, 22.2, 1.10, -0.40, 11.09, -0.08, -0.02, -0.01
20/07/2026 22:56:29, -15826261, -47987071, 11, 0.84, 0.24, ENE, 44.3, 22.2, 1.10, -0.41, 11.11, -0.08, -0.02, -0.01
20/07/2026 22:57:00, -15826245, -47987051, 11, 0.76, 0.33, ENE, 44.4, 22.2, 1.10, -0.40, 11.11, -0.08, -0.02, -0.01
20/07/2026 22:57:31, -15826266, -47987068, 11, 0.76, 0.41, ENE, 44.3, 22.2, 1.10, -0.41, 11.08, -0.08, -0.02, -0.01
20/07/2026 22:58:02, -15826309, -47987098, 11, 0.76, 0.19, ENE, 44.4, 22.2, 1.09, -0.40, 11.11, -0.08, -0.02, -0.01
20/07/2026 22:58:32, -15826312, -47987105, 11, 0.76, 0.37, ENE, 44.5, 22.2, 1.09, -0.40, 11.10, -0.08, -0.02, -0.01
20/07/2026 22:59:03, -15826296, -47987096, 11, 0.76, 0.24, ENE, 44.4, 22.2, 1.10, -0.40, 11.10, -0.08, -0.02, -0.01
20/07/2026 22:59:34, -15826305, -47987073, 11, 0.90, 0.39, ENE, 44.4, 22.2, 1.09, -0.40, 11.09, -0.08, -0.02, -0.01
20/07/2026 23:00:04, -15826357, -47987076, 11, 0.90, 0.33, ENE, 44.4, 22.2, 1.09, -0.40, 11.11, -0.08, -0.02, -0.01
20/07/2026 23:00:35, -15826355, -47987105, 11, 0.90, 0.33, ENE, 44.4, 22.2, 1.09, -0.40, 11.10, -0.08, -0.02, -0.01
20/07/2026 23:01:06, -15826344, -47987062, 11, 0.90, 0.19, ENE, 44.4, 22.2, 1.10, -0.40, 11.10, -0.08, -0.02, -0.01
20/07/2026 23:01:37, -15826266, -47987030, 11, 1.58, 0.89, ENE, 44.4, 22.2, 1.09, -0.40, 11.10, -0.08, -0.02, -0.01
20/07/2026 23:02:07, -15826314, -47987036, 10, 0.90, 0.39, ENE, 44.5, 22.2, 1.09, -0.40, 11.10, -0.08, -0.02, -0.01
20/07/2026 23:02:38, -15826342, -47987081, 11, 0.76, 0.06, ENE, 44.5, 22.1, 1.10, -0.39, 11.09, -0.08, -0.02, -0.01
20/07/2026 23:03:09, -15826337, -47987111, 10, 0.99, 0.19, ENE, 44.5, 22.1, 1.09, -0.40, 11.07, -0.08, -0.02, -0.01
20/07/2026 23:03:39, -15826320, -47987123, 11, 0.76, 0.15, ENE, 44.5, 22.1, 1.11, -0.39, 11.10, -0.08, -0.02, -0.01
20/07/2026 23:04:10, -15826295, -47987117, 10, 0.90, 0.41, ENE, 44.5, 22.1, 1.08, -0.39, 11.10, -0.08, -0.02, -0.01
20/07/2026 23:04:41, -15826276, -47987142, 10, 1.15, 0.07, ENE, 44.5, 22.1, 1.09, -0.39, 11.10, -0.08, -0.02, -0.01
20/07/2026 23:05:12, -15826247, -47987095, 11, 0.81, 0.28, ENE, 44.6, 22.1, 1.10, -0.39, 11.11, -0.08, -0.02, -0.01
20/07/2026 23:05:42, -15826252, -47987112, 11, 0.92, 0.59, ENE, 44.5, 22.1, 1.10, -0.39, 11.11, -0.08, -0.02, -0.01
20/07/2026 23:06:13, -15826277, -47987144, 11, 0.83, 0.35, ENE, 44.6, 22.1, 1.09, -0.40, 11.10, -0.08, -0.02, -0.01
20/07/2026 23:06:44, -15826285, -47987155, 11, 0.81, 0.33, ENE, 44.5, 22.0, 1.09, -0.40, 11.10, -0.08, -0.02, -0.01
20/07/2026 23:07:15, -15826274, -47987148, 11, 0.84, 0.74, ENE, 44.6, 22.0, 1.10, -0.40, 11.11, -0.08, -0.02, -0.01
20/07/2026 23:07:45, -15826289, -47987105, 10, 0.81, 0.09, ENE, 44.7, 22.0, 1.09, -0.40, 11.09, -0.08, -0.02, -0.01
20/07/2026 23:08:16, -15826246, -47987127, 10, 0.81, 0.15, ENE, 44.7, 22.0, 1.09, -0.40, 11.11, -0.08, -0.02, -0.01
20/07/2026 23:08:47, -15826284, -47987133, 10, 0.81, 0.13, ENE, 44.7, 22.0, 1.10, -0.39, 11.11, -0.08, -0.02, -0.01
20/07/2026 23:09:17, -15826310, -47987098, 10, 0.80, 0.28, ENE, 44.7, 22.0, 1.09, -0.40, 11.11, -0.08, -0.02, -0.01
20/07/2026 23:09:48, -15826296, -47987115, 11, 0.83, 0.26, ENE, 44.7, 22.0, 1.09, -0.40, 11.10, -0.08, -0.02, -0.01
20/07/2026 23:10:19, -15826288, -47987123, 11, 0.82, 0.33, ENE, 44.7, 22.0, 1.10, -0.39, 11.10, -0.08, -0.02, -0.01
20/07/2026 23:10:50, -15826300, -47987134, 11, 0.82, 0.20, ENE, 44.7, 22.0, 1.08, -0.40, 11.10, -0.08, -0.02, -0.01
20/07/2026 23:11:20, -15826313, -47987154, 11, 0.82, 0.17, ENE, 44.8, 21.9, 1.10, -0.39, 11.10, -0.08, -0.02, -0.01
20/07/2026 23:11:51, -15826320, -47987111, 11, 0.89, 0.76, ENE, 44.8, 21.9, 1.08, -0.39, 11.14, -0.08, -0.02, -0.01
20/07/2026 23:12:22, -15826328, -47987097, 11, 0.89, 0.07, ENE, 44.8, 22.0, 1.10, -0.39, 11.10, -0.08, -0.02, -0.01
20/07/2026 23:12:52, -15826310, -47987161, 11, 0.89, 0.06, ENE, 44.8, 21.9, 1.09, -0.39, 11.12, -0.08, -0.02, -0.01
20/07/2026 23:13:23, -15826331, -47987145, 11, 0.82, 0.07, ENE, 44.8, 21.9, 1.09, -0.40, 11.09, -0.08, -0.02, -0.01
20/07/2026 23:13:54, -15826363, -47987121, 11, 0.76, 0.06, ENE, 44.8, 21.9, 1.09, -0.38, 11.10, -0.08, -0.02, -0.01
20/07/2026 23:14:25, -15826350, -47987125, 11, 0.82, 0.50, ENE, 44.7, 21.9, 1.09, -0.38, 11.10, -0.08, -0.02, -0.01
20/07/2026 23:14:55, -15826299, -47987142, 11, 0.75, 0.44, ENE, 44.8, 21.9, 1.11, -0.39, 11.09, -0.08, -0.02, -0.01
20/07/2026 23:15:26, -15826291, -47987131, 10, 0.79, 0.13, ENE, 44.8, 21.9, 1.10, -0.39, 11.11, -0.08, -0.02, -0.01
20/07/2026 23:15:57, -15826288, -47987116, 10, 0.83, 0.13, ENE, 44.8, 21.9, 1.10, -0.38, 11.12, -0.08, -0.02, -0.01
20/07/2026 23:16:27, -15826271, -47987145, 11, 0.75, 0.50, ENE, 44.9, 21.9, 1.10, -0.39, 11.10, -0.08, -0.02, -0.01
20/07/2026 23:16:58, -15826291, -47987134, 11, 0.80, 0.17, ENE, 44.7, 21.9, 1.09, -0.38, 11.10, -0.08, -0.02, -0.01
20/07/2026 23:17:29, -15826301, -47987129, 11, 0.80, 0.33, ENE, 44.7, 21.9, 1.10, -0.38, 11.11, -0.08, -0.02, -0.01
20/07/2026 23:18:00, -15826253, -47987131, 11, 0.75, 0.33, ENE, 44.8, 21.9, 1.09, -0.39, 11.11, -0.08, -0.02, -0.01
20/07/2026 23:18:30, -15826241, -47987115, 11, 0.90, 0.30, ENE, 44.7, 21.9, 1.09, -0.39, 11.09, -0.08, -0.02, -0.01
20/07/2026 23:19:01, -15826236, -47987104, 10, 1.00, 0.44, ENE, 44.7, 21.9, 1.09, -0.39, 11.11, -0.08, -0.02, -0.01
20/07/2026 23:19:32, -15826269, -47987099, 11, 0.81, 0.19, ENE, 44.7, 21.9, 1.09, -0.39, 11.10, -0.08, -0.02, -0.01
20/07/2026 23:20:02, -15826331, -47987077, 11, 0.75, 0.11, ENE, 44.7, 21.9, 1.09, -0.39, 11.11, -0.08, -0.02, -0.01
20/07/2026 23:20:33, -15826340, -47987079, 11, 0.75, 0.59, ENE, 44.7, 21.9, 1.09, -0.38, 11.10, -0.08, -0.02, -0.01
20/07/2026 23:21:04, -15826349, -47987104, 10, 0.93, 0.46, ENE, 44.7, 21.9, 1.09, -0.38, 11.09, -0.08, -0.02, -0.01
20/07/2026 23:21:35, -15826353, -47987122, 11, 0.75, 0.30, ENE, 44.8, 21.9, 1.09, -0.38, 11.11, -0.08, -0.02, -0.01
20/07/2026 23:22:05, -15826310, -47987134, 9, 0.96, 0.20, ENE, 44.7, 21.9, 1.09, -0.39, 11.11, -0.08, -0.02, -0.01
20/07/2026 23:22:36, -15826301, -47987125, 11, 0.96, 0.04, ENE, 44.6, 21.9, 1.10, -0.38, 11.11, -0.08, -0.02, -0.01
20/07/2026 23:23:07, -15826332, -47987080, 11, 0.74, 0.30, ENE, 44.6, 21.9, 1.10, -0.38, 11.11, -0.08, -0.02, -0.01
20/07/2026 23:23:37, -15826302, -47987123, 11, 0.79, 0.11, ENE, 44.6, 21.9, 1.08, -0.38, 11.11, -0.08, -0.02, -0.01
20/07/2026 23:24:08, -15826302, -47987092, 10, 0.79, 0.28, ENE, 44.5, 21.9, 1.10, -0.38, 11.10, -0.08, -0.02, -0.01
20/07/2026 23:24:39, -15826339, -47987083, 11, 0.81, 0.06, ENE, 44.6, 21.9, 1.09, -0.38, 11.11, -0.08, -0.02, -0.01
20/07/2026 23:25:10, -15826337, -47987109, 11, 0.74, 0.54, ENE, 44.6, 21.9, 1.09, -0.39, 11.11, -0.08, -0.02, -0.01
20/07/2026 23:25:40, -15826344, -47987131, 11, 0.74, 0.17, ENE, 44.4, 21.8, 1.09, -0.38, 11.10, -0.08, -0.02, -0.01
20/07/2026 23:26:11, -15826368, -47987124, 9, 0.95, 0.26, ENE, 44.4, 21.8, 1.10, -0.37, 11.11, -0.08, -0.02, -0.01
20/07/2026 23:26:42, -15826356, -47987135, 11, 0.88, 0.06, ENE, 44.4, 21.8, 1.08, -0.38, 11.11, -0.08, -0.02, -0.01
20/07/2026 23:27:12, -15826310, -47987119, 11, 0.81, 0.46, ENE, 44.5, 21.8, 1.10, -0.37, 11.11, -0.08, -0.02, -0.01
20/07/2026 23:27:43, -15826281, -47987135, 9, 1.05, 0.33, ENE, 44.7, 21.9, 1.10, -0.38, 11.10, -0.08, -0.02, -0.01
20/07/2026 23:28:14, -15826339, -47987161, 11, 0.74, 0.56, ENE, 44.6, 21.8, 1.10, -0.37, 11.10, -0.08, -0.02, -0.01
20/07/2026 23:28:45, -15826326, -47987119, 11, 1.02, 0.15, ENE, 44.6, 21.8, 1.09, -0.37, 11.09, -0.08, -0.02, -0.01
20/07/2026 23:29:15, -15826275, -47987126, 11, 0.76, 1.00, ENE, 44.7, 21.9, 1.10, -0.37, 11.10, -0.08, -0.02, -0.01
20/07/2026 23:29:46, -15826297, -47987147, 11, 0.79, 0.43, ENE, 44.7, 21.9, 1.08, -0.38, 11.12, -0.08, -0.02, -0.01
20/07/2026 23:30:17, -15826260, -47987146, 11, 0.74, 0.11, ENE, 44.7, 21.9, 1.09, -0.38, 11.11, -0.08, -0.02, -0.01
20/07/2026 23:30:48, -15826251, -47987130, 11, 0.74, 0.09, ENE, 44.6, 21.9, 1.09, -0.36, 11.09, -0.08, -0.02, -0.01
20/07/2026 23:31:18, -15826247, -47987123, 11, 0.74, 0.19, ENE, 44.6, 21.9, 1.09, -0.37, 11.10, -0.08, -0.02, -0.01
20/07/2026 23:31:49, -15826255, -47987118, 11, 0.74, 0.31, ENE, 44.5, 21.9, 1.10, -0.37, 11.10, -0.08, -0.02, -0.01
20/07/2026 23:32:20, -15826255, -47987086, 11, 0.74, 0.50, ENE, 44.5, 21.9, 1.10, -0.37, 11.10, -0.08, -0.02, -0.01
20/07/2026 23:32:50, -15826258, -47987089, 11, 0.74, 0.24, ENE, 44.5, 21.9, 1.09, -0.36, 11.10, -0.08, -0.02, -0.01
20/07/2026 23:33:21, -15826246, -47987086, 11, 0.78, 0.11, ENE, 44.5, 21.9, 1.10, -0.36, 11.11, -0.08, -0.02, -0.01
20/07/2026 23:33:52, -15826275, -47987094, 11, 0.78, 0.06, ENE, 44.4, 21.9, 1.09, -0.37, 11.10, -0.08, -0.02, -0.01
20/07/2026 23:34:23, -15826294, -47987111, 11, 0.78, 0.07, ENE, 44.4, 21.9, 1.09, -0.37, 11.10, -0.08, -0.02, -0.01
20/07/2026 23:34:53, -15826300, -47987115, 11, 0.78, 0.26, ENE, 44.5, 21.9, 1.10, -0.36, 11.11, -0.08, -0.02, -0.01
20/07/2026 23:35:24, -15826292, -47987112, 10, 0.78, 0.06, ENE, 44.5, 21.9, 1.09, -0.36, 11.10, -0.08, -0.02, -0.01
20/07/2026 23:35:55, -15826294, -47987122, 10, 0.81, 0.15, ENE, 44.4, 21.9, 1.09, -0.36, 11.11, -0.08, -0.02, -0.01
20/07/2026 23:36:25, -15826304, -47987105, 10, 0.81, 0.61, ENE, 44.4, 21.9, 1.09, -0.36, 11.11, -0.08, -0.02, -0.01
20/07/2026 23:36:56, -15826295, -47987116, 11, 0.83, 0.17, ENE, 44.3, 21.9, 1.10, -0.37, 11.10, -0.08, -0.02, -0.01
20/07/2026 23:37:27, -15826314, -47987153, 11, 0.73, 0.02, ENE, 44.3, 21.9, 1.09, -0.36, 11.11, -0.08, -0.02, -0.01
20/07/2026 23:37:58, -15826305, -47987180, 10, 0.81, 0.31, ENE, 44.4, 21.9, 1.10, -0.36, 11.10, -0.08, -0.02, -0.01
20/07/2026 23:38:28, -15826285, -47987164, 11, 0.81, 0.11, ENE, 44.5, 21.9, 1.09, -0.35, 11.11, -0.08, -0.02, -0.01
20/07/2026 23:38:59, -15826274, -47987177, 10, 0.89, 0.24, ENE, 44.3, 21.8, 1.10, -0.36, 11.11, -0.08, -0.02, -0.01
20/07/2026 23:39:30, -15826285, -47987175, 11, 0.81, 0.52, ENE, 44.3, 21.8, 1.09, -0.36, 11.11, -0.08, -0.02, -0.01
20/07/2026 23:40:00, -15826303, -47987173, 10, 0.85, 0.69, ENE, 44.2, 21.8, 1.11, -0.35, 11.10, -0.08, -0.02, -0.01
20/07/2026 23:40:31, -15826323, -47987157, 11, 0.73, 0.20, ENE, 44.2, 21.8, 1.09, -0.36, 11.11, -0.08, -0.02, -0.01
20/07/2026 23:41:02, -15826297, -47987134, 11, 0.73, 0.06, ENE, 44.3, 21.8, 1.10, -0.35, 11.10, -0.08, -0.02, -0.01
20/07/2026 23:41:33, -15826275, -47987110, 11, 0.73, 0.06, ENE, 44.3, 21.8, 1.10, -0.36, 11.09, -0.08, -0.02, -0.01
20/07/2026 23:42:03, -15826255, -47987132, 11, 0.73, 0.13, ENE, 44.2, 21.8, 1.11, -0.35, 11.12, -0.08, -0.02, -0.01
20/07/2026 23:42:34, -15826240, -47987123, 11, 0.73, 0.22, ENE, 44.1, 21.8, 1.09, -0.34, 11.09, -0.08, -0.02, -0.01
20/07/2026 23:43:05, -15826259, -47987109, 10, 0.86, 1.13, ENE, 44.2, 21.8, 1.10, -0.36, 11.10, -0.08, -0.02, -0.01
20/07/2026 23:43:36, -15826264, -47987137, 11, 0.82, 0.11, ENE, 44.3, 21.9, 1.09, -0.36, 11.10, -0.08, -0.02, -0.01
20/07/2026 23:44:06, -15826290, -47987160, 11, 0.73, 0.09, ENE, 44.3, 21.9, 1.10, -0.36, 11.10, -0.08, -0.02, -0.01
20/07/2026 23:44:37, -15826263, -47987127, 11, 0.73, 0.06, ENE, 44.3, 21.9, 1.10, -0.35, 11.09, -0.08, -0.02, -0.01
20/07/2026 23:45:08, -15826250, -47987106, 10, 0.75, 0.74, ENE, 44.3, 21.9, 1.09, -0.35, 11.10, -0.08, -0.02, -0.01
20/07/2026 23:45:38, -15826288, -47987124, 11, 0.73, 0.09, ENE, 44.4, 21.9, 1.10, -0.36, 11.10, -0.08, -0.02, -0.01
20/07/2026 23:46:09, -15826272, -47987144, 11, 0.73, 0.46, ENE, 44.5, 21.9, 1.10, -0.35, 11.10, -0.08, -0.02, -0.01
20/07/2026 23:46:40, -15826258, -47987138, 11, 0.73, 0.04, ENE, 44.5, 21.9, 1.09, -0.36, 11.10, -0.08, -0.02, -0.01
20/07/2026 23:47:11, -15826275, -47987130, 11, 0.73, 0.22, ENE, 44.5, 21.9, 1.10, -0.35, 11.11, -0.08, -0.02, -0.01
20/07/2026 23:47:41, -15826297, -47987111, 11, 0.73, 0.61, ENE, 44.4, 21.9, 1.10, -0.35, 11.10, -0.08, -0.02, -0.01
20/07/2026 23:48:12, -15826307, -47987116, 11, 0.82, 0.06, ENE, 44.4, 21.9, 1.10, -0.34, 11.11, -0.08, -0.02, -0.01
20/07/2026 23:48:43, -15826289, -47987116, 11, 0.73, 0.09, ENE, 44.4, 21.9, 1.09, -0.34, 11.11, -0.08, -0.02, -0.01
20/07/2026 23:49:13, -15826281, -47987122, 11, 0.82, 0.13, ENE, 44.5, 21.9, 1.09, -0.34, 11.10, -0.08, -0.02, -0.01
20/07/2026 23:49:44, -15826316, -47987172, 11, 0.78, 0.13, ENE, 44.5, 21.9, 1.10, -0.35, 11.10, -0.08, -0.02, -0.01
20/07/2026 23:50:15, -15826327, -47987182, 11, 0.73, 0.17, ENE, 44.4, 21.8, 1.09, -0.35, 11.10, -0.08, -0.02, -0.01
20/07/2026 23:50:46, -15826301, -47987137, 12, 0.69, 0.02, ENE, 44.4, 21.8, 1.09, -0.35, 11.11, -0.08, -0.02, -0.01
20/07/2026 23:51:16, -15826311, -47987147, 12, 0.69, 0.33, ENE, 44.4, 21.8, 1.11, -0.35, 11.11, -0.08, -0.02, -0.01
20/07/2026 23:51:47, -15826318, -47987158, 12, 0.69, 0.17, ENE, 44.4, 21.8, 1.10, -0.34, 11.11, -0.08, -0.02, -0.01
20/07/2026 23:52:18, -15826303, -47987157, 11, 0.71, 0.43, NNE, 44.5, 21.8, 1.10, -0.35, 11.11, -0.08, -0.02, -0.01
20/07/2026 23:52:49, -15826304, -47987162, 11, 0.80, 0.35, NNE, 44.5, 21.8, 1.10, -0.34, 11.09, -0.08, -0.02, -0.01
20/07/2026 23:53:19, -15826266, -47987137, 10, 0.82, 0.31, NNE, 44.5, 21.8, 1.09, -0.33, 11.10, -0.08, -0.02, -0.01
20/07/2026 23:53:50, -15826283, -47987122, 11, 1.14, 0.04, NNE, 44.5, 21.8, 1.10, -0.34, 11.10, -0.08, -0.02, -0.01
20/07/2026 23:54:21, -15826301, -47987147, 9, 0.90, 0.39, NNE, 44.6, 21.8, 1.10, -0.34, 11.10, -0.08, -0.02, -0.01
20/07/2026 23:54:51, -15826291, -47987141, 10, 0.88, 0.30, NNE, 44.6, 21.8, 1.10, -0.34, 11.11, -0.08, -0.02, -0.01
20/07/2026 23:55:22, -15826256, -47987129, 11, 0.86, 0.09, NNE, 44.7, 21.8, 1.11, -0.34, 11.11, -0.08, -0.02, -0.01
20/07/2026 23:55:53, -15826262, -47987129, 11, 0.71, 0.35, NNE, 44.8, 21.8, 1.10, -0.35, 11.11, -0.08, -0.02, -0.01
20/07/2026 23:56:24, -15826294, -47987151, 11, 0.71, 0.17, NNE, 44.8, 21.8, 1.10, -0.34, 11.09, -0.08, -0.02, -0.01
20/07/2026 23:56:54, -15826317, -47987161, 10, 0.75, 0.15, NNE, 44.9, 21.8, 1.10, -0.33, 11.10, -0.08, -0.02, -0.01
20/07/2026 23:57:23, -15826331, -47987178, 10, 0.81, 2.13, NNE, 44.9, 21.8, 1.10, -0.33, 11.11, -0.08, -0.02, -0.01
20/07/2026 23:57:34, -15826331, -47987179, 10, 0.81, 2.02, WSW, 44.9, 21.8, 1.10, -0.34, 11.10, -0.08, -0.02, -0.01
20/07/2026 23:58:05, -15826297, -47987152, 10, 0.79, 0.11, NW, 44.9, 21.8, 1.10, -0.34, 11.10, -0.08, -0.02, -0.01
20/07/2026 23:58:36, -15826271, -47987152, 12, 0.77, 0.37, NW, 45.0, 21.8, 1.11, -0.33, 11.09, -0.08, -0.02, -0.01
20/07/2026 23:59:07, -15826270, -47987138, 12, 0.69, 0.06, NW, 45.0, 21.8, 1.10, -0.35, 11.10, -0.08, -0.02, -0.01
20/07/2026 23:59:37, -15826294, -47987161, 12, 0.73, 0.09, NW, 45.0, 21.8, 1.10, -0.34, 11.10, -0.08, -0.02, -0.01
21/07/2026 00:00:08, -15826310, -47987162, 11, 0.89, 0.15, NW, 45.1, 21.7, 1.10, -0.34, 11.11, -0.08, -0.02, -0.01
21/07/2026 00:00:39, -15826308, -47987140, 12, 0.73, 0.43, NW, 45.1, 21.8, 1.11, -0.33, 11.10, -0.08, -0.02, -0.01
21/07/2026 00:01:10, -15826284, -47987130, 10, 0.87, 0.33, NW, 45.2, 21.8, 1.10, -0.33, 11.11, -0.08, -0.02, -0.01
21/07/2026 00:01:40, -15826288, -47987137, 10, 0.86, 0.11, NW, 45.2, 21.8, 1.09, -0.33, 11.11, -0.08, -0.02, -0.01
21/07/2026 00:02:11, -15826284, -47987131, 11, 0.78, 0.09, NW, 45.2, 21.7, 1.10, -0.34, 11.11, -0.08, -0.02, -0.01
21/07/2026 00:02:42, -15826293, -47987128, 12, 0.69, 0.15, NW, 45.3, 21.8, 1.10, -0.33, 11.11, -0.08, -0.02, -0.01
21/07/2026 00:03:12, -15826296, -47987135, 12, 0.69, 0.24, NW, 45.3, 21.7, 1.10, -0.33, 11.08, -0.08, -0.02, -0.01
21/07/2026 00:03:43, -15826308, -47987138, 12, 0.69, 0.17, NW, 45.3, 21.7, 1.10, -0.33, 11.09, -0.08, -0.02, -0.01
21/07/2026 00:04:14, -15826331, -47987151, 12, 0.69, 0.26, NW, 45.3, 21.7, 1.10, -0.33, 11.11, -0.08, -0.02, -0.01
21/07/2026 00:04:45, -15826323, -47987147, 10, 0.83, 0.19, NW, 45.3, 21.7, 1.10, -0.33, 11.12, -0.08, -0.02, -0.01
21/07/2026 00:05:15, -15826326, -47987152, 11, 0.72, 0.11, NW, 45.3, 21.7, 1.09, -0.33, 11.10, -0.08, -0.02, -0.01
21/07/2026 00:05:46, -15826346, -47987177, 11, 0.72, 0.24, NW, 45.3, 21.7, 1.10, -0.34, 11.10, -0.08, -0.02, -0.01
21/07/2026 00:06:17, -15826345, -47987160, 11, 0.72, 0.04, SW, 45.4, 21.7, 1.10, -0.34, 11.10, -0.08, -0.02, -0.01
21/07/2026 00:06:48, -15826293, -47987131, 10, 0.79, 0.54, NNW, 45.4, 21.7, 1.10, -0.33, 11.10, -0.08, -0.02, -0.01
21/07/2026 00:07:18, -15826275, -47987133, 10, 0.79, 0.09, NNW, 45.4, 21.7, 1.09, -0.33, 11.09, -0.08, -0.02, -0.01
21/07/2026 00:07:49, -15826285, -47987147, 10, 0.86, 0.33, NNW, 45.5, 21.7, 1.10, -0.33, 11.11, -0.08, -0.02, -0.01
21/07/2026 00:08:20, -15826288, -47987141, 11, 0.74, 0.20, N, 45.4, 21.7, 1.09, -0.33, 11.12, -0.08, -0.02, -0.01
21/07/2026 00:08:50, -15826302, -47987148, 12, 0.69, 0.87, N, 45.4, 21.7, 1.09, -0.33, 11.10, -0.08, -0.02, -0.01
21/07/2026 00:09:21, -15826312, -47987137, 12, 0.70, 1.07, N, 45.4, 21.7, 1.10, -0.33, 11.10, -0.08, -0.02, -0.01
21/07/2026 00:09:52, -15826289, -47987126, 12, 0.70, 0.07, N, 45.4, 21.7, 1.11, -0.33, 11.11, -0.08, -0.02, -0.01
21/07/2026 00:10:22, -15826310, -47987134, 9, 1.01, 0.31, N, 45.5, 21.7, 1.11, -0.33, 11.11, -0.08, -0.02, -0.01
21/07/2026 00:10:53, -15826321, -47987158, 11, 0.81, 0.39, N, 45.5, 21.7, 1.10, -0.33, 11.10, -0.08, -0.02, -0.01
21/07/2026 00:11:24, -15826316, -47987161, 12, 0.79, 0.76, N, 45.5, 21.7, 1.10, -0.33, 11.10, -0.08, -0.02, -0.01
21/07/2026 00:11:55, -15826315, -47987166, 11, 0.79, 0.31, N, 45.5, 21.6, 1.09, -0.33, 11.10, -0.08, -0.02, -0.01
21/07/2026 00:12:25, -15826311, -47987180, 11, 0.79, 0.41, WSW, 45.7, 21.7, 1.09, -0.32, 11.10, -0.08, -0.02, -0.01
21/07/2026 00:12:56, -15826294, -47987163, 10, 0.94, 0.04, NW, 45.6, 21.6, 1.10, -0.32, 11.10, -0.08, -0.02, -0.01
21/07/2026 00:13:27, -15826294, -47987157, 11, 0.77, 0.19, NW, 45.6, 21.6, 1.10, -0.32, 11.11, -0.08, -0.02, -0.01
21/07/2026 00:13:57, -15826292, -47987155, 10, 1.24, 0.04, NW, 45.6, 21.6, 1.10, -0.33, 11.09, -0.08, -0.02, -0.01
21/07/2026 00:14:28, -15826286, -47987155, 12, 0.94, 0.43, NW, 45.6, 21.6, 1.10, -0.33, 11.11, -0.08, -0.02, -0.01
21/07/2026 00:14:59, -15826301, -47987159, 11, 1.07, 0.61, NNE, 45.7, 21.6, 1.11, -0.32, 11.11, -0.08, -0.02, -0.01
21/07/2026 00:15:30, -15826293, -47987143, 10, 0.85, 0.07, NNE, 45.8, 21.6, 1.10, -0.32, 11.11, -0.08, -0.02, -0.01
21/07/2026 00:16:00, -15826297, -47987140, 11, 0.77, 0.43, NNE, 45.8, 21.6, 1.10, -0.32, 11.11, -0.08, -0.02, -0.01
21/07/2026 00:16:31, -15826282, -47987130, 12, 0.72, 0.24, NW, 45.7, 21.6, 1.09, -0.32, 11.10, -0.08, -0.02, -0.01
21/07/2026 00:17:02, -15826293, -47987146, 12, 0.72, 0.43, NW, 45.8, 21.6, 1.10, -0.33, 11.09, -0.08, -0.02, -0.01
21/07/2026 00:17:32, -15826292, -47987135, 12, 0.72, 0.22, NW, 45.8, 21.6, 1.10, -0.32, 11.11, -0.08, -0.02, -0.01
21/07/2026 00:18:03, -15826310, -47987133, 11, 0.79, 0.37, NW, 45.7, 21.6, 1.10, -0.32, 11.11, -0.08, -0.02, -0.01
21/07/2026 00:18:34, -15826294, -47987114, 11, 0.79, 0.06, NW, 45.6, 21.6, 1.10, -0.31, 11.11, -0.08, -0.02, -0.01
21/07/2026 00:19:05, -15826270, -47987113, 11, 0.79, 0.07, NW, 45.5, 21.6, 1.10, -0.31, 11.11, -0.08, -0.02, -0.01
21/07/2026 00:19:35, -15826273, -47987107, 11, 0.73, 0.30, NW, 45.6, 21.7, 1.09, -0.32, 11.10, -0.08, -0.02, -0.01
21/07/2026 00:20:06, -15826294, -47987119, 10, 0.98, 0.43, W, 45.5, 21.6, 1.10, -0.32, 11.12, -0.08, -0.02, -0.01
21/07/2026 00:20:37, -15826321, -47987144, 10, 0.94, 0.65, W, 45.5, 21.6, 1.10, -0.33, 11.11, -0.08, -0.02, -0.01
21/07/2026 00:21:07, -15826312, -47987125, 9, 0.85, 0.30, W, 45.6, 21.6, 1.09, -0.32, 11.11, -0.08, -0.02, -0.01
21/07/2026 00:21:38, -15826318, -47987112, 10, 0.85, 0.13, W, 45.6, 21.6, 1.11, -0.32, 11.12, -0.08, -0.02, -0.01
21/07/2026 00:22:09, -15826326, -47987119, 9, 0.85, 0.24, W, 45.6, 21.6, 1.10, -0.32, 11.11, -0.08, -0.02, -0.01
21/07/2026 00:22:39, -15826322, -47987123, 11, 0.79, 0.26, W, 45.7, 21.6, 1.09, -0.32, 11.10, -0.08, -0.02, -0.01
21/07/2026 00:23:10, -15826325, -47987131, 11, 0.79, 0.37, W, 45.7, 21.6, 1.11, -0.31, 11.11, -0.08, -0.02, -0.01
21/07/2026 00:23:41, -15826326, -47987141, 12, 0.79, 0.41, W, 45.8, 21.6, 1.09, -0.31, 11.11, -0.08, -0.02, -0.01
21/07/2026 00:24:12, -15826317, -47987107, 11, 0.79, 0.35, W, 46.0, 21.6, 1.10, -0.32, 11.13, -0.08, -0.02, -0.01
21/07/2026 00:24:42, -15826325, -47987120, 11, 0.79, 0.22, W, 46.0, 21.6, 1.10, -0.32, 11.10, -0.08, -0.02, -0.01
21/07/2026 00:25:13, -15826333, -47987148, 12, 0.79, 0.28, W, 45.9, 21.6, 1.10, -0.32, 11.11, -0.08, -0.02, -0.01
21/07/2026 00:25:44, -15826336, -47987151, 12, 0.79, 0.26, W, 45.8, 21.6, 1.10, -0.32, 11.11, -0.08, -0.02, -0.01
21/07/2026 00:26:14, -15826333, -47987132, 11, 0.79, 0.33, W, 45.8, 21.6, 1.11, -0.32, 11.10, -0.08, -0.02, -0.01
21/07/2026 00:26:45, -15826318, -47987096, 11, 0.80, 0.07, W, 45.9, 21.6, 1.10, -0.33, 11.11, -0.08, -0.02, -0.01
21/07/2026 00:27:16, -15826337, -47987106, 12, 0.74, 0.17, W, 45.9, 21.6, 1.10, -0.31, 11.11, -0.08, -0.02, -0.01
21/07/2026 00:27:47, -15826356, -47987138, 11, 0.80, 0.09, W, 45.9, 21.6, 1.09, -0.32, 11.11, -0.08, -0.02, -0.01
21/07/2026 00:28:17, -15826363, -47987119, 12, 0.74, 0.33, W, 45.9, 21.6, 1.10, -0.31, 11.09, -0.08, -0.02, -0.01
21/07/2026 00:28:48, -15826335, -47987100, 12, 0.74, 0.07, W, 46.0, 21.6, 1.10, -0.32, 11.12, -0.08, -0.02, -0.01
21/07/2026 00:29:19, -15826330, -47987096, 12, 0.74, 0.28, W, 46.0, 21.6, 1.11, -0.31, 11.11, -0.08, -0.02, -0.01
21/07/2026 00:29:49, -15826336, -47987119, 12, 0.74, 0.48, W, 46.0, 21.6, 1.10, -0.31, 11.12, -0.08, -0.02, -0.01
21/07/2026 00:30:20, -15826327, -47987166, 12, 0.78, 0.57, W, 46.0, 21.6, 1.10, -0.31, 11.10, -0.08, -0.02, -0.01
21/07/2026 00:30:51, -15826328, -47987177, 11, 0.86, 1.02, WSW, 46.0, 21.6, 1.09, -0.30, 11.10, -0.08, -0.02, -0.01
21/07/2026 00:31:21, -15826317, -47987143, 11, 0.79, 0.24, WSW, 46.0, 21.6, 1.10, -0.31, 11.10, -0.08, -0.02, -0.01
21/07/2026 00:31:52, -15826313, -47987160, 12, 0.74, 0.06, WSW, 46.0, 21.6, 1.11, -0.32, 11.11, -0.08, -0.02, -0.01
21/07/2026 00:32:23, -15826311, -47987159, 11, 0.77, 0.54, WSW, 46.0, 21.6, 1.10, -0.31, 11.12, -0.08, -0.02, -0.01
21/07/2026 00:32:54, -15826311, -47987141, 11, 0.98, 0.09, NNW, 46.1, 21.6, 1.10, -0.31, 11.11, -0.08, -0.02, -0.01
21/07/2026 00:33:24, -15826303, -47987138, 11, 0.98, 0.43, NNW, 46.1, 21.6, 1.10, -0.31, 11.10, -0.08, -0.02, -0.01
21/07/2026 00:33:55, -15826308, -47987142, 11, 0.99, 0.43, NNW, 46.1, 21.5, 1.10, -0.31, 11.11, -0.08, -0.02, -0.01
21/07/2026 00:34:26, -15826309, -47987128, 11, 0.76, 0.52, NNW, 46.1, 21.5, 1.10, -0.31, 11.10, -0.08, -0.02, -0.01
21/07/2026 00:34:56, -15826283, -47987135, 11, 0.76, 0.19, NNW, 46.1, 21.6, 1.10, -0.31, 11.11, -0.08, -0.02, -0.01
21/07/2026 00:35:27, -15826256, -47987109, 11, 0.76, 0.20, NNW, 46.2, 21.6, 1.09, -0.31, 11.11, -0.08, -0.02, -0.01
21/07/2026 00:35:58, -15826282, -47987094, 12, 0.77, 0.31, NE, 46.2, 21.5, 1.09, -0.31, 11.10, -0.08, -0.02, -0.01
21/07/2026 00:36:29, -15826276, -47987097, 11, 0.86, 0.15, NNW, 46.2, 21.5, 1.10, -0.32, 11.12, -0.08, -0.02, -0.01
21/07/2026 00:36:59, -15826265, -47987099, 12, 0.73, 0.09, WNW, 46.2, 21.5, 1.10, -0.31, 11.10, -0.08, -0.02, -0.01
21/07/2026 00:37:30, -15826294, -47987113, 12, 0.75, 0.04, WNW, 46.4, 21.5, 1.11, -0.31, 11.10, -0.08, -0.02, -0.01
21/07/2026 00:38:01, -15826276, -47987113, 12, 0.78, 0.07, WSW, 46.4, 21.5, 1.10, -0.30, 11.11, -0.08, -0.02, -0.01
21/07/2026 00:38:31, -15826275, -47987110, 12, 0.75, 0.22, WSW, 46.5, 21.5, 1.10, -0.30, 11.11, -0.08, -0.02, -0.01
21/07/2026 00:39:02, -15826293, -47987105, 12, 0.73, 0.17, WSW, 46.5, 21.5, 1.10, -0.31, 11.09, -0.08, -0.02, -0.01
21/07/2026 00:39:33, -15826318, -47987117, 11, 0.87, 0.02, WSW, 46.5, 21.4, 1.10, -0.31, 11.10, -0.08, -0.02, -0.01
21/07/2026 00:40:04, -15826317, -47987136, 12, 0.73, 0.30, WSW, 46.4, 21.4, 1.10, -0.31, 11.10, -0.08, -0.02, -0.01
21/07/2026 00:40:34, -15826330, -47987143, 11, 0.85, 0.69, WSW, 46.5, 21.4, 1.10, -0.31, 11.10, -0.08, -0.02, -0.01
21/07/2026 00:41:05, -15826336, -47987160, 12, 0.79, 0.17, WSW, 46.6, 21.4, 1.09, -0.31, 11.10, -0.08, -0.02, -0.01
21/07/2026 00:41:36, -15826335, -47987151, 12, 1.00, 0.11, WSW, 46.6, 21.4, 1.09, -0.31, 11.11, -0.08, -0.02, -0.01
21/07/2026 00:42:06, -15826332, -47987164, 12, 0.80, 0.17, WSW, 46.7, 21.4, 1.10, -0.31, 11.10, -0.08, -0.02, -0.01
21/07/2026 00:42:37, -15826321, -47987154, 10, 1.12, 0.13, WSW, 46.6, 21.4, 1.10, -0.30, 11.11, -0.08, -0.02, -0.01
21/07/2026 00:43:08, -15826327, -47987150, 12, 1.12, 0.17, WSW, 46.7, 21.4, 1.10, -0.31, 11.11, -0.08, -0.02, -0.01
21/07/2026 00:43:39, -15826297, -47987132, 11, 0.79, 0.28, WSW, 46.7, 21.3, 1.11, -0.31, 11.10, -0.08, -0.02, -0.01
21/07/2026 00:44:09, -15826299, -47987122, 12, 0.86, 0.19, WSW, 46.7, 21.3, 1.10, -0.30, 11.09, -0.08, -0.02, -0.01
21/07/2026 00:44:40, -15826271, -47987104, 12, 0.79, 0.13, WSW, 46.9, 21.3, 1.11, -0.31, 11.10, -0.08, -0.02, -0.01
21/07/2026 00:45:11, -15826277, -47987111, 12, 0.74, 0.31, WSW, 46.9, 21.3, 1.11, -0.30, 11.11, -0.08, -0.02, -0.01
21/07/2026 00:45:41, -15826321, -47987122, 12, 0.74, 0.09, WSW, 46.9, 21.3, 1.10, -0.31, 11.11, -0.08, -0.02, -0.01
21/07/2026 00:46:12, -15826322, -47987135, 12, 0.74, 0.24, WSW, 47.0, 21.3, 1.09, -0.31, 11.11, -0.08, -0.02, -0.01
21/07/2026 00:46:43, -15826288, -47987134, 12, 0.74, 0.09, WSW, 47.1, 21.3, 1.10, -0.31, 11.10, -0.08, -0.02, -0.01
21/07/2026 00:47:14, -15826286, -47987132, 12, 0.80, 0.31, WSW, 47.2, 21.3, 1.10, -0.30, 11.11, -0.08, -0.02, -0.01
21/07/2026 00:47:44, -15826291, -47987131, 12, 0.74, 0.09, WSW, 47.2, 21.2, 1.10, -0.30, 11.11, -0.08, -0.02, -0.01
21/07/2026 00:48:15, -15826281, -47987134, 12, 0.74, 0.07, WSW, 47.2, 21.2, 1.11, -0.30, 11.10, -0.08, -0.02, -0.01
21/07/2026 00:48:46, -15826294, -47987130, 12, 0.75, 0.17, WSW, 47.3, 21.2, 1.11, -0.31, 11.11, -0.08, -0.02, -0.01
21/07/2026 00:49:16, -15826294, -47987126, 12, 0.75, 0.44, WSW, 47.4, 21.2, 1.10, -0.31, 11.10, -0.08, -0.02, -0.01
21/07/2026 00:49:47, -15826309, -47987137, 12, 0.75, 0.48, WSW, 47.4, 21.2, 1.10, -0.30, 11.10, -0.08, -0.02, -0.01
21/07/2026 00:50:18, -15826303, -47987088, 12, 0.75, 0.39, WSW, 47.5, 21.1, 1.11, -0.30, 11.11, -0.08, -0.02, -0.01
21/07/2026 00:50:49, -15826293, -47987086, 11, 0.91, 0.43, WSW, 47.5, 21.2, 1.10, -0.30, 11.10, -0.08, -0.02, -0.01
21/07/2026 00:51:19, -15826309, -47987105, 11, 0.91, 0.50, WSW, 47.6, 21.1, 1.10, -0.30, 11.10, -0.08, -0.02, -0.01
21/07/2026 00:51:50, -15826319, -47987126, 11, 0.91, 0.20, WSW, 47.5, 21.1, 1.10, -0.29, 11.10, -0.08, -0.02, -0.01
21/07/2026 00:52:21, -15826290, -47987141, 11, 0.91, 0.43, WSW, 47.6, 21.1, 1.10, -0.30, 11.11, -0.08, -0.02, -0.01
21/07/2026 00:52:51, -15826300, -47987132, 12, 0.81, 0.13, WSW, 47.7, 21.1, 1.10, -0.31, 11.10, -0.08, -0.02, -0.01
21/07/2026 00:53:22, -15826308, -47987127, 12, 0.81, 0.02, WSW, 47.7, 21.1, 1.10, -0.30, 11.10, -0.08, -0.02, -0.01
21/07/2026 00:53:53, -15826298, -47987126, 11, 0.76, 0.17, WSW, 47.6, 21.1, 1.11, -0.30, 11.11, -0.08, -0.02, -0.01
21/07/2026 00:54:24, -15826281, -47987106, 12, 0.82, 0.07, WSW, 47.7, 21.1, 1.10, -0.30, 11.10, -0.08, -0.02, -0.01
21/07/2026 00:54:54, -15826286, -47987094, 12, 0.82, 0.11, WSW, 47.7, 21.1, 1.10, -0.30, 11.10, -0.08, -0.02, -0.01
21/07/2026 00:55:25, -15826297, -47987112, 11, 0.82, 0.06, WSW, 47.7, 21.1, 1.09, -0.30, 11.11, -0.08, -0.02, -0.01
21/07/2026 00:55:56, -15826299, -47987122, 11, 0.82, 0.07, WSW, 47.7, 21.1, 1.10, -0.30, 11.11, -0.08, -0.02, -0.01
21/07/2026 00:56:26, -15826287, -47987140, 11, 0.87, 0.19, WSW, 47.7, 21.1, 1.10, -0.30, 11.11, -0.08, -0.02, -0.01
21/07/2026 00:56:57, -15826271, -47987114, 12, 0.79, 0.19, WSW, 47.8, 21.1, 1.09, -0.30, 11.10, -0.08, -0.02, -0.01
21/07/2026 00:57:28, -15826272, -47987094, 12, 0.79, 0.72, WSW, 47.9, 21.1, 1.09, -0.30, 11.11, -0.08, -0.02, -0.01
21/07/2026 00:57:59, -15826265, -47987083, 12, 0.79, 1.30, WSW, 48.0, 21.1, 1.09, -0.30, 11.09, -0.08, -0.02, -0.01
21/07/2026 00:58:29, -15826271, -47987065, 12, 0.79, 0.22, WSW, 48.0, 21.1, 1.11, -0.29, 11.09, -0.08, -0.02, -0.01
21/07/2026 00:59:00, -15826289, -47987108, 12, 0.81, 0.78, WSW, 47.9, 21.1, 1.11, -0.29, 11.10, -0.08, -0.02, -0.01
21/07/2026 00:59:31, -15826303, -47987144, 12, 0.79, 0.43, WSW, 47.6, 21.1, 1.10, -0.29, 11.09, -0.08, -0.02, -0.01
21/07/2026 01:00:01, -15826309, -47987161, 12, 0.79, 0.20, WSW, 47.6, 21.1, 1.10, -0.29, 11.10, -0.08, -0.02, -0.01
21/07/2026 01:00:32, -15826290, -47987119, 11, 0.79, 0.09, WSW, 47.7, 21.1, 1.11, -0.30, 11.10, -0.08, -0.02, -0.01
21/07/2026 01:01:03, -15826289, -47987094, 11, 0.80, 0.02, WSW, 47.9, 21.1, 1.10, -0.29, 11.11, -0.08, -0.02, -0.01
21/07/2026 01:01:34, -15826301, -47987140, 11, 0.80, 0.09, WSW, 47.7, 21.0, 1.11, -0.29, 11.10, -0.08, -0.02, -0.01
21/07/2026 01:02:04, -15826289, -47987120, 11, 0.80, 0.24, WSW, 47.7, 21.0, 1.11, -0.30, 11.10, -0.08, -0.02, -0.01
21/07/2026 01:02:35, -15826296, -47987123, 10, 0.85, 0.09, WSW, 47.9, 21.1, 1.10, -0.30, 11.10, -0.08, -0.02, -0.01
21/07/2026 01:03:06, -15826305, -47987114, 11, 0.80, 0.06, WSW, 47.9, 21.0, 1.11, -0.29, 11.12, -0.08, -0.02, -0.01
21/07/2026 01:03:36, -15826294, -47987119, 11, 0.80, 0.07, WSW, 48.0, 21.0, 1.10, -0.29, 11.09, -0.08, -0.02, -0.01
21/07/2026 01:04:07, -15826290, -47987129, 11, 0.96, 0.15, WSW, 48.0, 21.0, 1.11, -0.29, 11.10, -0.08, -0.02, -0.01
21/07/2026 01:04:38, -15826300, -47987123, 11, 0.80, 0.22, WSW, 48.0, 21.0, 1.10, -0.30, 11.12, -0.08, -0.02, -0.01
21/07/2026 01:05:09, -15826307, -47987140, 11, 0.80, 0.13, WSW, 48.0, 21.0, 1.10, -0.30, 11.11, -0.08, -0.02, -0.01
21/07/2026 01:05:39, -15826308, -47987144, 11, 0.80, 0.09, WSW, 48.1, 21.0, 1.10, -0.30, 11.11, -0.08, -0.02, -0.01
21/07/2026 01:06:10, -15826303, -47987153, 11, 0.80, 0.06, WSW, 48.2, 21.0, 1.10, -0.30, 11.12, -0.08, -0.02, -0.01
21/07/2026 01:06:41, -15826321, -47987166, 11, 0.80, 0.31, WSW, 48.0, 21.0, 1.10, -0.29, 11.11, -0.08, -0.02, -0.01
21/07/2026 01:07:11, -15826312, -47987166, 11, 0.80, 0.07, WSW, 48.1, 21.0, 1.10, -0.29, 11.11, -0.08, -0.02, -0.01
21/07/2026 01:07:42, -15826305, -47987161, 10, 0.89, 0.11, WSW, 48.1, 21.0, 1.11, -0.29, 11.11, -0.08, -0.02, -0.01
21/07/2026 01:08:13, -15826304, -47987154, 11, 0.81, 0.19, WSW, 48.2, 21.0, 1.11, -0.30, 11.11, -0.08, -0.02, -0.01
21/07/2026 01:08:44, -15826288, -47987127, 10, 0.83, 0.17, WSW, 48.2, 21.0, 1.11, -0.29, 11.09, -0.08, -0.02, -0.01
21/07/2026 01:09:14, -15826300, -47987137, 10, 0.89, 0.31, WSW, 48.3, 21.0, 1.10, -0.29, 11.10, -0.08, -0.02, -0.01
21/07/2026 01:09:45, -15826270, -47987119, 11, 0.81, 0.61, WSW, 48.3, 20.9, 1.10, -0.28, 11.10, -0.08, -0.02, -0.01
21/07/2026 01:10:16, -15826288, -47987127, 12, 0.73, 0.24, WSW, 48.3, 20.9, 1.10, -0.29, 11.12, -0.08, -0.02, -0.01
21/07/2026 01:10:46, -15826285, -47987145, 12, 0.73, 0.07, WSW, 48.4, 20.9, 1.10, -0.30, 11.09, -0.08, -0.02, -0.01
21/07/2026 01:11:17, -15826289, -47987142, 12, 0.73, 0.56, WSW, 48.4, 20.9, 1.10, -0.29, 11.10, -0.08, -0.02, -0.01
21/07/2026 01:11:48, -15826276, -47987139, 12, 0.73, 0.33, WSW, 48.3, 20.8, 1.11, -0.29, 11.10, -0.08, -0.02, -0.01
21/07/2026 01:12:19, -15826293, -47987156, 12, 0.73, 0.35, WSW, 48.5, 20.9, 1.10, -0.28, 11.12, -0.08, -0.02, -0.01
21/07/2026 01:12:49, -15826278, -47987141, 12, 0.73, 0.13, WSW, 48.5, 20.9, 1.10, -0.29, 11.10, -0.08, -0.02, -0.01
21/07/2026 01:13:20, -15826295, -47987149, 11, 0.80, 0.30, WSW, 48.6, 20.9, 1.11, -0.29, 11.10, -0.08, -0.02, -0.01
21/07/2026 01:13:51, -15826286, -47987124, 12, 0.83, 0.69, WSW, 48.5, 20.8, 1.11, -0.30, 11.11, -0.08, -0.02, -0.01
21/07/2026 01:14:21, -15826228, -47987123, 12, 0.83, 0.85, WSW, 48.5, 20.8, 1.10, -0.30, 11.11, -0.08, -0.02, -0.01
21/07/2026 01:14:52, -15826192, -47987087, 11, 0.83, 0.54, WSW, 48.6, 20.9, 1.10, -0.29, 11.11, -0.08, -0.02, -0.01
21/07/2026 01:15:23, -15826252, -47987111, 12, 0.73, 0.13, WSW, 48.4, 20.8, 1.11, -0.29, 11.12, -0.08, -0.02, -0.01
21/07/2026 01:15:54, -15826264, -47987089, 12, 0.73, 0.20, WSW, 48.5, 20.8, 1.10, -0.28, 11.11, -0.08, -0.02, -0.01
21/07/2026 01:16:24, -15826293, -47987119, 12, 0.73, 0.19, WSW, 48.6, 20.8, 1.11, -0.29, 11.11, -0.08, -0.02, -0.01
21/07/2026 01:16:55, -15826258, -47987083, 11, 1.07, 1.28, WSW, 48.6, 20.8, 1.11, -0.30, 11.10, -0.08, -0.02, -0.01
21/07/2026 01:17:26, -15826197, -47987069, 10, 1.11, 0.39, WSW, 48.6, 20.8, 1.11, -0.28, 11.10, -0.08, -0.02, -0.01
21/07/2026 01:17:56, -15826192, -47987052, 12, 1.06, 0.11, WSW, 48.5, 20.8, 1.11, -0.29, 11.10, -0.08, -0.02, -0.01
21/07/2026 01:18:27, -15826213, -47987087, 12, 1.06, 0.09, WSW, 48.6, 20.8, 1.10, -0.28, 11.10, -0.08, -0.02, -0.01
21/07/2026 01:18:58, -15826238, -47987080, 12, 0.93, 0.11, WSW, 48.6, 20.8, 1.09, -0.29, 11.11, -0.08, -0.02, -0.01
21/07/2026 01:19:29, -15826257, -47987078, 11, 0.93, 0.30, WSW, 48.6, 20.8, 1.10, -0.28, 11.10, -0.08, -0.02, -0.01
21/07/2026 01:19:59, -15826260, -47987088, 11, 0.85, 0.09, WSW, 48.6, 20.8, 1.11, -0.29, 11.10, -0.08, -0.02, -0.01
21/07/2026 01:20:30, -15826288, -47987111, 11, 0.85, 0.24, WSW, 48.6, 20.8, 1.10, -0.29, 11.11, -0.08, -0.02, -0.01
21/07/2026 01:21:01, -15826309, -47987116, 11, 0.85, 0.04, WSW, 48.6, 20.8, 1.10, -0.28, 11.10, -0.08, -0.02, -0.01
21/07/2026 01:21:31, -15826316, -47987141, 11, 1.02, 0.11, WSW, 48.7, 20.8, 1.10, -0.29, 11.11, -0.08, -0.02, -0.01
21/07/2026 01:22:02, -15826309, -47987143, 11, 1.02, 0.07, WSW, 48.7, 20.8, 1.11, -0.28, 11.10, -0.08, -0.02, -0.01
21/07/2026 01:22:33, -15826319, -47987135, 11, 0.93, 0.22, WSW, 48.7, 20.8, 1.11, -0.30, 11.10, -0.08, -0.02, -0.01
21/07/2026 01:23:04, -15826282, -47987107, 10, 0.85, 0.57, WSW, 48.6, 20.8, 1.11, -0.29, 11.11, -0.08, -0.02, -0.01
21/07/2026 01:23:34, -15826279, -47987103, 10, 0.93, 0.19, WSW, 48.7, 20.8, 1.09, -0.29, 11.12, -0.08, -0.02, -0.01
21/07/2026 01:24:05, -15826240, -47987098, 11, 0.84, 0.17, WSW, 48.7, 20.8, 1.10, -0.28, 11.10, -0.08, -0.02, -0.01
21/07/2026 01:24:36, -15826261, -47987119, 10, 0.88, 0.17, WSW, 48.7, 20.8, 1.11, -0.28, 11.10, -0.08, -0.02, -0.01
21/07/2026 01:25:06, -15826286, -47987109, 11, 0.84, 0.15, WSW, 48.6, 20.8, 1.10, -0.29, 11.10, -0.08, -0.02, -0.01
21/07/2026 01:25:37, -15826299, -47987134, 10, 0.93, 0.13, WSW, 48.7, 20.8, 1.09, -0.29, 11.11, -0.08, -0.02, -0.01
21/07/2026 01:26:08, -15826304, -47987131, 11, 1.03, 0.26, WSW, 48.7, 20.8, 1.10, -0.28, 11.12, -0.08, -0.02, -0.01
21/07/2026 01:26:39, -15826330, -47987128, 8, 1.11, 0.04, WSW, 48.5, 20.8, 1.09, -0.28, 11.12, -0.08, -0.02, -0.01
21/07/2026 01:27:09, -15826349, -47987139, 8, 1.11, 0.39, WSW, 48.6, 20.8, 1.10, -0.28, 11.12, -0.08, -0.02, -0.01
21/07/2026 01:27:40, -15826245, -47987096, 10, 0.93, 0.24, WSW, 48.5, 20.8, 1.11, -0.28, 11.10, -0.08, -0.02, -0.01
21/07/2026 01:28:11, -15826240, -47987077, 10, 0.93, 0.15, WSW, 48.5, 20.8, 1.10, -0.28, 11.11, -0.08, -0.02, -0.01
21/07/2026 01:28:41, -15826294, -47987114, 8, 1.09, 0.06, WSW, 48.5, 20.8, 1.11, -0.29, 11.12, -0.08, -0.02, -0.01
21/07/2026 01:29:12, -15826259, -47987104, 9, 1.03, 0.11, WSW, 48.5, 20.8, 1.10, -0.28, 11.12, -0.08, -0.02, -0.01
21/07/2026 01:29:42, -15826293, -47987097, 10, 0.93, 2.59, ENE, 48.5, 20.8, 1.11, -0.29, 11.12, -0.08, -0.02, -0.01
21/07/2026 01:30:13, -15826308, -47987110, 10, 0.93, 0.20, ENE, 48.5, 20.8, 1.10, -0.28, 11.11, -0.08, -0.02, -0.01
21/07/2026 01:30:43, -15826332, -47987128, 9, 1.04, 0.20, ENE, 48.5, 20.8, 1.10, -0.29, 11.09, -0.08, -0.02, -0.01
21/07/2026 01:31:14, -15826266, -47987111, 10, 0.93, 0.30, ENE, 48.4, 20.8, 1.11, -0.28, 11.10, -0.08, -0.02, -0.01
21/07/2026 01:31:45, -15826202, -47987069, 10, 0.93, 0.24, ENE, 48.5, 20.8, 1.09, -0.28, 11.10, -0.08, -0.02, -0.01
21/07/2026 01:32:15, -15826235, -47987092, 10, 0.93, 0.04, ENE, 48.5, 20.8, 1.09, -0.29, 11.10, -0.08, -0.02, -0.01
21/07/2026 01:32:46, -15826237, -47987120, 9, 1.04, 0.11, ENE, 48.4, 20.8, 1.10, -0.28, 11.10, -0.08, -0.02, -0.01
21/07/2026 01:33:17, -15826266, -47987134, 10, 1.04, 0.00, ENE, 48.5, 20.8, 1.11, -0.28, 11.11, -0.08, -0.02, -0.01
21/07/2026 01:33:48, -15826307, -47987153, 9, 1.04, 0.24, ENE, 48.5, 20.8, 1.10, -0.28, 11.11, -0.08, -0.02, -0.01
21/07/2026 01:34:18, -15826303, -47987159, 10, 1.04, 0.19, ENE, 48.5, 20.8, 1.09, -0.29, 11.11, -0.08, -0.02, -0.01
21/07/2026 01:34:49, -15826284, -47987127, 12, 0.93, 0.35, ENE, 48.4, 20.8, 1.10, -0.29, 11.11, -0.08, -0.02, -0.01
21/07/2026 01:35:20, -15826287, -47987165, 12, 0.83, 0.17, ENE, 48.4, 20.8, 1.10, -0.28, 11.11, -0.08, -0.02, -0.01
21/07/2026 01:35:50, -15826280, -47987159, 12, 0.83, 0.13, ENE, 48.3, 20.8, 1.09, -0.28, 11.11, -0.08, -0.02, -0.01
21/07/2026 01:36:21, -15826290, -47987138, 12, 0.93, 0.20, ENE, 48.3, 20.9, 1.11, -0.28, 11.11, -0.08, -0.02, -0.01
21/07/2026 01:36:52, -15826281, -47987129, 12, 1.05, 0.30, ENE, 48.3, 20.9, 1.10, -0.28, 11.11, -0.08, -0.02, -0.01
21/07/2026 01:37:23, -15826309, -47987168, 12, 0.93, 0.31, ENE, 48.3, 20.9, 1.10, -0.27, 11.10, -0.08, -0.02, -0.01
21/07/2026 01:37:53, -15826315, -47987166, 12, 0.93, 0.11, ENE, 48.3, 20.9, 1.09, -0.28, 11.10, -0.08, -0.02, -0.01
21/07/2026 01:38:24, -15826295, -47987129, 12, 0.93, 0.19, ENE, 48.2, 20.9, 1.10, -0.27, 11.11, -0.08, -0.02, -0.01
21/07/2026 01:38:55, -15826291, -47987137, 11, 0.78, 0.09, ENE, 48.2, 20.9, 1.10, -0.27, 11.11, -0.08, -0.02, -0.01
21/07/2026 01:39:25, -15826263, -47987127, 11, 0.82, 0.22, ENE, 48.3, 20.9, 1.10, -0.27, 11.11, -0.08, -0.02, -0.01
21/07/2026 01:39:56, -15826286, -47987137, 11, 0.84, 0.26, ENE, 48.2, 20.9, 1.09, -0.28, 11.11, -0.08, -0.02, -0.01
21/07/2026 01:40:27, -15826283, -47987142, 12, 0.79, 0.24, ENE, 48.2, 20.9, 1.11, -0.28, 11.10, -0.08, -0.02, -0.01
21/07/2026 01:40:58, -15826328, -47987163, 11, 0.84, 0.06, ENE, 48.2, 20.9, 1.10, -0.28, 11.11, -0.08, -0.02, -0.01
21/07/2026 01:41:28, -15826328, -47987151, 12, 0.84, 0.15, ENE, 48.2, 20.9, 1.11, -0.27, 11.11, -0.08, -0.02, -0.01
21/07/2026 01:41:59, -15826309, -47987130, 11, 0.96, 0.22, ENE, 48.3, 20.9, 1.10, -0.27, 11.10, -0.08, -0.02, -0.01
21/07/2026 01:42:30, -15826294, -47987138, 11, 0.90, 0.11, ENE, 48.2, 20.9, 1.10, -0.27, 11.09, -0.08, -0.02, -0.01
21/07/2026 01:43:00, -15826300, -47987134, 10, 0.90, 0.43, ENE, 48.1, 20.8, 1.10, -0.28, 11.11, -0.08, -0.02, -0.01
21/07/2026 01:43:31, -15826325, -47987129, 9, 0.96, 0.09, ENE, 48.2, 20.8, 1.09, -0.27, 11.10, -0.08, -0.02, -0.01
21/07/2026 01:44:02, -15826328, -47987167, 10, 0.96, 0.24, ENE, 48.4, 20.9, 1.09, -0.28, 11.11, -0.08, -0.02, -0.01
21/07/2026 01:44:33, -15826347, -47987174, 11, 0.81, 0.26, ENE, 48.3, 20.8, 1.10, -0.28, 11.11, -0.08, -0.02, -0.01
21/07/2026 01:45:03, -15826352, -47987186, 10, 0.81, 0.96, ENE, 48.3, 20.8, 1.09, -0.28, 11.11, -0.08, -0.02, -0.01
21/07/2026 01:45:34, -15826314, -47987159, 11, 0.94, 0.33, ENE, 48.3, 20.8, 1.09, -0.28, 11.11, -0.08, -0.02, -0.01
21/07/2026 01:46:05, -15826286, -47987125, 9, 1.08, 0.11, ENE, 48.3, 20.8, 1.11, -0.27, 11.10, -0.08, -0.02, -0.01
21/07/2026 01:46:35, -15826293, -47987160, 11, 0.81, 0.24, ENE, 48.3, 20.8, 1.10, -0.28, 11.10, -0.08, -0.02, -0.01
21/07/2026 01:47:06, -15826301, -47987150, 10, 0.96, 0.00, ENE, 48.4, 20.8, 1.10, -0.27, 11.12, -0.08, -0.02, -0.01
21/07/2026 01:47:37, -15826282, -47987132, 9, 0.96, 0.41, ENE, 48.4, 20.8, 1.10, -0.27, 11.11, -0.08, -0.02, -0.01
21/07/2026 01:48:07, -15826316, -47987154, 11, 0.85, 0.48, ENE, 48.5, 20.8, 1.11, -0.27, 11.12, -0.08, -0.02, -0.01
21/07/2026 01:48:38, -15826343, -47987096, 11, 0.93, 0.61, ENE, 48.5, 20.8, 1.10, -0.27, 11.11, -0.08, -0.02, -0.01
21/07/2026 01:49:09, -15826332, -47987024, 11, 0.76, 0.43, ENE, 48.6, 20.7, 1.10, -0.28, 11.10, -0.08, -0.02, -0.01
21/07/2026 01:49:40, -15826333, -47987046, 11, 0.76, 0.87, ENE, 48.7, 20.8, 1.10, -0.28, 11.10, -0.08, -0.02, -0.01
21/07/2026 01:50:10, -15826338, -47987101, 11, 0.78, 1.02, ENE, 48.7, 20.7, 1.11, -0.28, 11.10, -0.08, -0.02, -0.01
21/07/2026 01:50:41, -15826309, -47987046, 11, 0.75, 0.02, ENE, 48.7, 20.7, 1.10, -0.28, 11.10, -0.08, -0.02, -0.01
21/07/2026 01:51:12, -15826301, -47987069, 11, 0.83, 0.22, ENE, 48.8, 20.7, 1.10, -0.27, 11.11, -0.08, -0.02, -0.01
21/07/2026 01:51:42, -15826325, -47987122, 11, 0.75, 0.50, ENE, 48.9, 20.7, 1.11, -0.27, 11.12, -0.08, -0.02, -0.01
21/07/2026 01:52:13, -15826341, -47987154, 10, 0.83, 0.48, ENE, 48.9, 20.7, 1.10, -0.27, 11.11, -0.08, -0.02, -0.01
21/07/2026 01:52:44, -15826342, -47987148, 11, 0.77, 0.09, ENE, 49.0, 20.7, 1.10, -0.28, 11.11, -0.08, -0.02, -0.01
21/07/2026 01:53:15, -15826354, -47987120, 11, 0.75, 0.09, ENE, 49.0, 20.7, 1.11, -0.27, 11.11, -0.08, -0.02, -0.01
21/07/2026 01:53:45, -15826317, -47987121, 11, 0.75, 0.35, ENE, 49.0, 20.7, 1.10, -0.28, 11.11, -0.08, -0.02, -0.01
21/07/2026 01:54:16, -15826301, -47987116, 10, 0.82, 0.17, ENE, 49.0, 20.7, 1.11, -0.26, 11.11, -0.08, -0.02, -0.01
21/07/2026 01:54:47, -15826280, -47987091, 11, 0.82, 0.19, ENE, 49.1, 20.7, 1.10, -0.28, 11.12, -0.08, -0.02, -0.01
21/07/2026 01:55:18, -15826272, -47987058, 11, 0.75, 0.15, ENE, 48.9, 20.7, 1.09, -0.27, 11.09, -0.08, -0.02, -0.01
21/07/2026 01:55:48, -15826258, -47987087, 11, 0.75, 1.22, ENE, 48.8, 20.6, 1.11, -0.28, 11.11, -0.08, -0.02, -0.01
21/07/2026 01:56:19, -15826254, -47987085, 11, 0.75, 0.15, ENE, 48.9, 20.6, 1.10, -0.27, 11.10, -0.08, -0.02, -0.01
21/07/2026 01:56:50, -15826265, -47987095, 11, 0.75, 0.30, ENE, 48.9, 20.7, 1.10, -0.26, 11.11, -0.08, -0.02, -0.01
21/07/2026 01:57:20, -15826293, -47987089, 11, 0.80, 0.22, ENE, 48.7, 20.6, 1.10, -0.28, 11.12, -0.08, -0.02, -0.01
21/07/2026 01:57:51, -15826277, -47987044, 11, 0.81, 0.22, ENE, 48.7, 20.6, 1.10, -0.26, 11.11, -0.08, -0.02, -0.01
21/07/2026 01:58:22, -15826222, -47987081, 11, 0.75, 0.30, ENE, 48.8, 20.7, 1.10, -0.26, 11.11, -0.08, -0.01, -0.01
21/07/2026 01:58:53, -15826239, -47987100, 11, 0.75, 0.43, ENE, 48.7, 20.6, 1.10, -0.27, 11.12, -0.08, -0.02, -0.01
21/07/2026 01:59:23, -15826289, -47987066, 11, 0.75, 0.15, ENE, 48.7, 20.6, 1.10, -0.26, 11.10, -0.08, -0.02, -0.01
21/07/2026 01:59:54, -15826327, -47987047, 11, 0.75, 0.07, ENE, 48.7, 20.6, 1.10, -0.26, 11.10, -0.08, -0.02, -0.01
21/07/2026 02:00:25, -15826342, -47987037, 11, 0.75, 0.07, ENE, 48.8, 20.6, 1.10, -0.28, 11.12, -0.08, -0.02, -0.01
21/07/2026 02:00:55, -15826357, -47987064, 11, 0.75, 0.31, ENE, 48.8, 20.6, 1.10, -0.27, 11.10, -0.08, -0.02, -0.01
21/07/2026 02:01:26, -15826324, -47987057, 9, 0.85, 0.20, ENE, 48.8, 20.6, 1.09, -0.27, 11.12, -0.08, -0.02, -0.01
21/07/2026 02:01:57, -15826322, -47987015, 11, 0.85, 0.33, ENE, 48.8, 20.6, 1.10, -0.26, 11.10, -0.08, -0.02, -0.01
21/07/2026 02:02:28, -15826286, -47987017, 11, 0.75, 0.09, ENE, 48.8, 20.6, 1.11, -0.27, 11.11, -0.08, -0.02, -0.01
21/07/2026 02:02:58, -15826271, -47987038, 10, 0.91, 1.11, ENE, 48.8, 20.6, 1.09, -0.27, 11.10, -0.08, -0.02, -0.01
21/07/2026 02:03:29, -15826264, -47987029, 11, 0.82, 0.07, ENE, 48.8, 20.6, 1.11, -0.26, 11.10, -0.08, -0.02, -0.01
21/07/2026 02:04:00, -15826249, -47987025, 11, 0.74, 0.17, ENE, 48.9, 20.6, 1.10, -0.28, 11.10, -0.08, -0.02, -0.01
21/07/2026 02:04:30, -15826252, -47987057, 11, 0.74, 0.26, ENE, 48.8, 20.6, 1.09, -0.27, 11.11, -0.08, -0.02, -0.01
21/07/2026 02:05:01, -15826252, -47987087, 10, 0.79, 0.52, ENE, 48.7, 20.6, 1.09, -0.27, 11.12, -0.08, -0.02, -0.01
21/07/2026 02:05:32, -15826254, -47987064, 11, 0.79, 0.13, ENE, 48.6, 20.6, 1.10, -0.27, 11.10, -0.08, -0.02, -0.01
21/07/2026 02:06:03, -15826273, -47987062, 11, 0.74, 0.54, ENE, 48.6, 20.6, 1.10, -0.28, 11.12, -0.08, -0.02, -0.01
21/07/2026 02:06:26, -15826246, -47987087, 11, 0.79, 2.33, ENE, 48.6, 20.6, 1.11, -0.26, 11.11, -0.08, -0.02, -0.01
21/07/2026 02:06:57, -15826248, -47987096, 10, 0.76, 0.37, ENE, 48.8, 20.6, 1.10, -0.26, 11.11, -0.08, -0.02, -0.01
21/07/2026 02:07:27, -15826259, -47987028, 11, 0.74, 0.26, ENE, 48.8, 20.6, 1.10, -0.27, 11.11, -0.08, -0.02, -0.01
21/07/2026 02:07:58, -15826249, -47987059, 10, 0.87, 0.17, ENE, 48.9, 20.6, 1.10, -0.27, 11.10, -0.08, -0.02, -0.01
21/07/2026 02:08:29, -15826285, -47987043, 10, 0.74, 0.04, ENE, 48.9, 20.6, 1.10, -0.26, 11.10, -0.08, -0.02, -0.01
21/07/2026 02:09:00, -15826301, -47987067, 9, 0.86, 0.72, ENE, 48.9, 20.6, 1.10, -0.26, 11.11, -0.08, -0.02, -0.01
21/07/2026 02:09:30, -15826271, -47987094, 11, 0.74, 0.04, ENE, 48.9, 20.6, 1.10, -0.26, 11.11, -0.08, -0.02, -0.01
21/07/2026 02:10:01, -15826275, -47987088, 11, 0.74, 0.33, ENE, 48.9, 20.6, 1.09, -0.27, 11.11, -0.08, -0.02, -0.01
21/07/2026 02:10:32, -15826298, -47987080, 10, 0.79, 0.07, ENE, 48.9, 20.6, 1.11, -0.27, 11.11, -0.08, -0.02, -0.01
21/07/2026 02:11:02, -15826274, -47987063, 9, 0.89, 0.72, ENE, 48.9, 20.6, 1.10, -0.27, 11.11, -0.08, -0.02, -0.01
21/07/2026 02:11:33, -15826294, -47987072, 10, 0.89, 0.78, ENE, 48.9, 20.6, 1.10, -0.26, 11.11, -0.08, -0.02, -0.01
21/07/2026 02:12:04, -15826309, -47987099, 11, 0.99, 0.33, ENE, 48.9, 20.6, 1.09, -0.27, 11.10, -0.08, -0.02, -0.01
21/07/2026 02:12:35, -15826298, -47987136, 11, 0.81, 0.22, ENE, 48.8, 20.6, 1.09, -0.26, 11.11, -0.08, -0.02, -0.01
21/07/2026 02:13:05, -15826296, -47987089, 10, 0.78, 0.48, ENE, 48.7, 20.6, 1.10, -0.26, 11.10, -0.08, -0.02, -0.01
21/07/2026 02:13:36, -15826315, -47987045, 10, 0.79, 0.04, ENE, 48.7, 20.6, 1.08, -0.27, 11.13, -0.08, -0.02, -0.01
21/07/2026 02:14:07, -15826316, -47987041, 12, 0.76, 0.11, ENE, 48.7, 20.6, 1.10, -0.26, 11.11, -0.08, -0.02, -0.01
21/07/2026 02:14:37, -15826295, -47987092, 12, 0.76, 0.11, ENE, 48.8, 20.6, 1.10, -0.26, 11.10, -0.08, -0.02, -0.01
21/07/2026 02:15:08, -15826301, -47987094, 12, 0.76, 0.22, ENE, 48.8, 20.6, 1.10, -0.27, 11.11, -0.08, -0.02, -0.01
21/07/2026 02:15:39, -15826291, -47987083, 11, 0.73, 0.11, ENE, 48.8, 20.6, 1.11, -0.26, 11.12, -0.08, -0.02, -0.01
21/07/2026 02:16:10, -15826260, -47987069, 12, 0.73, 0.15, ENE, 48.8, 20.6, 1.10, -0.27, 11.10, -0.08, -0.02, -0.01
21/07/2026 02:16:40, -15826265, -47987089, 11, 0.82, 0.31, ENE, 48.8, 20.6, 1.10, -0.26, 11.11, -0.08, -0.02, -0.01
21/07/2026 02:17:11, -15826325, -47987043, 12, 0.69, 0.11, ENE, 48.7, 20.6, 1.10, -0.27, 11.11, -0.08, -0.02, -0.01
21/07/2026 02:17:42, -15826298, -47987026, 12, 0.76, 0.02, ENE, 48.9, 20.6, 1.09, -0.27, 11.10, -0.08, -0.02, -0.01
21/07/2026 02:18:12, -15826309, -47987002, 12, 0.80, 0.19, ENE, 49.0, 20.6, 1.10, -0.26, 11.11, -0.08, -0.02, -0.01
21/07/2026 02:18:43, -15826331, -47986972, 12, 0.76, 0.87, ENE, 49.0, 20.6, 1.10, -0.26, 11.10, -0.08, -0.02, -0.01
21/07/2026 02:19:14, -15826330, -47986976, 12, 0.76, 0.09, ENE, 49.1, 20.5, 1.09, -0.27, 11.10, -0.08, -0.02, -0.01
21/07/2026 02:19:45, -15826322, -47987008, 12, 0.69, 0.15, ENE, 49.2, 20.5, 1.11, -0.27, 11.09, -0.08, -0.02, -0.01
21/07/2026 02:20:15, -15826333, -47987023, 12, 0.69, 0.11, ENE, 49.2, 20.5, 1.10, -0.26, 11.10, -0.08, -0.02, -0.01
21/07/2026 02:20:46, -15826343, -47987022, 10, 0.78, 0.15, ENE, 49.2, 20.5, 1.10, -0.26, 11.10, -0.08, -0.02, -0.01
21/07/2026 02:21:17, -15826331, -47987065, 12, 0.69, 0.39, ENE, 49.3, 20.5, 1.11, -0.26, 11.11, -0.08, -0.02, -0.01
21/07/2026 02:21:48, -15826316, -47987064, 11, 1.02, 0.24, ENE, 49.4, 20.5, 1.11, -0.25, 11.09, -0.08, -0.02, -0.01
21/07/2026 02:22:18, -15826305, -47987112, 11, 0.78, 0.28, ENE, 49.4, 20.5, 1.10, -0.25, 11.11, -0.08, -0.02, -0.01
21/07/2026 02:22:49, -15826300, -47987140, 12, 0.78, 0.24, ENE, 49.4, 20.5, 1.10, -0.26, 11.11, -0.08, -0.02, -0.01
21/07/2026 02:23:20, -15826307, -47987135, 12, 0.80, 0.26, ENE, 49.4, 20.4, 1.10, -0.26, 11.10, -0.08, -0.02, -0.01
21/07/2026 02:23:50, -15826286, -47987136, 12, 0.88, 0.15, ENE, 49.4, 20.4, 1.11, -0.25, 11.11, -0.08, -0.02, -0.01
21/07/2026 02:24:21, -15826313, -47987132, 12, 0.88, 0.02, ENE, 49.4, 20.4, 1.10, -0.26, 11.09, -0.08, -0.02, -0.01
21/07/2026 02:24:52, -15826284, -47987139, 11, 0.88, 0.07, ENE, 49.4, 20.4, 1.11, -0.27, 11.12, -0.08, -0.02, -0.01
21/07/2026 02:25:23, -15826296, -47987125, 12, 0.92, 0.19, ENE, 49.5, 20.4, 1.10, -0.26, 11.11, -0.08, -0.02, -0.01
21/07/2026 02:25:53, -15826315, -47987099, 11, 0.78, 0.09, ENE, 49.5, 20.4, 1.10, -0.25, 11.09, -0.08, -0.02, -0.01
21/07/2026 02:26:24, -15826308, -47987096, 11, 0.74, 0.06, ENE, 49.6, 20.4, 1.11, -0.26, 11.11, -0.08, -0.02, -0.01
21/07/2026 02:26:55, -15826319, -47987072, 12, 0.69, 0.07, ENE, 49.6, 20.4, 1.10, -0.26, 11.09, -0.08, -0.02, -0.01
21/07/2026 02:27:25, -15826338, -47987077, 12, 0.78, 0.06, ENE, 49.6, 20.4, 1.10, -0.26, 11.10, -0.08, -0.02, -0.01
21/07/2026 02:27:56, -15826337, -47987106, 12, 0.72, 0.17, ENE, 49.5, 20.3, 1.10, -0.27, 11.10, -0.08, -0.02, -0.01
21/07/2026 02:28:27, -15826322, -47987117, 12, 0.69, 0.41, ENE, 49.6, 20.4, 1.10, -0.26, 11.10, -0.08, -0.02, -0.01
21/07/2026 02:28:58, -15826303, -47987102, 11, 0.75, 0.11, ENE, 49.6, 20.3, 1.10, -0.27, 11.11, -0.08, -0.02, -0.01
21/07/2026 02:29:28, -15826321, -47987108, 11, 0.88, 0.07, ENE, 49.7, 20.3, 1.10, -0.26, 11.11, -0.08, -0.02, -0.01
21/07/2026 02:29:59, -15826330, -47987128, 12, 0.89, 0.06, ENE, 49.7, 20.4, 1.11, -0.27, 11.11, -0.08, -0.02, -0.01
21/07/2026 02:30:30, -15826291, -47987120, 11, 0.83, 0.09, ENE, 49.8, 20.4, 1.10, -0.26, 11.10, -0.08, -0.02, -0.01
21/07/2026 02:31:00, -15826304, -47987149, 12, 0.89, 0.26, ENE, 49.8, 20.3, 1.09, -0.26, 11.10, -0.08, -0.02, -0.01
21/07/2026 02:31:31, -15826307, -47987141, 12, 0.83, 0.13, ENE, 49.7, 20.3, 1.10, -0.25, 11.11, -0.08, -0.02, -0.01
21/07/2026 02:32:02, -15826296, -47987138, 12, 0.83, 0.07, ENE, 49.7, 20.3, 1.10, -0.26, 11.10, -0.08, -0.02, -0.01
21/07/2026 02:32:33, -15826308, -47987144, 11, 0.83, 0.02, ENE, 49.7, 20.3, 1.10, -0.25, 11.10, -0.08, -0.02, -0.01
21/07/2026 02:33:03, -15826307, -47987146, 11, 0.76, 0.17, ENE, 49.7, 20.3, 1.10, -0.25, 11.11, -0.08, -0.02, -0.01
21/07/2026 02:33:34, -15826294, -47987120, 11, 0.81, 0.09, ENE, 49.7, 20.3, 1.10, -0.26, 11.10, -0.08, -0.02, -0.01
21/07/2026 02:34:05, -15826298, -47987106, 11, 0.76, 0.20, ENE, 49.7, 20.3, 1.10, -0.25, 11.11, -0.08, -0.02, -0.01
21/07/2026 02:34:36, -15826311, -47987116, 11, 0.76, 0.17, ENE, 49.8, 20.3, 1.10, -0.26, 11.09, -0.08, -0.02, -0.01
21/07/2026 02:35:06, -15826308, -47987111, 11, 0.76, 0.13, ENE, 49.7, 20.3, 1.11, -0.26, 11.10, -0.08, -0.02, -0.01
21/07/2026 02:35:37, -15826298, -47987127, 11, 0.75, 0.19, ENE, 49.7, 20.3, 1.09, -0.26, 11.12, -0.08, -0.02, -0.01
21/07/2026 02:36:08, -15826324, -47987125, 10, 0.88, 0.33, ENE, 49.6, 20.3, 1.11, -0.26, 11.11, -0.08, -0.02, -0.01
21/07/2026 02:36:38, -15826282, -47987107, 11, 0.88, 0.04, ENE, 49.6, 20.3, 1.11, -0.26, 11.09, -0.08, -0.02, -0.01
21/07/2026 02:37:09, -15826277, -47987114, 10, 0.83, 0.06, ENE, 49.5, 20.3, 1.10, -0.25, 11.10, -0.08, -0.02, -0.01
21/07/2026 02:37:40, -15826306, -47987115, 9, 0.83, 0.11, ENE, 49.7, 20.3, 1.09, -0.26, 11.12, -0.08, -0.02, -0.01
21/07/2026 02:38:11, -15826312, -47987126, 9, 0.83, 0.67, ENE, 49.6, 20.3, 1.10, -0.26, 11.11, -0.08, -0.02, -0.01
21/07/2026 02:38:41, -15826306, -47987142, 9, 0.98, 0.46, ENE, 49.6, 20.3, 1.10, -0.26, 11.10, -0.08, -0.02, -0.01
21/07/2026 02:39:12, -15826369, -47987172, 11, 0.98, 0.24, ENE, 49.6, 20.3, 1.11, -0.26, 11.10, -0.08, -0.02, -0.01
21/07/2026 02:39:43, -15826342, -47987166, 11, 1.06, 0.65, ENE, 49.7, 20.3, 1.10, -0.25, 11.10, -0.08, -0.02, -0.01
21/07/2026 02:40:13, -15826304, -47987132, 10, 0.82, 0.17, ENE, 49.7, 20.3, 1.10, -0.26, 11.11, -0.08, -0.02, -0.01
21/07/2026 02:40:44, -15826326, -47987142, 11, 1.05, 0.65, ENE, 49.7, 20.3, 1.10, -0.26, 11.11, -0.08, -0.02, -0.01
21/07/2026 02:41:15, -15826315, -47987158, 11, 0.87, 0.17, ENE, 49.6, 20.3, 1.11, -0.25, 11.12, -0.08, -0.02, -0.01
21/07/2026 02:41:46, -15826306, -47987163, 11, 0.82, 0.37, ENE, 49.5, 20.3, 1.10, -0.26, 11.09, -0.08, -0.02, -0.01
21/07/2026 02:42:16, -15826324, -47987154, 11, 0.82, 0.59, ENE, 49.6, 20.3, 1.11, -0.25, 11.11, -0.08, -0.02, -0.01
21/07/2026 02:42:47, -15826309, -47987136, 10, 0.82, 0.17, ENE, 49.5, 20.3, 1.11, -0.25, 11.12, -0.08, -0.02, -0.01
21/07/2026 02:43:18, -15826306, -47987136, 11, 0.78, 0.09, ENE, 49.4, 20.3, 1.10, -0.25, 11.10, -0.08, -0.02, -0.01
21/07/2026 02:43:48, -15826306, -47987127, 10, 0.79, 0.69, ENE, 49.5, 20.3, 1.10, -0.26, 11.11, -0.08, -0.02, -0.01
21/07/2026 02:44:19, -15826299, -47987138, 11, 0.79, 0.33, ENE, 49.6, 20.3, 1.10, -0.26, 11.09, -0.08, -0.02, -0.01
21/07/2026 02:44:50, -15826272, -47987087, 11, 0.74, 0.61, ENE, 49.6, 20.3, 1.10, -0.25, 11.11, -0.08, -0.02, -0.01
21/07/2026 02:45:21, -15826239, -47987068, 11, 0.74, 0.50, ENE, 49.5, 20.3, 1.10, -0.26, 11.10, -0.08, -0.02, -0.01
21/07/2026 02:45:51, -15826256, -47987087, 10, 0.79, 0.24, ENE, 49.5, 20.3, 1.09, -0.25, 11.11, -0.08, -0.02, -0.01
21/07/2026 02:46:22, -15826301, -47987127, 10, 0.79, 0.17, ENE, 49.4, 20.3, 1.10, -0.26, 11.10, -0.08, -0.02, -0.01
21/07/2026 02:46:53, -15826296, -47987137, 10, 0.79, 0.15, ENE, 49.5, 20.3, 1.09, -0.25, 11.10, -0.08, -0.02, -0.01
21/07/2026 02:47:24, -15826286, -47987133, 10, 1.06, 0.02, ENE, 49.5, 20.3, 1.09, -0.26, 11.10, -0.08, -0.02, -0.01
21/07/2026 02:47:54, -15826290, -47987145, 11, 0.99, 0.44, ENE, 49.5, 20.3, 1.11, -0.26, 11.11, -0.08, -0.02, -0.01
21/07/2026 02:48:25, -15826303, -47987135, 11, 0.99, 0.11, ENE, 49.4, 20.3, 1.10, -0.25, 11.10, -0.08, -0.02, -0.01
21/07/2026 02:48:56, -15826287, -47987123, 11, 0.74, 0.13, ENE, 49.4, 20.3, 1.10, -0.26, 11.10, -0.08, -0.02, -0.01
21/07/2026 02:49:26, -15826301, -47987129, 11, 0.81, 0.02, ENE, 49.4, 20.3, 1.10, -0.25, 11.10, -0.08, -0.02, -0.01
21/07/2026 02:49:57, -15826287, -47987121, 11, 0.74, 0.06, ENE, 49.4, 20.3, 1.10, -0.26, 11.11, -0.08, -0.02, -0.01
21/07/2026 02:50:28, -15826261, -47987100, 11, 0.81, 0.11, ENE, 49.3, 20.3, 1.09, -0.26, 11.10, -0.08, -0.02, -0.01
21/07/2026 02:50:59, -15826303, -47987102, 11, 0.81, 0.06, ENE, 49.3, 20.3, 1.11, -0.25, 11.11, -0.08, -0.02, -0.01
21/07/2026 02:51:29, -15826294, -47987112, 11, 0.81, 0.02, ENE, 49.3, 20.3, 1.09, -0.24, 11.10, -0.08, -0.02, -0.01
21/07/2026 02:52:00, -15826281, -47987124, 11, 0.73, 0.11, ENE, 49.3, 20.2, 1.10, -0.25, 11.09, -0.08, -0.02, -0.01
21/07/2026 02:52:31, -15826330, -47987125, 10, 0.78, 0.06, ENE, 49.4, 20.2, 1.11, -0.26, 11.10, -0.08, -0.02, -0.01
21/07/2026 02:53:01, -15826339, -47987120, 11, 0.73, 0.19, ENE, 49.3, 20.2, 1.10, -0.25, 11.10, -0.08, -0.02, -0.01
21/07/2026 02:53:32, -15826337, -47987139, 10, 0.78, 0.11, ENE, 49.3, 20.2, 1.10, -0.25, 11.12, -0.08, -0.02, -0.01
21/07/2026 02:54:03, -15826316, -47987132, 11, 0.78, 0.09, ENE, 49.3, 20.2, 1.09, -0.25, 11.10, -0.08, -0.02, -0.01
21/07/2026 02:54:34, -15826338, -47987130, 10, 0.84, 0.24, ENE, 49.3, 20.2, 1.10, -0.25, 11.09, -0.08, -0.02, -0.01
21/07/2026 02:55:04, -15826317, -47987109, 11, 1.00, 0.22, ENE, 49.3, 20.2, 1.11, -0.25, 11.11, -0.08, -0.02, -0.01
21/07/2026 02:55:35, -15826320, -47987128, 11, 0.78, 0.09, ENE, 49.3, 20.2, 1.10, -0.25, 11.11, -0.08, -0.02, -0.01
21/07/2026 02:56:06, -15826330, -47987101, 11, 0.78, 0.48, ENE, 49.3, 20.2, 1.10, -0.26, 11.11, -0.08, -0.02, -0.01
21/07/2026 02:56:37, -15826313, -47987040, 9, 0.88, 0.15, ENE, 49.4, 20.2, 1.10, -0.25, 11.11, -0.08, -0.02, -0.01
21/07/2026 02:57:07, -15826292, -47987023, 10, 0.88, 0.24, ENE, 49.4, 20.2, 1.10, -0.25, 11.10, -0.08, -0.02, -0.01
21/07/2026 02:57:38, -15826239, -47987021, 11, 0.85, 0.17, ENE, 49.5, 20.1, 1.09, -0.24, 11.10, -0.08, -0.02, -0.01
21/07/2026 02:58:09, -15826258, -47987087, 11, 0.78, 0.39, ENE, 49.6, 20.2, 1.10, -0.25, 11.10, -0.08, -0.02, -0.01
21/07/2026 02:58:39, -15826295, -47987144, 11, 0.78, 0.15, ENE, 49.6, 20.1, 1.10, -0.26, 11.11, -0.08, -0.02, -0.01
21/07/2026 02:59:10, -15826307, -47987144, 11, 0.85, 0.61, ENE, 49.6, 20.2, 1.09, -0.26, 11.12, -0.08, -0.02, -0.01
21/07/2026 02:59:41, -15826289, -47987142, 11, 0.90, 0.09, ENE, 49.6, 20.1, 1.09, -0.25, 11.11, -0.08, -0.02, -0.01
21/07/2026 03:00:01, -15826291, -47987130, 10, 0.85, 2.61, ENE, 49.7, 20.1, 1.11, -0.26, 11.09, -0.08, -0.02, -0.01
21/07/2026 03:00:32, -15826329, -47987137, 11, 0.85, 0.28, ENE, 49.7, 20.1, 1.09, -0.26, 11.12, -0.08, -0.02, -0.01
21/07/2026 03:01:02, -15826355, -47987124, 10, 0.85, 0.31, ENE, 49.7, 20.1, 1.10, -0.25, 11.11, -0.08, -0.02, -0.01
21/07/2026 03:01:33, -15826337, -47987126, 10, 0.85, 0.20, ENE, 49.8, 20.1, 1.11, -0.25, 11.11, -0.08, -0.02, -0.01
21/07/2026 03:02:04, -15826333, -47987114, 10, 0.85, 0.33, ENE, 49.9, 20.1, 1.09, -0.25, 11.11, -0.08, -0.02, -0.01
21/07/2026 03:02:35, -15826323, -47987122, 11, 0.78, 0.35, ENE, 50.0, 20.1, 1.09, -0.25, 11.09, -0.08, -0.02, -0.01
21/07/2026 03:03:05, -15826336, -47987128, 11, 0.78, 0.22, ENE, 50.0, 20.1, 1.11, -0.25, 11.11, -0.08, -0.02, -0.01
21/07/2026 03:03:36, -15826328, -47987109, 11, 0.78, 0.07, ENE, 50.0, 20.1, 1.10, -0.24, 11.10, -0.08, -0.02, -0.01
21/07/2026 03:04:07, -15826285, -47987122, 10, 0.78, 0.13, ENE, 50.0, 20.1, 1.10, -0.24, 11.11, -0.08, -0.02, -0.01
21/07/2026 03:04:38, -15826283, -47987131, 10, 0.78, 0.17, ENE, 50.1, 20.1, 1.11, -0.25, 11.10, -0.08, -0.02, -0.01
21/07/2026 03:05:08, -15826282, -47987076, 10, 0.78, 0.20, ENE, 50.0, 20.1, 1.11, -0.25, 11.10, -0.08, -0.02, -0.01
21/07/2026 03:05:39, -15826246, -47987003, 10, 0.97, 0.26, ENE, 49.9, 20.1, 1.10, -0.24, 11.11, -0.08, -0.02, -0.01
21/07/2026 03:06:10, -15826240, -47987038, 10, 1.43, 0.15, ENE, 49.8, 20.1, 1.10, -0.26, 11.10, -0.08, -0.02, -0.01
21/07/2026 03:06:40, -15826228, -47987003, 10, 0.97, 0.06, ENE, 49.7, 20.1, 1.10, -0.25, 11.09, -0.08, -0.02, -0.01
21/07/2026 03:07:11, -15826238, -47987036, 10, 0.85, 0.48, ENE, 49.7, 20.1, 1.11, -0.25, 11.11, -0.08, -0.02, -0.01
21/07/2026 03:07:42, -15826234, -47987041, 10, 0.85, 0.11, ENE, 49.8, 20.1, 1.09, -0.25, 11.11, -0.08, -0.02, -0.01
21/07/2026 03:08:13, -15826236, -47987062, 10, 1.07, 0.07, ENE, 49.7, 20.2, 1.10, -0.25, 11.11, -0.08, -0.02, -0.01
21/07/2026 03:08:43, -15826231, -47987049, 10, 0.85, 0.30, ENE, 49.8, 20.1, 1.10, -0.24, 11.12, -0.08, -0.02, -0.01
21/07/2026 03:09:14, -15826270, -47987096, 9, 1.15, 0.74, ENE, 49.7, 20.1, 1.10, -0.25, 11.11, -0.08, -0.02, -0.01
21/07/2026 03:09:45, -15826274, -47987125, 10, 0.92, 0.39, ENE, 49.7, 20.1, 1.10, -0.25, 11.10, -0.08, -0.02, -0.01
21/07/2026 03:10:15, -15826283, -47987124, 10, 1.07, 0.00, ENE, 49.7, 20.2, 1.09, -0.25, 11.09, -0.08, -0.02, -0.01
21/07/2026 03:10:46, -15826248, -47987014, 10, 0.86, 0.11, ENE, 49.7, 20.2, 1.09, -0.26, 11.11, -0.08, -0.02, -0.01
21/07/2026 03:11:17, -15826225, -47986974, 9, 0.86, 0.06, ENE, 49.7, 20.2, 1.10, -0.25, 11.10, -0.08, -0.02, -0.01
21/07/2026 03:11:48, -15826239, -47987022, 9, 0.86, 0.07, ENE, 49.7, 20.2, 1.10, -0.25, 11.11, -0.08, -0.02, -0.01
21/07/2026 03:12:18, -15826247, -47987042, 9, 0.86, 0.04, ENE, 49.7, 20.1, 1.09, -0.24, 11.09, -0.08, -0.02, -0.01
21/07/2026 03:12:49, -15826275, -47987078, 9, 0.86, 0.02, ENE, 49.7, 20.1, 1.10, -0.24, 11.10, -0.08, -0.02, -0.01
21/07/2026 03:13:20, -15826299, -47987097, 8, 0.93, 0.37, ENE, 49.6, 20.1, 1.10, -0.25, 11.11, -0.08, -0.02, -0.01
21/07/2026 03:13:50, -15826272, -47987112, 8, 0.93, 0.35, ENE, 49.6, 20.1, 1.11, -0.24, 11.11, -0.08, -0.02, -0.01
21/07/2026 03:14:21, -15826278, -47987107, 9, 0.86, 0.28, ENE, 49.6, 20.2, 1.11, -0.25, 11.10, -0.08, -0.02, -0.01
21/07/2026 03:14:52, -15826252, -47987072, 9, 0.86, 0.28, ENE, 49.5, 20.2, 1.10, -0.25, 11.11, -0.08, -0.02, -0.01
21/07/2026 03:15:23, -15826261, -47987094, 9, 0.86, 0.20, ENE, 49.5, 20.2, 1.10, -0.25, 11.10, -0.08, -0.02, -0.01
21/07/2026 03:15:53, -15826274, -47987078, 9, 0.86, 0.43, ENE, 49.5, 20.1, 1.10, -0.24, 11.10, -0.08, -0.02, -0.01
21/07/2026 03:16:24, -15826259, -47987057, 9, 0.86, 0.28, ENE, 49.4, 20.2, 1.10, -0.25, 11.11, -0.08, -0.02, -0.01
21/07/2026 03:16:55, -15826248, -47987093, 9, 0.86, 0.74, ENE, 49.5, 20.1, 1.10, -0.25, 11.10, -0.08, -0.02, -0.01
21/07/2026 03:17:25, -15826264, -47987115, 9, 0.86, 0.46, ENE, 49.5, 20.1, 1.10, -0.25, 11.11, -0.08, -0.02, -0.01
21/07/2026 03:17:56, -15826264, -47987129, 9, 0.86, 0.19, ENE, 49.5, 20.1, 1.10, -0.25, 11.11, -0.08, -0.02, -0.01
21/07/2026 03:18:27, -15826237, -47987103, 8, 0.94, 0.26, ENE, 49.5, 20.1, 1.10, -0.24, 11.12, -0.08, -0.02, -0.01
21/07/2026 03:18:58, -15826224, -47987115, 9, 0.87, 0.63, ENE, 49.5, 20.1, 1.10, -0.25, 11.10, -0.08, -0.02, -0.01
21/07/2026 03:19:28, -15826173, -47987018, 8, 0.94, 0.11, NE, 49.4, 20.1, 1.09, -0.26, 11.10, -0.08, -0.02, -0.01
21/07/2026 03:19:59, -15826210, -47987081, 9, 0.87, 0.19, NW, 49.5, 20.1, 1.10, -0.25, 11.10, -0.08, -0.02, -0.01
21/07/2026 03:20:30, -15826271, -47987127, 9, 0.87, 0.11, NW, 49.5, 20.1, 1.11, -0.24, 11.10, -0.08, -0.02, -0.01
21/07/2026 03:21:00, -15826278, -47987126, 9, 0.87, 0.07, NW, 49.4, 20.1, 1.10, -0.25, 11.11, -0.08, -0.02, -0.01
21/07/2026 03:21:31, -15826268, -47987143, 8, 0.95, 0.44, NW, 49.4, 20.1, 1.10, -0.25, 11.11, -0.08, -0.02, -0.01
21/07/2026 03:22:02, -15826254, -47987073, 9, 0.87, 0.22, NNE, 49.5, 20.1, 1.10, -0.24, 11.10, -0.08, -0.02, -0.01
21/07/2026 03:22:33, -15826230, -47987078, 9, 1.10, 0.48, NNE, 49.4, 20.0, 1.10, -0.25, 11.10, -0.08, -0.02, -0.01
21/07/2026 03:23:03, -15826222, -47987122, 9, 0.95, 0.31, NNE, 49.4, 20.1, 1.10, -0.25, 11.11, -0.08, -0.02, -0.01
21/07/2026 03:23:34, -15826260, -47987095, 9, 0.87, 0.13, NNE, 49.4, 20.0, 1.09, -0.25, 11.11, -0.08, -0.02, -0.01
21/07/2026 03:24:05, -15826291, -47987088, 9, 1.10, 0.78, NNE, 49.3, 20.0, 1.10, -0.24, 11.10, -0.08, -0.02, -0.01
21/07/2026 03:24:36, -15826296, -47987066, 9, 0.87, 0.44, NNE, 49.4, 20.0, 1.10, -0.26, 11.11, -0.08, -0.02, -0.01
21/07/2026 03:25:06, -15826271, -47987055, 8, 0.95, 0.19, NNE, 49.5, 20.0, 1.10, -0.25, 11.11, -0.08, -0.02, -0.01
21/07/2026 03:25:37, -15826265, -47987088, 9, 0.87, 0.39, NNE, 49.5, 20.0, 1.09, -0.25, 11.11, -0.08, -0.02, -0.01
21/07/2026 03:26:08, -15826279, -47987089, 9, 0.87, 0.06, NNE, 49.5, 20.0, 1.10, -0.25, 11.11, -0.08, -0.02, -0.01
21/07/2026 03:26:38, -15826289, -47987117, 9, 0.87, 0.06, NNE, 49.6, 20.0, 1.10, -0.25, 11.11, -0.08, -0.02, -0.01
21/07/2026 03:27:09, -15826316, -47987126, 8, 0.94, 0.50, NNE, 49.7, 20.0, 1.09, -0.25, 11.11, -0.08, -0.02, -0.01
21/07/2026 03:27:40, -15826312, -47987141, 9, 0.88, 0.13, NNE, 49.5, 20.0, 1.09, -0.24, 11.09, -0.08, -0.02, -0.01
21/07/2026 03:28:11, -15826323, -47987152, 9, 0.88, 0.06, NNE, 49.6, 20.0, 1.10, -0.24, 11.10, -0.08, -0.02, -0.01
21/07/2026 03:28:41, -15826327, -47987152, 9, 0.88, 0.06, NNE, 49.5, 20.0, 1.10, -0.24, 11.11, -0.08, -0.02, -0.01
21/07/2026 03:29:12, -15826320, -47987154, 9, 0.88, 0.20, NNE, 49.6, 20.0, 1.10, -0.24, 11.10, -0.08, -0.02, -0.01
21/07/2026 03:29:43, -15826326, -47987156, 9, 0.88, 0.09, NNE, 49.5, 20.0, 1.10, -0.24, 11.09, -0.08, -0.02, -0.01
21/07/2026 03:30:13, -15826307, -47987154, 9, 0.88, 0.65, NNE, 49.6, 20.0, 1.11, -0.25, 11.10, -0.08, -0.02, -0.01
21/07/2026 03:30:44, -15826294, -47987165, 10, 0.79, 0.09, NNE, 49.6, 20.0, 1.11, -0.25, 11.10, -0.08, -0.02, -0.01
21/07/2026 03:31:15, -15826304, -47987164, 10, 0.79, 0.17, NNE, 49.7, 20.0, 1.10, -0.25, 11.11, -0.08, -0.02, -0.01
21/07/2026 03:31:45, -15826314, -47987168, 10, 0.79, 0.09, NNE, 49.6, 19.9, 1.10, -0.25, 11.11, -0.08, -0.02, -0.01
21/07/2026 03:32:16, -15826311, -47987166, 10, 0.79, 0.02, NNE, 49.7, 20.0, 1.09, -0.24, 11.11, -0.08, -0.02, -0.01
21/07/2026 03:32:47, -15826320, -47987157, 10, 0.79, 0.22, NNE, 49.8, 19.9, 1.11, -0.24, 11.11, -0.08, -0.02, -0.01
21/07/2026 03:33:18, -15826289, -47987149, 10, 0.79, 0.19, NNE, 49.8, 20.0, 1.09, -0.24, 11.10, -0.08, -0.02, -0.01
21/07/2026 03:33:48, -15826293, -47987143, 10, 0.88, 0.17, NNE, 49.8, 20.0, 1.10, -0.24, 11.11, -0.08, -0.02, -0.01
21/07/2026 03:34:19, -15826318, -47987153, 10, 0.89, 0.30, NNE, 49.8, 20.0, 1.10, -0.25, 11.10, -0.08, -0.02, -0.01
21/07/2026 03:34:50, -15826330, -47987156, 10, 0.79, 0.22, NNE, 50.0, 20.0, 1.10, -0.24, 11.10, -0.08, -0.02, -0.01
21/07/2026 03:35:21, -15826292, -47987152, 10, 0.79, 0.19, NNE, 50.1, 19.9, 1.09, -0.24, 11.10, -0.08, -0.02, -0.01
21/07/2026 03:35:51, -15826306, -47987133, 10, 0.79, 0.09, NNE, 50.1, 19.9, 1.11, -0.24, 11.11, -0.08, -0.02, -0.01
21/07/2026 03:36:22, -15826290, -47987132, 10, 0.79, 0.22, NNE, 50.2, 19.9, 1.11, -0.24, 11.11, -0.08, -0.02, -0.01
21/07/2026 03:36:53, -15826322, -47987150, 10, 0.89, 0.04, NNE, 50.2, 19.9, 1.10, -0.23, 11.11, -0.08, -0.02, -0.01
21/07/2026 03:37:23, -15826320, -47987139, 10, 0.89, 0.07, NNE, 50.2, 19.9, 1.10, -0.24, 11.11, -0.08, -0.02, -0.01
21/07/2026 03:37:54, -15826310, -47987123, 10, 0.89, 0.11, NNE, 50.3, 19.9, 1.11, -0.24, 11.10, -0.08, -0.02, -0.01
21/07/2026 03:38:25, -15826323, -47987141, 10, 0.79, 0.20, NNE, 50.3, 19.9, 1.10, -0.25, 11.12, -0.08, -0.02, -0.01
21/07/2026 03:38:56, -15826309, -47987158, 10, 0.89, 0.02, NNE, 50.3, 19.9, 1.10, -0.25, 11.10, -0.08, -0.02, -0.01
21/07/2026 03:39:26, -15826309, -47987156, 10, 0.79, 0.15, NNE, 50.2, 19.8, 1.10, -0.25, 11.11, -0.08, -0.02, -0.01
21/07/2026 03:39:57, -15826297, -47987113, 10, 0.79, 0.04, NNE, 50.2, 19.8, 1.11, -0.24, 11.10, -0.08, -0.02, -0.01
21/07/2026 03:40:28, -15826274, -47987100, 10, 0.79, 0.07, NNE, 50.3, 19.9, 1.10, -0.24, 11.11, -0.08, -0.02, -0.01
21/07/2026 03:40:58, -15826284, -47987083, 10, 0.79, 0.50, NNE, 50.2, 19.8, 1.10, -0.24, 11.10, -0.08, -0.02, -0.01
21/07/2026 03:41:29, -15826276, -47987068, 10, 0.79, 0.44, NNE, 50.2, 19.8, 1.10, -0.24, 11.10, -0.08, -0.02, -0.01
21/07/2026 03:42:00, -15826261, -47987065, 10, 0.83, 0.04, NNE, 50.1, 19.9, 1.11, -0.24, 11.11, -0.08, -0.02, -0.01
21/07/2026 03:42:31, -15826286, -47987087, 10, 0.87, 1.33, NNE, 50.0, 19.9, 1.10, -0.24, 11.10, -0.08, -0.02, -0.01
21/07/2026 03:43:01, -15826285, -47987083, 10, 0.87, 0.52, NNE, 49.9, 19.8, 1.10, -0.24, 11.10, -0.08, -0.02, -0.01
21/07/2026 03:43:32, -15826293, -47987076, 10, 0.94, 0.06, NNE, 50.0, 19.9, 1.10, -0.24, 11.10, -0.08, -0.02, -0.01
21/07/2026 03:44:03, -15826271, -47987045, 10, 0.93, 0.15, NNE, 50.0, 19.9, 1.11, -0.24, 11.10, -0.08, -0.02, -0.01
21/07/2026 03:44:33, -15826282, -47987102, 9, 0.93, 0.50, NNE, 49.9, 19.9, 1.10, -0.23, 11.10, -0.08, -0.02, -0.01
21/07/2026 03:44:59, -15826282, -47987080, 10, 0.82, 2.96, NE, 49.9, 19.9, 1.10, -0.23, 11.11, -0.08, -0.02, -0.01
21/07/2026 03:45:30, -15826272, -47987033, 9, 1.26, 0.20, NE, 49.9, 19.9, 1.11, -0.25, 11.10, -0.08, -0.02, -0.01
21/07/2026 03:45:42, -15826277, -47987060, 9, 0.93, 2.17, NNW, 50.0, 19.9, 1.09, -0.25, 11.11, -0.08, -0.02, -0.01
21/07/2026 03:45:58, -15826331, -47987082, 8, 0.85, 2.02, NNW, 49.9, 19.9, 1.10, -0.24, 11.10, -0.08, -0.02, -0.01
21/07/2026 03:46:29, -15826338, -47987111, 9, 0.85, 0.09, NNW, 49.8, 19.8, 1.09, -0.24, 11.11, -0.08, -0.02, -0.01
21/07/2026 03:47:00, -15826309, -47987104, 9, 0.85, 0.09, NNW, 49.8, 19.8, 1.10, -0.24, 11.11, -0.08, -0.02, -0.01
21/07/2026 03:47:30, -15826298, -47987111, 9, 0.82, 0.35, NNW, 49.9, 19.8, 1.11, -0.24, 11.11, -0.08, -0.02, -0.01
21/07/2026 03:48:01, -15826332, -47987109, 9, 0.82, 0.04, NNW, 49.9, 19.9, 1.10, -0.23, 11.11, -0.08, -0.02, -0.01
21/07/2026 03:48:32, -15826321, -47987117, 9, 0.82, 0.09, NNW, 49.9, 19.9, 1.10, -0.25, 11.13, -0.08, -0.02, -0.01
21/07/2026 03:49:03, -15826319, -47987107, 9, 0.82, 0.22, NNW, 49.9, 19.9, 1.10, -0.24, 11.11, -0.08, -0.02, -0.01
21/07/2026 03:49:33, -15826326, -47987136, 9, 0.89, 0.06, NNW, 49.9, 19.9, 1.10, -0.23, 11.11, -0.08, -0.02, -0.01
21/07/2026 03:50:04, -15826314, -47987135, 8, 0.97, 0.04, NNW, 49.9, 19.9, 1.10, -0.23, 11.11, -0.08, -0.02, -0.01
21/07/2026 03:50:35, -15826316, -47987139, 9, 0.82, 0.13, NNW, 49.8, 19.9, 1.09, -0.24, 11.11, -0.08, -0.02, -0.01
21/07/2026 03:51:05, -15826306, -47987133, 9, 0.85, 0.37, NNW, 49.9, 19.9, 1.11, -0.24, 11.11, -0.08, -0.02, -0.01
21/07/2026 03:51:36, -15826309, -47987139, 9, 0.85, 0.41, NNW, 49.7, 19.9, 1.10, -0.24, 11.10, -0.08, -0.02, -0.01
21/07/2026 03:52:07, -15826299, -47987079, 8, 0.85, 0.33, NNW, 49.6, 19.9, 1.09, -0.23, 11.10, -0.08, -0.02, -0.01
21/07/2026 03:52:38, -15826324, -47987110, 9, 0.82, 0.17, NNW, 49.6, 19.9, 1.09, -0.24, 11.11, -0.08, -0.02, -0.01
21/07/2026 03:53:08, -15826321, -47987106, 10, 0.79, 0.17, NNW, 49.7, 19.9, 1.11, -0.23, 11.10, -0.08, -0.02, -0.01
21/07/2026 03:53:39, -15826333, -47987121, 10, 0.76, 0.37, NNW, 49.8, 19.9, 1.10, -0.24, 11.11, -0.08, -0.02, -0.01
21/07/2026 03:54:10, -15826343, -47987130, 10, 0.76, 0.41, NNW, 49.8, 19.9, 1.11, -0.24, 11.10, -0.08, -0.02, -0.01
21/07/2026 03:54:40, -15826317, -47987120, 10, 0.76, 0.09, NNW, 49.7, 19.9, 1.10, -0.24, 11.11, -0.08, -0.02, -0.01
21/07/2026 03:55:11, -15826305, -47987112, 10, 0.86, 0.02, NNW, 49.6, 20.0, 1.09, -0.23, 11.11, -0.08, -0.02, -0.01
21/07/2026 03:55:42, -15826327, -47987110, 9, 0.86, 0.35, NNW, 49.5, 20.0, 1.10, -0.24, 11.11, -0.08, -0.02, -0.01
21/07/2026 03:56:13, -15826326, -47987139, 10, 0.87, 0.28, NNW, 49.4, 20.0, 1.10, -0.24, 11.11, -0.08, -0.02, -0.01
21/07/2026 03:56:43, -15826328, -47987117, 10, 0.79, 0.07, NNW, 49.4, 20.0, 1.09, -0.23, 11.11, -0.08, -0.02, -0.01
21/07/2026 03:57:14, -15826310, -47987124, 8, 0.85, 0.02, NNW, 49.4, 20.0, 1.10, -0.24, 11.12, -0.08, -0.02, -0.01
21/07/2026 03:57:45, -15826300, -47987138, 9, 0.85, 0.24, NNW, 49.4, 20.0, 1.10, -0.23, 11.12, -0.08, -0.02, -0.01
21/07/2026 03:58:15, -15826321, -47987133, 10, 0.76, 0.15, NNW, 49.3, 20.0, 1.10, -0.24, 11.10, -0.08, -0.02, -0.01
21/07/2026 03:58:46, -15826335, -47987135, 10, 0.76, 0.37, NNW, 49.3, 20.0, 1.10, -0.23, 11.11, -0.08, -0.02, -0.01
21/07/2026 03:59:17, -15826337, -47987126, 10, 0.76, 0.43, NNW, 49.3, 20.0, 1.10, -0.24, 11.11, -0.08, -0.02, -0.01
21/07/2026 03:59:48, -15826351, -47987111, 10, 0.79, 0.00, NNW, 49.3, 20.0, 1.10, -0.23, 11.11, -0.08, -0.02, -0.01
21/07/2026 04:00:18, -15826365, -47987119, 10, 0.79, 0.28, NNW, 49.4, 20.0, 1.09, -0.24, 11.11, -0.08, -0.02, -0.01
21/07/2026 04:00:49, -15826319, -47987084, 10, 0.82, 0.20, NNW, 49.4, 20.0, 1.10, -0.23, 11.12, -0.08, -0.02, -0.01
21/07/2026 04:01:20, -15826303, -47987090, 10, 0.82, 0.33, NNW, 49.5, 20.0, 1.10, -0.24, 11.10, -0.08, -0.02, -0.01
21/07/2026 04:01:51, -15826310, -47987094, 10, 0.86, 0.50, NNW, 49.5, 19.9, 1.10, -0.24, 11.11, -0.08, -0.02, -0.01
21/07/2026 04:02:21, -15826284, -47987121, 10, 0.82, 0.43, NNW, 49.5, 19.9, 1.09, -0.24, 11.11, -0.08, -0.02, -0.01
21/07/2026 04:02:52, -15826242, -47987059, 9, 0.86, 0.89, NNW, 49.5, 19.9, 1.10, -0.23, 11.10, -0.08, -0.02, -0.01
21/07/2026 04:03:23, -15826277, -47987074, 9, 0.82, 0.54, WSW, 49.5, 19.9, 1.11, -0.24, 11.12, -0.08, -0.02, -0.01
21/07/2026 04:03:53, -15826268, -47987065, 10, 0.76, 0.37, NNW, 49.5, 19.9, 1.10, -0.23, 11.11, -0.08, -0.02, -0.01
21/07/2026 04:04:24, -15826284, -47987084, 10, 0.82, 0.43, NNW, 49.6, 19.9, 1.10, -0.23, 11.10, -0.08, -0.02, -0.01
21/07/2026 04:04:55, -15826263, -47987106, 9, 0.82, 0.48, NNW, 49.5, 19.8, 1.10, -0.23, 11.10, -0.08, -0.02, -0.01
21/07/2026 04:05:26, -15826277, -47987107, 9, 0.82, 0.59, NNW, 49.5, 19.8, 1.10, -0.24, 11.10, -0.08, -0.02, -0.01
21/07/2026 04:05:56, -15826292, -47987107, 9, 0.88, 0.63, NNW, 49.6, 19.8, 1.11, -0.24, 11.11, -0.08, -0.02, -0.01
21/07/2026 04:06:27, -15826297, -47987121, 10, 0.88, 0.19, NNW, 49.6, 19.8, 1.10, -0.24, 11.10, -0.08, -0.02, -0.01
21/07/2026 04:06:58, -15826282, -47987071, 8, 0.88, 0.54, NNW, 49.6, 19.8, 1.10, -0.24, 11.10, -0.08, -0.02, -0.01
21/07/2026 04:07:29, -15826270, -47987091, 10, 0.82, 0.24, W, 49.6, 19.8, 1.10, -0.23, 11.11, -0.08, -0.02, -0.01
21/07/2026 04:07:59, -15826295, -47987119, 9, 0.88, 0.59, W, 49.6, 19.8, 1.10, -0.23, 11.10, -0.08, -0.02, -0.01
21/07/2026 04:08:30, -15826329, -47987123, 10, 0.93, 0.11, W, 49.7, 19.8, 1.10, -0.25, 11.11, -0.08, -0.02, -0.01
21/07/2026 04:09:01, -15826284, -47987089, 9, 0.83, 0.06, W, 49.7, 19.8, 1.09, -0.22, 11.11, -0.08, -0.02, -0.01
21/07/2026 04:09:31, -15826282, -47987120, 10, 0.82, 0.20, W, 49.7, 19.8, 1.09, -0.23, 11.11, -0.08, -0.02, -0.01
21/07/2026 04:10:02, -15826311, -47987152, 10, 0.82, 0.37, W, 49.7, 19.8, 1.10, -0.23, 11.13, -0.08, -0.02, -0.01
21/07/2026 04:10:33, -15826273, -47987115, 9, 0.82, 0.02, W, 49.6, 19.8, 1.10, -0.23, 11.11, -0.08, -0.02, -0.01
21/07/2026 04:11:04, -15826291, -47987107, 10, 0.76, 0.65, W, 49.6, 19.8, 1.10, -0.23, 11.11, -0.08, -0.02, -0.01
21/07/2026 04:11:34, -15826323, -47987092, 9, 0.91, 0.20, W, 49.6, 19.9, 1.10, -0.23, 11.09, -0.08, -0.02, -0.01
21/07/2026 04:12:05, -15826276, -47987104, 10, 0.82, 0.48, W, 49.5, 19.8, 1.11, -0.23, 11.10, -0.08, -0.02, -0.01
21/07/2026 04:12:36, -15826235, -47987062, 10, 0.76, 0.22, W, 49.6, 19.8, 1.09, -0.24, 11.12, -0.08, -0.02, -0.01
21/07/2026 04:13:06, -15826191, -47987064, 10, 0.85, 0.48, W, 49.7, 19.8, 1.10, -0.24, 11.10, -0.08, -0.02, -0.01
21/07/2026 04:13:37, -15826229, -47987058, 10, 0.87, 0.91, W, 49.7, 19.8, 1.09, -0.24, 11.11, -0.08, -0.02, -0.01
21/07/2026 04:14:08, -15826281, -47987068, 10, 0.87, 0.15, W, 49.7, 19.8, 1.10, -0.23, 11.11, -0.08, -0.02, -0.01
21/07/2026 04:14:39, -15826289, -47987105, 10, 0.85, 0.07, W, 49.8, 19.8, 1.11, -0.23, 11.11, -0.08, -0.02, -0.01
21/07/2026 04:15:09, -15826278, -47987058, 10, 0.76, 0.17, W, 49.9, 19.8, 1.10, -0.23, 11.10, -0.08, -0.02, -0.01
21/07/2026 04:15:40, -15826270, -47987058, 10, 0.77, 0.20, W, 49.9, 19.8, 1.09, -0.23, 11.10, -0.08, -0.02, -0.01
21/07/2026 04:16:11, -15826271, -47987075, 10, 0.77, 0.20, W, 49.9, 19.8, 1.10, -0.24, 11.10, -0.08, -0.02, -0.01
21/07/2026 04:16:41, -15826303, -47987114, 10, 0.77, 0.63, W, 49.8, 19.8, 1.10, -0.23, 11.10, -0.08, -0.02, -0.01
21/07/2026 04:17:12, -15826305, -47987151, 10, 1.02, 0.11, NE, 49.9, 19.8, 1.09, -0.23, 11.10, -0.08, -0.02, -0.01
21/07/2026 04:17:43, -15826293, -47987172, 10, 1.02, 0.26, NE, 49.8, 19.8, 1.10, -0.24, 11.10, -0.08, -0.02, -0.01
21/07/2026 04:18:14, -15826275, -47987136, 9, 0.91, 0.13, NE, 49.8, 19.8, 1.10, -0.24, 11.10, -0.08, -0.02, -0.01
21/07/2026 04:18:32, -15826281, -47987102, 10, 0.77, 2.44, NE, 49.7, 19.8, 1.09, -0.23, 11.11, -0.08, -0.02, -0.01
21/07/2026 04:19:02, -15826312, -47987084, 10, 0.77, 0.54, NE, 49.7, 19.8, 1.10, -0.24, 11.10, -0.08, -0.02, -0.01
21/07/2026 04:19:33, -15826325, -47987062, 9, 0.92, 0.74, NE, 49.7, 19.7, 1.09, -0.23, 11.10, -0.08, -0.02, -0.01
21/07/2026 04:20:04, -15826294, -47987060, 10, 0.96, 0.39, NE, 49.7, 19.8, 1.09, -0.23, 11.11, -0.08, -0.02, -0.01
21/07/2026 04:20:32, -15826292, -47987081, 11, 0.85, 2.20, NE, 49.8, 19.8, 1.09, -0.23, 11.11, -0.08, -0.02, -0.01
21/07/2026 04:21:03, -15826307, -47987089, 11, 0.85, 0.17, NE, 49.9, 19.8, 1.11, -0.22, 11.09, -0.08, -0.02, -0.01
21/07/2026 04:21:34, -15826297, -47987105, 11, 0.92, 0.35, NE, 49.8, 19.8, 1.11, -0.23, 11.10, -0.08, -0.02, -0.01
21/07/2026 04:22:05, -15826335, -47987082, 9, 0.94, 0.39, NE, 49.8, 19.8, 1.10, -0.23, 11.11, -0.08, -0.02, -0.01
21/07/2026 04:22:35, -15826340, -47987033, 10, 0.85, 0.41, NE, 49.7, 19.8, 1.09, -0.23, 11.10, -0.08, -0.02, -0.01
21/07/2026 04:23:06, -15826294, -47987103, 10, 0.85, 0.06, NE, 49.7, 19.8, 1.10, -0.22, 11.09, -0.08, -0.02, -0.01
21/07/2026 04:23:37, -15826296, -47987116, 10, 0.85, 0.59, WNW, 49.8, 19.8, 1.10, -0.24, 11.10, -0.08, -0.02, -0.01
21/07/2026 04:24:08, -15826326, -47987131, 9, 0.92, 0.19, WNW, 49.8, 19.8, 1.10, -0.23, 11.10, -0.08, -0.02, -0.01
21/07/2026 04:24:38, -15826306, -47987103, 10, 0.92, 0.33, WNW, 49.7, 19.8, 1.09, -0.24, 11.12, -0.08, -0.02, -0.01
21/07/2026 04:25:09, -15826276, -47987109, 10, 0.77, 0.83, WNW, 49.8, 19.8, 1.10, -0.23, 11.11, -0.08, -0.02, -0.01
21/07/2026 04:25:40, -15826275, -47987155, 10, 0.77, 0.63, WNW, 49.9, 19.8, 1.10, -0.22, 11.11, -0.08, -0.02, -0.01
21/07/2026 04:26:10, -15826251, -47987109, 10, 0.77, 0.43, WNW, 49.9, 19.8, 1.09, -0.23, 11.08, -0.08, -0.02, -0.01
21/07/2026 04:26:41, -15826256, -47987089, 9, 0.86, 0.98, WNW, 49.9, 19.8, 1.10, -0.23, 11.11, -0.08, -0.02, -0.01
21/07/2026 04:27:12, -15826263, -47987076, 10, 0.86, 0.41, WNW, 49.8, 19.7, 1.09, -0.23, 11.12, -0.08, -0.02, -0.01
21/07/2026 04:27:43, -15826270, -47987118, 10, 0.86, 1.00, WNW, 49.8, 19.8, 1.10, -0.23, 11.12, -0.08, -0.02, -0.01
21/07/2026 04:28:13, -15826269, -47987114, 9, 1.08, 0.22, WNW, 49.8, 19.7, 1.10, -0.23, 11.10, -0.08, -0.02, -0.01
21/07/2026 04:28:44, -15826291, -47987100, 10, 0.86, 1.33, WNW, 49.7, 19.8, 1.10, -0.23, 11.11, -0.08, -0.02, -0.01
21/07/2026 04:29:15, -15826244, -47987132, 10, 0.91, 0.43, WNW, 49.7, 19.8, 1.10, -0.23, 11.11, -0.08, -0.02, -0.01
21/07/2026 04:29:45, -15826260, -47987129, 10, 0.86, 0.13, WNW, 49.6, 19.8, 1.10, -0.22, 11.11, -0.08, -0.02, -0.01
21/07/2026 04:30:16, -15826257, -47987141, 10, 0.86, 0.17, WNW, 49.7, 19.8, 1.10, -0.23, 11.11, -0.08, -0.02, -0.01
21/07/2026 04:30:47, -15826245, -47987120, 10, 0.77, 0.19, WNW, 49.8, 19.8, 1.11, -0.24, 11.09, -0.08, -0.02, -0.01
21/07/2026 04:31:18, -15826264, -47987092, 10, 0.77, 0.22, WNW, 50.0, 19.8, 1.10, -0.22, 11.10, -0.08, -0.02, -0.01
21/07/2026 04:31:48, -15826228, -47987046, 10, 0.77, 0.06, WNW, 50.0, 19.8, 1.09, -0.23, 11.12, -0.08, -0.02, -0.01
21/07/2026 04:32:19, -15826251, -47987080, 10, 0.77, 0.04, WNW, 49.9, 19.8, 1.10, -0.24, 11.10, -0.08, -0.02, -0.01
21/07/2026 04:32:50, -15826260, -47987094, 10, 0.77, 0.46, WNW, 49.9, 19.8, 1.10, -0.23, 11.10, -0.08, -0.02, -0.01
21/07/2026 04:33:21, -15826242, -47987070, 10, 0.77, 0.28, WNW, 50.0, 19.8, 1.10, -0.23, 11.11, -0.08, -0.02, -0.01
21/07/2026 04:33:51, -15826235, -47987031, 10, 0.98, 0.35, WNW, 49.9, 19.8, 1.10, -0.24, 11.11, -0.08, -0.02, -0.01
21/07/2026 04:34:22, -15826239, -47987028, 10, 0.82, 0.00, WNW, 50.0, 19.7, 1.10, -0.23, 11.11, -0.08, -0.02, -0.01
21/07/2026 04:34:53, -15826249, -47987070, 10, 0.97, 0.35, WNW, 50.0, 19.8, 1.11, -0.24, 11.12, -0.08, -0.02, -0.01
21/07/2026 04:35:23, -15826234, -47987047, 10, 0.84, 0.39, WNW, 50.0, 19.8, 1.09, -0.23, 11.12, -0.08, -0.02, -0.01
21/07/2026 04:35:54, -15826247, -47987085, 10, 0.90, 0.43, WNW, 50.0, 19.8, 1.09, -0.23, 11.10, -0.08, -0.02, -0.01
21/07/2026 04:36:25, -15826283, -47987102, 10, 0.84, 0.61, WNW, 50.1, 19.8, 1.10, -0.24, 11.12, -0.08, -0.02, -0.01
21/07/2026 04:36:56, -15826319, -47987101, 10, 0.84, 0.31, WNW, 50.2, 19.8, 1.10, -0.23, 11.11, -0.08, -0.02, -0.01
21/07/2026 04:37:26, -15826302, -47987119, 10, 0.87, 0.87, WNW, 50.2, 19.8, 1.10, -0.23, 11.10, -0.08, -0.02, -0.01
21/07/2026 04:37:57, -15826301, -47987147, 9, 0.87, 0.33, WNW, 50.1, 19.8, 1.09, -0.23, 11.11, -0.08, -0.02, -0.01
21/07/2026 04:38:28, -15826323, -47987146, 9, 0.98, 0.80, WNW, 50.1, 19.8, 1.09, -0.23, 11.11, -0.08, -0.02, -0.01
21/07/2026 04:38:58, -15826310, -47987165, 9, 0.93, 0.91, WNW, 50.1, 19.8, 1.10, -0.24, 11.11, -0.08, -0.02, -0.01
21/07/2026 04:39:29, -15826371, -47987088, 9, 0.93, 0.09, WNW, 50.0, 19.8, 1.10, -0.23, 11.12, -0.08, -0.02, -0.01
21/07/2026 04:40:00, -15826362, -47987098, 9, 0.87, 0.31, WNW, 49.9, 19.7, 1.10, -0.24, 11.11, -0.08, -0.02, -0.01
21/07/2026 04:40:31, -15826332, -47987060, 9, 0.84, 0.43, WNW, 50.0, 19.8, 1.10, -0.23, 11.10, -0.08, -0.02, -0.01
21/07/2026 04:41:01, -15826309, -47987035, 9, 0.95, 0.31, WNW, 50.0, 19.8, 1.09, -0.23, 11.12, -0.08, -0.02, -0.01
21/07/2026 04:41:32, -15826317, -47987001, 9, 0.87, 0.11, WNW, 50.1, 19.8, 1.10, -0.22, 11.12, -0.08, -0.02, -0.01
21/07/2026 04:42:03, -15826286, -47986996, 9, 0.94, 0.31, WNW, 50.0, 19.8, 1.10, -0.23, 11.11, -0.08, -0.02, -0.01
21/07/2026 04:42:34, -15826274, -47986998, 9, 0.85, 0.26, WNW, 50.0, 19.7, 1.10, -0.22, 11.11, -0.08, -0.02, -0.01
21/07/2026 04:43:04, -15826256, -47987042, 7, 1.09, 0.44, WNW, 50.0, 19.7, 1.09, -0.23, 11.11, -0.08, -0.02, -0.01
21/07/2026 04:43:35, -15826280, -47987101, 9, 0.85, 0.11, WNW, 49.9, 19.7, 1.11, -0.23, 11.12, -0.08, -0.02, -0.01
21/07/2026 04:44:06, -15826302, -47987088, 9, 0.85, 0.41, WNW, 49.9, 19.8, 1.10, -0.23, 11.12, -0.08, -0.02, -0.01
21/07/2026 04:44:37, -15826310, -47987110, 8, 0.90, 0.17, WNW, 49.9, 19.8, 1.10, -0.23, 11.11, -0.08, -0.02, -0.01
21/07/2026 04:45:07, -15826298, -47987089, 8, 0.94, 0.63, WNW, 49.9, 19.7, 1.10, -0.22, 11.10, -0.08, -0.02, -0.01
21/07/2026 04:45:38, -15826278, -47987094, 9, 0.94, 0.69, WNW, 49.9, 19.8, 1.10, -0.23, 11.11, -0.08, -0.02, -0.01
21/07/2026 04:46:09, -15826233, -47987052, 6, 1.02, 0.91, WNW, 49.9, 19.8, 1.10, -0.23, 11.10, -0.08, -0.02, -0.01
21/07/2026 04:46:39, -15826206, -47986961, 8, 0.87, 0.20, WNW, 49.9, 19.8, 1.10, -0.22, 11.12, -0.08, -0.02, -0.01
21/07/2026 04:47:10, -15826246, -47986952, 8, 0.87, 0.35, WNW, 49.9, 19.8, 1.10, -0.22, 11.11, -0.08, -0.02, -0.01
21/07/2026 04:47:41, -15826282, -47986990, 9, 0.85, 0.35, WNW, 49.7, 19.8, 1.10, -0.23, 11.10, -0.08, -0.02, -0.01
21/07/2026 04:48:12, -15826273, -47987044, 9, 0.85, 0.30, WNW, 49.7, 19.8, 1.10, -0.23, 11.12, -0.08, -0.02, -0.01
21/07/2026 04:48:42, -15826256, -47987013, 9, 0.94, 0.19, WNW, 49.6, 19.8, 1.09, -0.23, 11.10, -0.08, -0.02, -0.01
21/07/2026 04:49:13, -15826244, -47987028, 9, 0.85, 0.20, WNW, 49.7, 19.8, 1.10, -0.23, 11.11, -0.08, -0.02, -0.01
21/07/2026 04:49:44, -15826245, -47987061, 9, 0.85, 0.50, WNW, 49.7, 19.8, 1.10, -0.23, 11.12, -0.08, -0.02, -0.01
21/07/2026 04:50:14, -15826264, -47987077, 8, 0.94, 0.07, WNW, 49.7, 19.8, 1.10, -0.22, 11.11, -0.08, -0.02, -0.01
21/07/2026 04:50:45, -15826280, -47987063, 9, 0.85, 0.33, WNW, 49.6, 19.8, 1.09, -0.23, 11.10, -0.08, -0.02, -0.01
21/07/2026 04:51:16, -15826299, -47987115, 9, 1.24, 0.00, WNW, 49.5, 19.8, 1.09, -0.22, 11.12, -0.08, -0.02, -0.01
21/07/2026 04:51:47, -15826304, -47987152, 9, 1.25, 0.20, WNW, 49.5, 19.8, 1.10, -0.23, 11.11, -0.08, -0.02, -0.01
21/07/2026 04:52:17, -15826303, -47987125, 9, 0.94, 0.15, WNW, 49.4, 19.8, 1.09, -0.23, 11.10, -0.08, -0.02, -0.01
21/07/2026 04:52:48, -15826311, -47987090, 9, 0.86, 0.26, WNW, 49.4, 19.8, 1.10, -0.21, 11.11, -0.08, -0.02, -0.01
21/07/2026 04:53:19, -15826316, -47987125, 8, 1.02, 0.78, WNW, 49.4, 19.8, 1.10, -0.23, 11.12, -0.08, -0.02, -0.01
21/07/2026 04:53:49, -15826339, -47987107, 9, 1.02, 1.09, WNW, 49.5, 19.8, 1.09, -0.22, 11.11, -0.08, -0.02, -0.01
21/07/2026 04:54:20, -15826325, -47987072, 8, 0.97, 0.76, WNW, 49.6, 19.8, 1.10, -0.24, 11.11, -0.08, -0.02, -0.01
21/07/2026 04:54:51, -15826306, -47987061, 9, 0.91, 0.37, WNW, 49.6, 19.8, 1.10, -0.22, 11.11, -0.08, -0.02, -0.01
21/07/2026 04:55:22, -15826291, -47987092, 8, 0.87, 0.13, NW, 49.6, 19.8, 1.11, -0.22, 11.11, -0.08, -0.02, -0.01
21/07/2026 04:55:52, -15826279, -47987152, 9, 0.87, 0.09, NW, 49.6, 19.8, 1.10, -0.22, 11.10, -0.08, -0.02, -0.01
21/07/2026 04:56:23, -15826247, -47987162, 8, 1.00, 0.33, NW, 49.6, 19.8, 1.09, -0.22, 11.10, -0.08, -0.02, -0.01
21/07/2026 04:56:52, -15826244, -47987077, 7, 0.92, 2.06, NW, 49.7, 19.8, 1.10, -0.23, 11.10, -0.08, -0.02, -0.01
21/07/2026 04:57:22, -15826239, -47986957, 8, 0.87, 0.22, NW, 49.6, 19.8, 1.10, -0.22, 11.10, -0.08, -0.02, -0.01
21/07/2026 04:57:53, -15826254, -47986993, 8, 0.90, 0.15, NW, 49.6, 19.7, 1.10, -0.22, 11.11, -0.08, -0.02, -0.01
21/07/2026 04:58:24, -15826260, -47987014, 8, 1.00, 0.33, NW, 49.7, 19.7, 1.09, -0.22, 11.11, -0.08, -0.02, -0.01
21/07/2026 04:58:54, -15826247, -47987009, 6, 0.97, 0.41, NW, 49.7, 19.8, 1.11, -0.22, 11.10, -0.08, -0.02, -0.01
21/07/2026 04:59:25, -15826272, -47986999, 9, 0.91, 0.06, NW, 49.8, 19.8, 1.10, -0.22, 11.11, -0.08, -0.02, -0.01
21/07/2026 04:59:56, -15826286, -47987009, 9, 0.86, 0.06, NW, 49.8, 19.7, 1.10, -0.23, 11.09, -0.08, -0.02, -0.01
21/07/2026 05:00:27, -15826282, -47987003, 7, 1.01, 0.11, NW, 50.0, 19.7, 1.10, -0.22, 11.11, -0.08, -0.02, -0.01
21/07/2026 05:00:57, -15826295, -47987062, 9, 0.86, 0.13, NW, 49.9, 19.7, 1.09, -0.23, 11.11, -0.08, -0.02, -0.01
21/07/2026 05:01:28, -15826309, -47987067, 9, 0.98, 0.61, NW, 50.0, 19.7, 1.10, -0.22, 11.12, -0.08, -0.02, -0.01
21/07/2026 05:01:59, -15826302, -47987069, 9, 0.86, 0.37, NW, 50.1, 19.7, 1.10, -0.22, 11.10, -0.08, -0.02, -0.01
21/07/2026 05:02:29, -15826294, -47987106, 9, 0.87, 0.07, NW, 50.0, 19.6, 1.09, -0.23, 11.11, -0.08, -0.02, -0.01
21/07/2026 05:03:00, -15826268, -47987154, 9, 0.87, 0.39, NW, 50.1, 19.6, 1.10, -0.22, 11.11, -0.08, -0.02, -0.01
21/07/2026 05:03:31, -15826283, -47987114, 10, 0.93, 0.28, NW, 50.1, 19.6, 1.10, -0.23, 11.12, -0.08, -0.02, -0.01
21/07/2026 05:04:02, -15826281, -47987103, 10, 0.95, 0.20, NW, 50.2, 19.6, 1.10, -0.22, 11.11, -0.08, -0.02, -0.01
21/07/2026 05:04:32, -15826271, -47987134, 8, 1.05, 0.06, NW, 50.3, 19.6, 1.10, -0.22, 11.09, -0.08, -0.02, -0.01
21/07/2026 05:05:03, -15826262, -47987106, 10, 0.95, 0.22, NW, 50.3, 19.6, 1.11, -0.22, 11.10, -0.08, -0.02, -0.01
21/07/2026 05:05:34, -15826301, -47987127, 8, 0.97, 0.56, NW, 50.3, 19.6, 1.10, -0.23, 11.10, -0.08, -0.02, -0.01
21/07/2026 05:06:04, -15826336, -47987120, 9, 0.97, 0.15, NW, 50.2, 19.6, 1.09, -0.22, 11.11, -0.08, -0.02, -0.01
21/07/2026 05:06:35, -15826356, -47987073, 9, 1.06, 0.48, NW, 50.3, 19.6, 1.10, -0.23, 11.11, -0.08, -0.02, -0.01
21/07/2026 05:07:06, -15826334, -47987138, 10, 1.00, 0.00, NW, 50.5, 19.6, 1.10, -0.22, 11.10, -0.08, -0.02, -0.01
21/07/2026 05:07:37, -15826312, -47987114, 9, 1.01, 0.20, NW, 50.6, 19.5, 1.10, -0.23, 11.11, -0.08, -0.02, -0.01
21/07/2026 05:08:07, -15826299, -47987052, 10, 0.83, 0.19, NW, 50.6, 19.5, 1.10, -0.22, 11.11, -0.08, -0.02, -0.01
21/07/2026 05:08:38, -15826311, -47987067, 9, 0.92, 0.28, NW, 50.5, 19.5, 1.11, -0.22, 11.11, -0.08, -0.02, -0.01
21/07/2026 05:09:09, -15826300, -47987106, 10, 1.09, 0.20, NW, 50.5, 19.5, 1.10, -0.23, 11.11, -0.08, -0.02, -0.01
21/07/2026 05:09:40, -15826272, -47987133, 9, 1.19, 0.80, NW, 50.3, 19.5, 1.10, -0.22, 11.10, -0.08, -0.02, -0.01
21/07/2026 05:10:10, -15826276, -47987157, 10, 0.88, 0.39, NW, 50.3, 19.5, 1.10, -0.22, 11.11, -0.08, -0.02, -0.01
21/07/2026 05:10:41, -15826270, -47987194, 10, 0.88, 0.65, NW, 50.3, 19.5, 1.10, -0.22, 11.10, -0.08, -0.02, -0.01
21/07/2026 05:11:03, -15826293, -47987180, 10, 0.88, 2.59, NW, 50.3, 19.5, 1.09, -0.23, 11.09, -0.08, -0.02, -0.01
21/07/2026 05:11:30, -15826272, -47987153, 9, 0.94, 3.28, NW, 50.4, 19.5, 1.11, -0.22, 11.11, -0.08, -0.02, -0.01
21/07/2026 05:12:00, -15826265, -47987125, 9, 0.94, 0.02, NW, 50.5, 19.5, 1.09, -0.22, 11.11, -0.08, -0.02, -0.01
21/07/2026 05:12:31, -15826283, -47987149, 8, 1.00, 0.33, NW, 50.6, 19.5, 1.11, -0.23, 11.10, -0.08, -0.02, -0.01
21/07/2026 05:13:02, -15826323, -47987150, 9, 0.94, 0.61, NW, 50.6, 19.5, 1.10, -0.22, 11.10, -0.08, -0.02, -0.01
21/07/2026 05:13:33, -15826329, -47987126, 10, 0.84, 0.24, NW, 50.5, 19.4, 1.11, -0.22, 11.11, -0.08, -0.02, -0.01
21/07/2026 05:14:03, -15826339, -47987131, 8, 1.09, 0.20, NW, 50.6, 19.5, 1.10, -0.23, 11.11, -0.08, -0.02, -0.01
21/07/2026 05:14:17, -15826340, -47987143, 10, 1.09, 3.37, E, 50.5, 19.4, 1.10, -0.23, 11.12, -0.08, -0.02, -0.01
21/07/2026 05:14:48, -15826334, -47987123, 10, 0.87, 0.07, E, 50.5, 19.4, 1.10, -0.22, 11.11, -0.08, -0.02, -0.01
21/07/2026 05:15:19, -15826302, -47987138, 9, 0.87, 0.20, E, 50.5, 19.4, 1.10, -0.22, 11.12, -0.08, -0.02, -0.01
21/07/2026 05:15:49, -15826294, -47987164, 9, 0.87, 0.39, E, 50.7, 19.4, 1.10, -0.22, 11.11, -0.08, -0.02, -0.01
21/07/2026 05:16:20, -15826295, -47987171, 10, 0.89, 0.52, E, 50.8, 19.4, 1.10, -0.22, 11.11, -0.08, -0.02, -0.01
21/07/2026 05:16:51, -15826296, -47987164, 9, 0.95, 0.28, E, 50.8, 19.4, 1.10, -0.21, 11.13, -0.08, -0.02, -0.01
21/07/2026 05:17:22, -15826321, -47987153, 8, 1.04, 0.46, E, 50.8, 19.4, 1.11, -0.22, 11.12, -0.08, -0.02, -0.01
21/07/2026 05:17:52, -15826313, -47987167, 10, 0.95, 0.26, E, 50.8, 19.4, 1.10, -0.22, 11.10, -0.08, -0.02, -0.01
21/07/2026 05:18:07, -15826300, -47987171, 9, 0.95, 2.82, E, 50.7, 19.4, 1.10, -0.22, 11.11, -0.08, -0.02, -0.01
21/07/2026 05:18:38, -15826299, -47987181, 10, 0.84, 0.41, E, 50.7, 19.4, 1.10, -0.23, 11.11, -0.08, -0.02, -0.01
21/07/2026 05:19:09, -15826298, -47987119, 10, 0.84, 0.33, E, 50.8, 19.4, 1.10, -0.22, 11.11, -0.08, -0.02, -0.01
21/07/2026 05:19:39, -15826293, -47987078, 9, 1.13, 0.17, E, 50.8, 19.4, 1.10, -0.22, 11.12, -0.08, -0.02, -0.01
21/07/2026 05:20:10, -15826277, -47986991, 8, 0.92, 0.17, E, 50.8, 19.4, 1.10, -0.22, 11.11, -0.08, -0.02, -0.01
21/07/2026 05:20:41, -15826296, -47986993, 10, 0.84, 0.20, E, 50.7, 19.4, 1.10, -0.22, 11.11, -0.08, -0.02, -0.01
21/07/2026 05:21:11, -15826296, -47987019, 10, 0.86, 0.31, E, 50.8, 19.4, 1.10, -0.22, 11.10, -0.08, -0.02, -0.01
21/07/2026 05:21:42, -15826290, -47987038, 10, 0.86, 0.07, E, 50.8, 19.4, 1.10, -0.22, 11.11, -0.08, -0.02, -0.01
21/07/2026 05:22:13, -15826276, -47987092, 9, 0.97, 0.13, E, 50.7, 19.4, 1.10, -0.21, 11.10, -0.08, -0.02, -0.01
21/07/2026 05:22:44, -15826266, -47987142, 10, 0.86, 0.13, E, 50.6, 19.4, 1.10, -0.21, 11.10, -0.08, -0.02, -0.01
21/07/2026 05:23:14, -15826264, -47987109, 10, 1.02, 0.11, E, 50.6, 19.4, 1.10, -0.22, 11.10, -0.08, -0.02, -0.01
21/07/2026 05:23:45, -15826262, -47987077, 9, 0.86, 0.37, E, 50.7, 19.4, 1.10, -0.23, 11.11, -0.08, -0.02, -0.01
21/07/2026 05:24:16, -15826243, -47987087, 9, 0.86, 0.17, E, 50.6, 19.4, 1.11, -0.22, 11.10, -0.08, -0.02, -0.01
21/07/2026 05:24:46, -15826265, -47987006, 9, 0.91, 0.17, E, 50.7, 19.4, 1.09, -0.22, 11.11, -0.08, -0.02, -0.01
21/07/2026 05:25:17, -15826262, -47987007, 9, 0.86, 0.15, E, 50.8, 19.4, 1.09, -0.21, 11.12, -0.08, -0.02, -0.01
21/07/2026 05:25:48, -15826263, -47986973, 8, 0.91, 0.15, E, 50.8, 19.4, 1.09, -0.22, 11.11, -0.08, -0.02, -0.01
21/07/2026 05:26:19, -15826256, -47986950, 9, 0.86, 0.17, E, 50.8, 19.4, 1.10, -0.22, 11.10, -0.08, -0.02, -0.01
21/07/2026 05:26:49, -15826254, -47986998, 10, 0.80, 0.06, E, 50.8, 19.4, 1.11, -0.22, 11.09, -0.08, -0.02, -0.01
21/07/2026 05:27:20, -15826263, -47987044, 10, 0.76, 0.11, E, 50.9, 19.4, 1.10, -0.22, 11.10, -0.08, -0.02, -0.01
21/07/2026 05:27:51, -15826252, -47987074, 10, 0.79, 0.09, E, 51.0, 19.3, 1.10, -0.22, 11.12, -0.08, -0.02, -0.01
21/07/2026 05:28:22, -15826248, -47987095, 10, 0.76, 0.11, E, 51.0, 19.3, 1.10, -0.22, 11.11, -0.08, -0.02, -0.01
21/07/2026 05:28:52, -15826270, -47987048, 10, 0.76, 0.07, E, 51.0, 19.3, 1.11, -0.21, 11.10, -0.08, -0.02, -0.01
21/07/2026 05:29:23, -15826294, -47987057, 10, 0.86, 0.09, E, 51.0, 19.3, 1.10, -0.22, 11.12, -0.08, -0.02, -0.01
21/07/2026 05:29:54, -15826281, -47987033, 10, 0.76, 0.41, E, 51.0, 19.4, 1.09, -0.23, 11.11, -0.08, -0.02, -0.01
21/07/2026 05:30:24, -15826287, -47987072, 9, 0.79, 0.35, E, 51.1, 19.3, 1.09, -0.21, 11.11, -0.08, -0.02, -0.01
21/07/2026 05:30:55, -15826265, -47987089, 10, 0.76, 0.15, E, 51.1, 19.3, 1.09, -0.23, 11.11, -0.08, -0.02, -0.01
21/07/2026 05:31:26, -15826212, -47987034, 10, 0.83, 0.93, E, 51.1, 19.3, 1.11, -0.22, 11.11, -0.08, -0.02, -0.01
21/07/2026 05:31:56, -15826217, -47987074, 10, 0.76, 0.20, E, 51.2, 19.3, 1.09, -0.22, 11.11, -0.08, -0.02, -0.01
21/07/2026 05:32:27, -15826244, -47987119, 11, 0.76, 0.22, E, 51.2, 19.3, 1.10, -0.21, 11.12, -0.08, -0.02, -0.01
21/07/2026 05:32:58, -15826246, -47987061, 11, 0.76, 0.39, E, 51.2, 19.3, 1.10, -0.22, 11.11, -0.08, -0.02, -0.01
21/07/2026 05:33:29, -15826255, -47987018, 11, 0.83, 0.13, E, 51.2, 19.3, 1.10, -0.21, 11.09, -0.08, -0.02, -0.01
21/07/2026 05:33:59, -15826260, -47987037, 10, 0.91, 0.24, E, 51.2, 19.3, 1.09, -0.22, 11.11, -0.08, -0.02, -0.01
21/07/2026 05:34:30, -15826267, -47987052, 11, 0.74, 0.06, E, 51.2, 19.3, 1.10, -0.21, 11.12, -0.08, -0.02, -0.01
21/07/2026 05:35:01, -15826284, -47987063, 11, 0.72, 0.09, E, 51.2, 19.3, 1.11, -0.21, 11.10, -0.08, -0.02, -0.01
21/07/2026 05:35:31, -15826297, -47987148, 11, 0.72, 0.15, E, 51.1, 19.3, 1.11, -0.22, 11.11, -0.08, -0.02, -0.01
21/07/2026 05:36:02, -15826279, -47987133, 11, 0.74, 0.22, E, 51.1, 19.2, 1.10, -0.22, 11.11, -0.08, -0.02, -0.01
21/07/2026 05:36:33, -15826324, -47987206, 11, 0.79, 0.20, E, 51.2, 19.2, 1.09, -0.21, 11.11, -0.08, -0.02, -0.01
21/07/2026 05:37:04, -15826294, -47987153, 11, 0.72, 0.33, E, 51.2, 19.2, 1.09, -0.21, 11.10, -0.08, -0.02, -0.01
21/07/2026 05:37:34, -15826262, -47987099, 10, 0.91, 0.17, E, 51.3, 19.2, 1.10, -0.21, 11.13, -0.08, -0.02, -0.01
21/07/2026 05:38:05, -15826221, -47987081, 10, 0.75, 0.17, E, 51.4, 19.2, 1.09, -0.22, 11.10, -0.08, -0.02, -0.01
21/07/2026 05:38:36, -15826251, -47987138, 10, 0.76, 0.19, E, 51.5, 19.2, 1.10, -0.21, 11.11, -0.08, -0.02, -0.01
21/07/2026 05:39:06, -15826269, -47987179, 10, 0.91, 0.11, E, 51.4, 19.2, 1.11, -0.22, 11.10, -0.08, -0.02, -0.01
21/07/2026 05:39:37, -15826238, -47987137, 9, 0.91, 0.02, E, 51.4, 19.1, 1.10, -0.21, 11.12, -0.08, -0.02, -0.01
21/07/2026 05:40:08, -15826294, -47987182, 11, 0.91, 0.17, E, 51.4, 19.1, 1.10, -0.22, 11.11, -0.08, -0.02, -0.01
21/07/2026 05:40:38, -15826297, -47987161, 9, 0.91, 0.52, E, 51.5, 19.1, 1.11, -0.22, 11.10, -0.08, -0.02, -0.01
21/07/2026 05:41:09, -15826299, -47987143, 9, 1.18, 0.37, E, 51.5, 19.1, 1.09, -0.21, 11.12, -0.08, -0.02, -0.01
21/07/2026 05:41:40, -15826341, -47987173, 11, 0.91, 0.07, E, 51.4, 19.1, 1.10, -0.21, 11.10, -0.08, -0.02, -0.01
21/07/2026 05:42:11, -15826303, -47987164, 11, 0.74, 0.07, E, 51.4, 19.1, 1.10, -0.21, 11.11, -0.08, -0.02, -0.01
21/07/2026 05:42:41, -15826347, -47987214, 10, 0.80, 0.07, E, 51.4, 19.1, 1.10, -0.21, 11.12, -0.08, -0.02, -0.01
21/07/2026 05:43:12, -15826323, -47987198, 11, 0.82, 0.09, E, 51.5, 19.1, 1.11, -0.21, 11.10, -0.08, -0.02, -0.01
21/07/2026 05:43:43, -15826337, -47987227, 11, 0.71, 0.15, E, 51.3, 19.0, 1.10, -0.22, 11.08, -0.08, -0.02, -0.01
21/07/2026 05:44:13, -15826312, -47987202, 10, 0.80, 0.07, E, 51.4, 19.0, 1.10, -0.21, 11.12, -0.08, -0.02, -0.01
21/07/2026 05:44:44, -15826304, -47987203, 10, 0.76, 0.19, E, 51.4, 19.0, 1.10, -0.22, 11.10, -0.08, -0.02, -0.01
21/07/2026 05:45:15, -15826331, -47987189, 11, 1.23, 0.07, E, 51.4, 19.0, 1.11, -0.23, 11.09, -0.08, -0.02, -0.01
21/07/2026 05:45:46, -15826347, -47987185, 11, 0.80, 0.41, E, 51.4, 19.0, 1.10, -0.21, 11.12, -0.08, -0.02, -0.01
21/07/2026 05:46:16, -15826307, -47987131, 11, 0.78, 0.09, E, 51.4, 19.0, 1.11, -0.21, 11.11, -0.08, -0.02, -0.01
21/07/2026 05:46:47, -15826319, -47987132, 10, 0.76, 0.22, E, 51.4, 19.0, 1.11, -0.22, 11.10, -0.08, -0.02, -0.01
21/07/2026 05:47:18, -15826281, -47987108, 10, 0.76, 0.11, E, 51.5, 19.0, 1.09, -0.22, 11.11, -0.08, -0.02, -0.01
21/07/2026 05:47:48, -15826283, -47987137, 9, 0.91, 0.11, E, 51.5, 19.0, 1.10, -0.22, 11.10, -0.08, -0.02, -0.01
21/07/2026 05:48:19, -15826300, -47987151, 10, 0.91, 0.15, E, 51.6, 19.1, 1.09, -0.21, 11.10, -0.08, -0.02, -0.01
21/07/2026 05:48:50, -15826309, -47987147, 10, 0.87, 0.56, E, 51.6, 19.1, 1.10, -0.21, 11.11, -0.08, -0.02, -0.01
21/07/2026 05:49:20, -15826335, -47987151, 9, 1.11, 0.26, E, 51.5, 19.0, 1.10, -0.21, 11.11, -0.08, -0.02, -0.01
21/07/2026 05:49:51, -15826371, -47987190, 10, 1.11, 0.39, E, 51.6, 19.0, 1.10, -0.22, 11.11, -0.08, -0.02, -0.01
21/07/2026 05:50:22, -15826403, -47987231, 8, 0.91, 0.09, E, 51.6, 19.1, 1.11, -0.21, 11.10, -0.08, -0.02, -0.01
21/07/2026 05:50:53, -15826374, -47987219, 10, 0.86, 0.11, E, 51.6, 19.1, 1.10, -0.22, 11.10, -0.08, -0.02, -0.01
21/07/2026 05:51:23, -15826313, -47987178, 9, 0.89, 0.48, E, 51.6, 19.1, 1.09, -0.20, 11.10, -0.08, -0.02, -0.01
21/07/2026 05:51:54, -15826337, -47987204, 10, 0.86, 0.02, E, 51.5, 19.1, 1.09, -0.21, 11.12, -0.08, -0.02, -0.01
21/07/2026 05:52:25, -15826296, -47987144, 9, 1.40, 0.56, E, 51.5, 19.1, 1.09, -0.21, 11.12, -0.08, -0.02, -0.01
21/07/2026 05:52:55, -15826354, -47987184, 10, 1.11, 0.15, E, 51.6, 19.1, 1.09, -0.21, 11.11, -0.08, -0.02, -0.01
21/07/2026 05:53:26, -15826402, -47987238, 8, 1.41, 0.37, E, 51.5, 19.1, 1.10, -0.21, 11.09, -0.08, -0.02, -0.01
21/07/2026 05:53:57, -15826326, -47987168, 9, 1.12, 0.63, E, 51.5, 19.1, 1.09, -0.21, 11.11, -0.08, -0.02, -0.01
21/07/2026 05:54:28, -15826385, -47987201, 9, 1.12, 0.96, E, 51.6, 19.1, 1.10, -0.21, 11.11, -0.08, -0.02, -0.01
21/07/2026 05:54:58, -15826313, -47987131, 9, 0.88, 0.28, E, 51.6, 19.1, 1.11, -0.20, 11.11, -0.08, -0.02, -0.01
21/07/2026 05:55:29, -15826277, -47987103, 9, 0.86, 0.02, E, 51.4, 19.1, 1.10, -0.21, 11.11, -0.08, -0.02, -0.01
21/07/2026 05:56:00, -15826281, -47987103, 8, 0.89, 0.50, E, 51.4, 19.1, 1.10, -0.21, 11.11, -0.08, -0.02, -0.01
21/07/2026 05:56:30, -15826280, -47987107, 9, 0.89, 0.06, E, 51.3, 19.1, 1.10, -0.21, 11.11, -0.08, -0.02, -0.01
21/07/2026 05:57:01, -15826266, -47987087, 9, 0.92, 0.50, E, 51.3, 19.1, 1.12, -0.21, 11.04, -0.08, -0.01, -0.01
21/07/2026 05:57:32, -15826279, -47987107, 11, 0.73, 0.30, E, 51.3, 19.1, 1.11, -0.22, 11.11, -0.08, -0.01, -0.01
21/07/2026 05:58:02, -15826286, -47987128, 10, 0.76, 0.06, E, 51.4, 19.1, 1.10, -0.21, 11.10, -0.08, -0.02, -0.01
21/07/2026 05:58:33, -15826279, -47987121, 11, 0.73, 0.39, E, 51.5, 19.1, 1.10, -0.21, 11.11, -0.08, -0.02, -0.01
21/07/2026 05:59:04, -15826277, -47987117, 11, 0.76, 0.19, E, 51.5, 19.1, 1.10, -0.21, 11.11, -0.08, -0.02, -0.01
21/07/2026 05:59:35, -15826267, -47987110, 10, 0.76, 0.04, E, 51.4, 19.1, 1.10, -0.21, 11.10, -0.08, -0.02, -0.01
21/07/2026 06:00:05, -15826282, -47987110, 11, 0.73, 0.43, E, 51.5, 19.1, 1.09, -0.20, 11.12, -0.08, -0.02, -0.01
21/07/2026 06:00:36, -15826267, -47987094, 9, 0.84, 0.09, E, 51.5, 19.1, 1.10, -0.21, 11.11, -0.08, -0.02, -0.01
21/07/2026 06:01:07, -15826269, -47987104, 10, 0.76, 0.17, E, 51.4, 19.0, 1.11, -0.21, 11.12, -0.08, -0.02, -0.01
21/07/2026 06:01:37, -15826284, -47987117, 10, 0.76, 0.50, E, 51.5, 19.0, 1.10, -0.20, 11.10, -0.08, -0.02, -0.01
21/07/2026 06:02:08, -15826265, -47987112, 11, 0.76, 0.17, E, 51.5, 19.0, 1.10, -0.22, 11.10, -0.08, -0.02, -0.01
21/07/2026 06:02:39, -15826274, -47987113, 10, 0.86, 0.22, E, 51.6, 19.0, 1.10, -0.21, 11.11, -0.08, -0.02, -0.01
21/07/2026 06:03:10, -15826282, -47987117, 10, 0.84, 0.09, E, 51.9, 19.0, 1.10, -0.20, 11.12, -0.08, -0.02, -0.01
21/07/2026 06:03:40, -15826274, -47987116, 10, 0.84, 0.11, E, 51.9, 19.0, 1.09, -0.22, 11.12, -0.08, -0.02, -0.01
21/07/2026 06:04:11, -15826307, -47987143, 9, 1.31, 0.04, E, 52.0, 19.0, 1.10, -0.20, 11.11, -0.08, -0.02, -0.01
21/07/2026 06:04:42, -15826286, -47987137, 9, 0.86, 0.06, E, 52.0, 19.0, 1.10, -0.22, 11.11, -0.08, -0.02, -0.01
21/07/2026 06:05:12, -15826282, -47987119, 10, 0.84, 0.13, E, 52.0, 19.0, 1.11, -0.21, 11.10, -0.08, -0.02, -0.01
21/07/2026 06:05:43, -15826282, -47987109, 9, 1.09, 0.20, E, 52.1, 19.0, 1.09, -0.21, 11.11, -0.08, -0.02, -0.01
21/07/2026 06:06:14, -15826292, -47987115, 9, 0.86, 0.15, E, 52.2, 19.0, 1.10, -0.22, 11.11, -0.08, -0.02, -0.01
21/07/2026 06:06:44, -15826249, -47987071, 10, 0.86, 0.09, E, 52.0, 19.0, 1.10, -0.21, 11.09, -0.08, -0.02, -0.01
21/07/2026 06:07:15, -15826238, -47987066, 11, 0.73, 0.17, E, 51.9, 19.0, 1.10, -0.21, 11.10, -0.08, -0.01, -0.01
21/07/2026 06:07:46, -15826202, -47987040, 11, 0.87, 0.17, E, 52.0, 19.0, 1.10, -0.20, 11.12, -0.08, -0.02, -0.01
21/07/2026 06:08:17, -15826192, -47987029, 9, 0.94, 0.09, E, 52.1, 19.0, 1.09, -0.22, 11.11, -0.08, -0.02, -0.01
21/07/2026 06:08:47, -15826189, -47987021, 9, 0.89, 0.02, E, 52.0, 19.0, 1.10, -0.21, 11.10, -0.08, -0.01, -0.01
21/07/2026 06:09:18, -15826235, -47987046, 10, 0.76, 0.59, E, 52.0, 19.0, 1.10, -0.21, 11.11, -0.08, -0.02, -0.01
21/07/2026 06:09:49, -15826263, -47987082, 10, 0.76, 0.11, E, 52.0, 19.0, 1.09, -0.21, 11.09, -0.08, -0.02, -0.01
21/07/2026 06:10:19, -15826261, -47987094, 11, 0.77, 0.33, E, 52.0, 19.0, 1.10, -0.21, 11.10, -0.08, -0.02, -0.01
21/07/2026 06:10:50, -15826266, -47987095, 11, 0.73, 0.20, E, 52.2, 19.0, 1.11, -0.21, 11.12, -0.08, -0.02, -0.01
21/07/2026 06:11:21, -15826279, -47987109, 9, 0.86, 0.15, E, 52.3, 19.0, 1.11, -0.22, 11.10, -0.08, -0.02, -0.01
21/07/2026 06:11:52, -15826292, -47987122, 9, 0.86, 0.02, E, 52.1, 19.0, 1.10, -0.21, 11.10, -0.08, -0.02, -0.01
21/07/2026 06:12:22, -15826303, -47987129, 9, 0.86, 0.26, E, 52.0, 19.0, 1.10, -0.21, 11.09, -0.08, -0.02, -0.01
21/07/2026 06:12:53, -15826301, -47987119, 10, 0.86, 0.09, E, 51.9, 19.0, 1.11, -0.21, 11.09, -0.08, -0.02, -0.01
21/07/2026 06:13:24, -15826288, -47987121, 11, 0.83, 0.02, E, 51.8, 19.0, 1.10, -0.21, 11.11, -0.08, -0.02, -0.01
21/07/2026 06:13:54, -15826274, -47987111, 10, 0.77, 0.07, E, 52.0, 19.0, 1.11, -0.21, 11.10, -0.08, -0.02, -0.01
21/07/2026 06:14:25, -15826282, -47987109, 10, 1.14, 0.17, E, 52.2, 18.9, 1.10, -0.21, 11.09, -0.08, -0.02, -0.01
21/07/2026 06:14:56, -15826313, -47987128, 10, 1.24, 0.20, E, 52.3, 18.9, 1.11, -0.21, 11.11, -0.08, -0.02, -0.01
21/07/2026 06:15:27, -15826305, -47987135, 10, 0.86, 0.07, E, 52.2, 18.9, 1.10, -0.21, 11.12, -0.08, -0.02, -0.01
21/07/2026 06:15:57, -15826282, -47987113, 10, 0.83, 0.07, E, 52.1, 18.9, 1.10, -0.21, 11.12, -0.08, -0.02, -0.01
21/07/2026 06:16:28, -15826281, -47987118, 10, 0.83, 0.13, E, 52.2, 18.9, 1.11, -0.21, 11.09, -0.08, -0.02, -0.01
21/07/2026 06:16:59, -15826238, -47987110, 9, 0.86, 0.54, E, 52.4, 18.9, 1.10, -0.21, 11.11, -0.08, -0.02, -0.01
21/07/2026 06:17:29, -15826220, -47987083, 10, 1.03, 0.20, E, 52.4, 18.9, 1.10, -0.21, 11.11, -0.08, -0.02, -0.01
21/07/2026 06:18:00, -15826237, -47987082, 9, 1.05, 0.11, E, 52.5, 18.9, 1.11, -0.21, 11.11, -0.08, -0.02, -0.01
21/07/2026 06:18:31, -15826264, -47987108, 10, 1.03, 0.11, E, 52.5, 18.9, 1.11, -0.21, 11.10, -0.08, -0.02, -0.01
21/07/2026 06:19:02, -15826304, -47987120, 10, 1.03, 0.33, E, 52.4, 18.9, 1.10, -0.21, 11.11, -0.08, -0.02, -0.01
21/07/2026 06:19:32, -15826314, -47987134, 10, 0.84, 0.13, E, 52.3, 18.9, 1.10, -0.21, 11.10, -0.08, -0.02, -0.01
21/07/2026 06:20:03, -15826291, -47987132, 10, 0.84, 0.07, E, 52.2, 18.8, 1.10, -0.20, 11.11, -0.08, -0.02, -0.01
21/07/2026 06:20:34, -15826250, -47987110, 10, 0.84, 0.48, E, 52.2, 18.8, 1.10, -0.20, 11.10, -0.08, -0.02, -0.01
21/07/2026 06:21:04, -15826215, -47987085, 10, 0.83, 0.04, E, 52.3, 18.8, 1.10, -0.20, 11.10, -0.08, -0.02, -0.01
21/07/2026 06:21:35, -15826246, -47987085, 10, 0.83, 0.37, E, 52.4, 18.8, 1.10, -0.21, 11.12, -0.08, -0.02, -0.01
21/07/2026 06:22:06, -15826276, -47987102, 10, 0.83, 0.00, E, 52.5, 18.9, 1.10, -0.20, 11.10, -0.08, -0.02, -0.01
21/07/2026 06:22:36, -15826263, -47987114, 10, 0.83, 0.17, SSW, 52.4, 18.9, 1.11, -0.21, 11.11, -0.08, -0.02, -0.01
21/07/2026 06:23:07, -15826273, -47987127, 9, 1.19, 0.06, SSW, 52.3, 18.8, 1.11, -0.22, 11.11, -0.08, -0.02, -0.01
21/07/2026 06:23:38, -15826300, -47987137, 10, 0.83, 0.65, SSW, 52.3, 18.8, 1.11, -0.20, 11.10, -0.08, -0.02, -0.01
21/07/2026 06:24:09, -15826269, -47987107, 11, 0.89, 0.13, SSW, 52.5, 18.8, 1.09, -0.21, 11.10, -0.08, -0.01, -0.01
21/07/2026 06:24:39, -15826252, -47987105, 10, 0.83, 0.07, SSW, 52.4, 18.8, 1.11, -0.21, 11.12, -0.08, -0.02, -0.01
21/07/2026 06:25:10, -15826259, -47987119, 10, 0.83, 0.15, SSW, 52.4, 18.9, 1.11, -0.21, 11.10, -0.08, -0.02, -0.01
21/07/2026 06:25:41, -15826270, -47987125, 10, 0.83, 0.09, SSW, 52.5, 18.9, 1.10, -0.21, 11.12, -0.08, -0.02, -0.01
21/07/2026 06:26:11, -15826280, -47987115, 10, 0.83, 0.13, SSW, 52.3, 18.8, 1.10, -0.21, 11.11, -0.08, -0.02, -0.01
21/07/2026 06:26:42, -15826259, -47987104, 11, 0.74, 0.59, SSW, 52.4, 18.8, 1.11, -0.18, 11.05, -0.08, -0.02, -0.01
21/07/2026 06:27:13, -15826280, -47987114, 12, 0.72, 0.50, SSW, 52.7, 18.8, 1.10, -0.20, 11.11, -0.08, -0.02, -0.01
21/07/2026 06:27:44, -15826300, -47987137, 11, 0.74, 0.09, SSW, 52.5, 18.8, 1.10, -0.21, 11.10, -0.08, -0.02, -0.01
21/07/2026 06:28:14, -15826297, -47987135, 11, 0.74, 0.02, SSW, 52.5, 18.8, 1.10, -0.21, 11.12, -0.08, -0.02, -0.01
21/07/2026 06:28:45, -15826294, -47987115, 11, 0.75, 0.31, SSW, 52.4, 18.8, 1.11, -0.21, 11.11, -0.08, -0.02, -0.01
21/07/2026 06:29:16, -15826280, -47987103, 12, 0.75, 0.31, SSW, 52.5, 18.8, 1.10, -0.20, 11.11, -0.08, -0.02, -0.01
21/07/2026 06:29:46, -15826263, -47987102, 10, 0.85, 0.06, SSW, 52.3, 18.8, 1.10, -0.21, 11.11, -0.08, -0.02, -0.01
21/07/2026 06:30:17, -15826222, -47987078, 9, 1.13, 0.76, ENE, 52.3, 18.8, 1.10, -0.20, 11.10, -0.08, -0.02, -0.01
21/07/2026 06:30:48, -15826226, -47987078, 12, 0.75, 0.50, NE, 52.4, 18.8, 1.10, -0.20, 11.11, -0.08, -0.01, -0.01
21/07/2026 06:31:19, -15826226, -47987065, 12, 0.78, 0.17, NE, 52.4, 18.9, 1.11, -0.20, 11.11, -0.08, -0.01, -0.01
21/07/2026 06:31:49, -15826246, -47987080, 12, 0.78, 0.06, S, 52.1, 18.8, 1.10, -0.20, 11.11, -0.08, -0.02, -0.01
21/07/2026 06:32:20, -15826202, -47987069, 12, 0.72, 0.28, S, 52.2, 18.8, 1.11, -0.21, 11.12, -0.08, -0.02, -0.01
21/07/2026 06:32:51, -15826261, -47987103, 12, 0.83, 0.52, S, 52.1, 18.8, 1.10, -0.20, 11.11, -0.08, -0.02, -0.01
21/07/2026 06:33:21, -15826271, -47987104, 12, 0.97, 0.28, S, 52.2, 18.9, 1.10, -0.21, 11.12, -0.08, -0.02, -0.01
# BOOT bootCount=1 reset_reason=1
21/07/2026 08:31:25, -15826290, -47987418, 7, 1.40, 2.50, N, 47.8, 22.2, 2.64, -6.54, 8.37, -0.08, -0.02, -0.01
21/07/2026 08:31:56, -15826264, -47987421, 7, 1.25, 0.07, N, 47.2, 22.2, 2.68, -6.55, 8.33, -0.09, -0.02, -0.01
21/07/2026 08:32:27, -15826280, -47987462, 7, 1.25, 0.07, N, 46.8, 22.3, 2.63, -6.50, 8.41, -0.08, -0.02, -0.01
21/07/2026 08:32:58, -15826287, -47987446, 7, 1.25, 0.06, N, 46.3, 22.4, 2.65, -6.51, 8.39, -0.09, -0.02, -0.01
21/07/2026 08:33:28, -15826269, -47987477, 8, 1.17, 0.07, N, 45.9, 22.5, 2.65, -6.51, 8.41, -0.09, -0.02, -0.01
21/07/2026 08:33:59, -15826240, -47987464, 8, 1.17, 0.07, N, 45.4, 22.5, 2.65, -6.54, 8.41, -0.09, -0.02, -0.01
21/07/2026 08:34:30, -15826256, -47987449, 8, 1.17, 0.11, N, 45.0, 22.6, 2.64, -6.53, 8.40, -0.09, -0.02, -0.01
21/07/2026 08:35:00, -15826244, -47987422, 8, 1.17, 0.13, N, 44.5, 22.7, 2.66, -6.50, 8.41, -0.08, -0.02, -0.01
21/07/2026 08:35:31, -15826282, -47987452, 8, 1.17, 0.04, N, 44.1, 22.7, 2.64, -6.48, 8.44, -0.08, -0.01, -0.01
21/07/2026 08:35:51, -15826264, -47987467, 8, 1.17, 2.46, N, 43.7, 22.8, 2.04, -6.64, 8.69, -0.12, 0.12, -0.15
21/07/2026 08:36:02, -15826350, -47987425, 8, 1.17, 9.45, SSE, 43.5, 22.8, 2.62, -7.30, 8.10, -0.11, -0.04, 0.00
21/07/2026 08:36:12, -15826548, -47987305, 8, 1.16, 10.59, SSE, 43.4, 22.8, 2.41, -6.91, 8.63, -0.08, -0.03, -0.02
21/07/2026 08:36:23, -15826663, -47987129, 8, 1.16, 8.43, ENE, 43.3, 22.9, 2.02, -6.67, 8.19, -0.10, -0.02, -0.01
21/07/2026 08:36:34, -15826609, -47987014, 8, 1.16, 2.72, ENE, 43.2, 22.9, 2.19, -6.61, 8.56, -0.08, -0.02, -0.01
21/07/2026 08:36:44, -15826581, -47986925, 8, 1.16, 3.37, ENE, 43.0, 22.9, 3.07, -6.15, 8.33, -0.13, 0.08, -0.13
21/07/2026 08:36:55, -15826856, -47986758, 8, 1.16, 8.67, SSE, 42.8, 22.9, 2.14, -6.77, 8.77, -0.08, 0.00, -0.01
21/07/2026 08:37:05, -15827110, -47986663, 8, 1.16, 10.93, SSE, 42.7, 23.0, 2.07, -5.67, 9.09, -0.08, -0.01, -0.01
21/07/2026 08:37:16, -15827719, -47986425, 8, 1.16, 27.93, SSE, 42.5, 23.0, 2.17, -6.79, 8.33, -0.08, -0.02, -0.01
21/07/2026 08:37:27, -15828247, -47986396, 9, 0.89, 27.11, SW, 42.4, 23.0, 3.11, -5.66, 8.89, -0.11, 0.04, -0.07
21/07/2026 08:37:37, -15828821, -47987088, 9, 0.89, 34.02, SW, 42.2, 23.0, 2.66, -7.15, 7.84, -0.07, -0.05, 0.02
21/07/2026 08:37:51, -15829180, -47987305, 9, 0.89, 2.19, SSW, 42.2, 23.1, 1.89, -6.64, 8.45, -0.09, -0.02, -0.01
21/07/2026 08:38:01, -15829301, -47987308, 10, 0.84, 7.76, SE, 42.0, 23.1, 0.89, -5.33, 9.55, -0.03, -0.23, 0.24
21/07/2026 08:38:12, -15828846, -47986895, 10, 0.84, 36.43, NE, 41.8, 23.1, 2.93, -5.94, 8.94, -0.09, 0.02, -0.06
21/07/2026 08:38:23, -15828148, -47985862, 10, 0.84, 48.32, ENE, 41.7, 23.2, 2.60, -6.11, 8.73, -0.07, -0.02, -0.02
21/07/2026 08:38:33, -15827614, -47984722, 10, 0.83, 48.21, ENE, 41.5, 23.2, 1.97, -6.68, 8.43, -0.09, 0.00, 0.01
21/07/2026 08:38:44, -15827104, -47983592, 10, 0.83, 38.00, ENE, 41.4, 23.2, 2.05, -6.74, 8.65, -0.05, 0.00, -0.02
21/07/2026 08:38:54, -15826837, -47982934, 10, 0.83, 17.43, ENE, 41.2, 23.2, 2.46, -6.85, 8.25, -0.09, -0.02, -0.01
21/07/2026 08:39:05, -15826895, -47982449, 10, 0.83, 31.21, SSE, 41.2, 23.3, 1.76, -6.49, 8.72, -0.10, 0.00, -0.02
21/07/2026 08:39:16, -15827864, -47982088, 10, 0.83, 40.06, SSE, 41.1, 23.3, 2.05, -6.40, 8.24, -0.08, -0.01, -0.01
21/07/2026 08:39:26, -15828720, -47981804, 10, 0.89, 15.61, SSE, 41.0, 23.3, 1.93, -7.63, 7.36, -0.09, -0.01, -0.02
21/07/2026 08:39:37, -15828948, -47981743, 10, 0.83, 19.43, SSE, 40.9, 23.3, 1.91, -6.12, 8.96, -0.08, -0.01, -0.01
21/07/2026 08:39:47, -15829763, -47981436, 9, 1.01, 36.10, SSE, 40.7, 23.3, 1.99, -6.81, 7.82, -0.10, -0.02, -0.02
21/07/2026 08:39:58, -15830472, -47981199, 10, 0.83, 16.19, S, 40.6, 23.4, 2.93, -6.52, 8.41, -0.13, 0.14, -0.20
21/07/2026 08:40:09, -15830709, -47981636, 10, 0.83, 14.13, WSW, 40.5, 23.4, 1.21, -6.85, 9.05, -0.08, -0.08, 0.07
21/07/2026 08:40:19, -15831143, -47981666, 10, 0.91, 20.08, SSE, 40.4, 23.4, 1.49, -7.69, 7.69, -0.04, -0.01, 0.00
21/07/2026 08:40:30, -15831980, -47981381, 10, 0.83, 46.37, SSE, 40.3, 23.4, 1.51, -6.31, 8.30, -0.09, -0.02, 0.01
21/07/2026 08:40:40, -15832748, -47980893, 10, 0.83, 33.63, E, 40.2, 23.4, 0.29, -6.82, 8.76, -0.08, -0.10, 0.05
21/07/2026 08:40:51, -15833166, -47980211, 10, 0.83, 44.89, SSE, 40.2, 23.4, 1.40, -6.68, 8.90, -0.08, -0.01, -0.01
21/07/2026 08:41:02, -15834463, -47979727, 10, 0.89, 50.82, SSE, 40.1, 23.4, 1.09, -7.15, 8.32, -0.08, -0.01, -0.01
21/07/2026 08:41:12, -15835676, -47979285, 10, 0.83, 50.80, SSE, 40.1, 23.5, 1.34, -7.28, 8.32, -0.06, -0.02, -0.03
21/07/2026 08:41:23, -15837024, -47978808, 10, 0.92, 51.36, SSE, 40.0, 23.5, 1.67, -6.45, 7.86, -0.14, -0.03, -0.01
21/07/2026 08:41:33, -15838248, -47978375, 10, 0.83, 50.87, SSE, 39.8, 23.5, 0.51, -7.26, 8.35, -0.06, -0.03, 0.01
21/07/2026 08:41:44, -15839370, -47977713, 10, 0.83, 42.80, SE, 39.8, 23.5, 1.11, -7.22, 7.71, -0.13, -0.04, 0.00
21/07/2026 08:41:55, -15840015, -47977096, 10, 0.89, 14.56, SE, 39.7, 23.5, 1.24, -7.30, 7.84, -0.09, -0.02, -0.02
21/07/2026 08:42:05, -15839975, -47977072, 10, 0.92, 23.06, NW, 39.7, 23.5, 0.82, -6.16, 8.71, -0.09, -0.02, 0.00
21/07/2026 08:42:16, -15839371, -47977802, 10, 1.09, 32.65, NW, 39.5, 23.6, 0.85, -7.40, 8.03, -0.08, -0.01, -0.03
21/07/2026 08:42:26, -15838820, -47977585, 10, 0.83, 29.06, ENE, 39.5, 23.6, 0.64, -6.96, 8.27, -0.08, -0.01, -0.01
21/07/2026 08:42:37, -15838660, -47977098, 10, 0.89, 15.59, SE, 39.5, 23.6, 0.88, -7.03, 8.26, -0.08, -0.02, -0.01
21/07/2026 08:42:49, -15838710, -47976923, 9, 0.89, 2.41, ENE, 39.3, 23.6, 0.92, -6.73, 8.61, -0.07, -0.01, 0.01
21/07/2026 08:42:59, -15838576, -47976832, 10, 0.89, 9.85, NE, 39.3, 23.6, 1.25, -7.01, 8.18, -0.11, 0.12, -0.16
21/07/2026 08:43:10, -15838405, -47976595, 10, 0.83, 8.57, NE, 39.2, 23.6, -0.30, -7.22, 8.26, -0.10, -0.11, 0.11
21/07/2026 08:43:20, -15838362, -47976580, 10, 0.83, 2.52, E, 39.2, 23.6, 1.10, -6.94, 8.51, -0.07, -0.14, 0.11
21/07/2026 08:43:51, -15838356, -47976496, 10, 0.83, 0.20, E, 39.1, 23.7, 1.31, -6.69, 8.56, -0.08, -0.02, -0.01
21/07/2026 08:44:20, -15838348, -47976468, 10, 0.83, 2.09, E, 39.1, 23.7, 1.33, -6.69, 8.55, -0.08, -0.02, -0.01
21/07/2026 08:44:45, -15838357, -47976492, 10, 0.83, 2.30, E, 38.9, 23.7, -3.15, -8.85, -2.75, -0.58, -0.42, -0.07
21/07/2026 08:45:01, -15838368, -47976472, 10, 0.83, 2.54, E, 39.1, 23.7, -2.78, -8.16, -2.93, -0.13, -0.24, -0.24
21/07/2026 08:45:12, -15838319, -47976426, 10, 0.83, 2.46, ENE, 39.2, 23.7, -3.36, -9.29, -2.57, 0.06, 0.53, 0.32
21/07/2026 08:45:23, -15838300, -47976294, 10, 0.83, 4.09, ESE, 39.4, 23.7, -3.82, -8.50, -3.30, -0.24, -0.20, -0.13
21/07/2026 08:45:35, -15838279, -47976184, 10, 0.83, 2.59, ESE, 39.4, 23.7, -3.13, -8.72, -3.30, -0.17, 0.00, -0.01
21/07/2026 08:45:55, -15838314, -47976178, 9, 1.50, 4.04, ESE, 39.6, 23.7, -2.40, -9.27, -1.50, -0.22, 0.02, -0.11
21/07/2026 08:46:06, -15838277, -47976318, 9, 0.89, 2.11, NNW, 39.6, 23.7, -0.29, -8.63, -3.91, -0.08, -0.02, -0.01
21/07/2026 08:46:37, -15838215, -47976372, 8, 1.35, 1.43, NNW, 39.6, 23.7, -0.27, -8.65, -3.90, -0.08, -0.02, -0.01
21/07/2026 08:46:47, -15838270, -47976414, 9, 1.02, 2.46, NNW, 39.7, 23.7, -0.27, -8.64, -3.89, -0.08, -0.02, -0.01
21/07/2026 08:46:58, -15838410, -47976166, 9, 0.85, 2.37, NNW, 39.7, 23.7, -0.27, -8.64, -3.88, -0.09, -0.02, -0.01
21/07/2026 08:47:08, -15838451, -47976145, 9, 1.03, 2.50, NNW, 39.8, 23.7, -0.27, -8.64, -3.88, -0.09, -0.02, -0.01
21/07/2026 08:47:20, -15838475, -47976144, 9, 1.00, 2.19, NNW, 39.8, 23.7, -0.26, -8.65, -3.88, -0.09, -0.02, -0.01
21/07/2026 08:47:31, -15838466, -47976276, 8, 1.16, 2.28, NNW, 39.8, 23.7, -0.27, -8.65, -3.88, -0.09, -0.02, -0.01
21/07/2026 08:48:01, -15838403, -47976389, 7, 1.36, 1.41, NNW, 39.9, 23.7, -0.27, -8.65, -3.87, -0.08, -0.02, -0.01
21/07/2026 08:48:32, -15838401, -47976404, 8, 1.07, 0.54, NNW, 40.0, 23.7, -0.27, -8.65, -3.88, -0.09, -0.02, -0.01
21/07/2026 08:49:03, -15838394, -47976346, 8, 1.03, 1.43, NNW, 40.1, 23.7, -0.26, -8.65, -3.87, -0.08, -0.02, -0.01
21/07/2026 08:49:32, -15838395, -47976366, 8, 1.06, 2.20, NNW, 40.2, 23.7, -0.27, -8.66, -3.89, -0.08, -0.02, -0.01
21/07/2026 08:50:03, -15838388, -47976444, 8, 0.87, 2.44, NNW, 40.3, 23.8, -0.26, -8.66, -3.87, -0.09, -0.02, -0.01
21/07/2026 08:50:34, -15838370, -47976487, 8, 0.99, 1.63, NNW, 40.4, 23.8, -0.26, -8.66, -3.86, -0.08, -0.02, -0.01
21/07/2026 08:50:44, -15838351, -47976495, 9, 1.38, 2.61, NNW, 40.5, 23.8, -0.26, -8.66, -3.87, -0.08, -0.02, -0.01
21/07/2026 08:50:58, -15838339, -47976526, 8, 1.07, 2.04, NNW, 40.5, 23.8, -0.26, -8.66, -3.86, -0.08, -0.02, -0.01
21/07/2026 08:51:13, -15838322, -47976609, 9, 1.04, 3.78, NNW, 40.5, 23.8, -0.26, -8.66, -3.87, -0.09, -0.02, -0.01
21/07/2026 08:51:32, -15838349, -47976474, 7, 1.59, 3.39, NNW, 40.5, 23.8, -0.27, -8.66, -3.86, -0.08, -0.02, -0.01
21/07/2026 08:51:44, -15838376, -47976412, 7, 1.91, 2.07, NNW, 40.5, 23.8, -0.27, -8.65, -3.86, -0.08, -0.02, -0.01
21/07/2026 08:51:55, -15838356, -47976498, 7, 1.29, 2.32, NNW, 40.6, 23.8, -0.26, -8.67, -3.86, -0.09, -0.02, -0.01
21/07/2026 08:52:06, -15838302, -47976499, 10, 1.07, 2.20, NNW, 40.6, 23.8, -0.25, -8.66, -3.86, -0.09, -0.02, -0.01
21/07/2026 08:52:17, -15838257, -47976458, 7, 1.92, 4.96, NE, 40.6, 23.8, -0.25, -8.66, -3.85, -0.09, -0.02, -0.01
21/07/2026 08:52:27, -15838307, -47976334, 7, 1.04, 2.52, NE, 40.6, 23.8, -0.26, -8.66, -3.86, -0.08, -0.02, -0.01
21/07/2026 08:52:38, -15838370, -47976355, 8, 0.96, 2.28, NE, 40.6, 23.8, -0.25, -8.67, -3.85, -0.09, -0.02, -0.01
21/07/2026 08:52:51, -15838400, -47976354, 7, 1.02, 3.06, NE, 40.6, 23.8, -0.26, -8.66, -3.87, -0.09, -0.02, -0.01
21/07/2026 08:53:01, -15838357, -47976383, 6, 1.14, 3.11, NE, 40.6, 23.8, -0.27, -8.67, -3.86, -0.09, -0.02, -0.01
21/07/2026 08:53:14, -15838333, -47976366, 5, 1.49, 3.06, NE, 40.7, 23.9, -0.25, -8.66, -3.85, -0.09, -0.02, -0.01
21/07/2026 08:53:44, -15838348, -47976371, 5, 1.21, 1.43, NE, 40.7, 23.8, -0.26, -8.66, -3.84, -0.09, -0.02, -0.01
21/07/2026 08:53:55, -15838308, -47976428, 9, 1.82, 3.00, NE, 40.7, 23.8, -0.26, -8.66, -3.85, -0.09, -0.02, -0.01
21/07/2026 08:54:11, -15838355, -47976375, 8, 1.10, 2.13, NE, 40.8, 23.9, -0.26, -8.67, -3.85, -0.09, -0.02, -0.01
21/07/2026 08:54:30, -15838307, -47976378, 7, 1.18, 2.06, NE, 40.7, 23.9, -0.26, -8.67, -3.85, -0.09, -0.02, -0.01
21/07/2026 08:54:40, -15838283, -47976370, 7, 1.18, 2.30, NE, 40.8, 23.9, -0.26, -8.67, -3.84, -0.09, -0.02, -0.01
21/07/2026 08:55:11, -15838221, -47976487, 8, 1.17, 1.26, NE, 40.8, 23.9, -0.25, -8.67, -3.85, -0.09, -0.02, -0.01
21/07/2026 08:55:40, -15838247, -47976534, 9, 1.00, 2.50, NE, 40.8, 23.9, -0.25, -8.66, -3.85, -0.09, -0.02, -0.01
21/07/2026 08:55:56, -15838224, -47976555, 5, 2.81, 2.02, NNW, 40.8, 24.0, -0.26, -8.67, -3.84, -0.09, -0.02, -0.01
21/07/2026 08:56:07, -15838367, -47976397, 7, 1.86, 5.20, ENE, 40.8, 24.0, -0.26, -8.67, -3.86, -0.09, -0.02, -0.01
21/07/2026 08:56:37, -15838353, -47976396, 9, 1.18, 2.37, SE, 40.7, 24.0, -0.25, -8.67, -3.84, -0.08, -0.02, -0.01
21/07/2026 08:56:54, -15838322, -47976435, 9, 1.21, 2.07, SE, 40.7, 24.0, -0.25, -8.67, -3.84, -0.09, -0.02, -0.01
21/07/2026 08:57:22, -15838288, -47976413, 9, 1.25, 2.28, SE, 40.7, 24.0, -0.26, -8.68, -3.84, -0.09, -0.02, -0.01
21/07/2026 08:57:53, -15838353, -47976313, 6, 1.82, 1.81, SE, 40.7, 24.0, -0.25, -8.67, -3.83, -0.09, -0.02, -0.01
21/07/2026 08:58:10, -15838267, -47976042, 8, 1.02, 2.02, SE, 40.8, 24.1, -0.25, -8.67, -3.84, -0.09, -0.02, -0.01
21/07/2026 08:58:25, -15838300, -47976130, 8, 1.25, 2.93, SE, 40.8, 24.1, -0.26, -8.67, -3.83, -0.09, -0.02, -0.01
21/07/2026 08:58:43, -15838421, -47976322, 8, 1.28, 2.56, SW, 40.7, 24.1, -0.26, -8.67, -3.83, -0.09, -0.02, -0.01
21/07/2026 08:58:54, -15838448, -47976379, 6, 1.48, 2.04, SW, 40.7, 24.1, -0.25, -8.68, -3.85, -0.09, -0.02, -0.01
21/07/2026 08:59:11, -15838471, -47976295, 7, 1.37, 2.02, SW, 40.7, 24.1, -0.26, -8.67, -3.83, -0.08, -0.02, -0.01
21/07/2026 08:59:32, -15838437, -47976325, 8, 1.51, 2.52, SW, 40.7, 24.1, -0.25, -8.67, -3.84, -0.08, -0.02, -0.01
21/07/2026 08:59:48, -15838480, -47976322, 10, 1.47, 2.00, SW, 40.7, 24.1, -0.25, -8.67, -3.83, -0.08, -0.02, -0.01
21/07/2026 09:00:01, -15838515, -47976373, 9, 0.90, 2.26, SW, 40.7, 24.1, -0.25, -8.67, -3.84, -0.08, -0.02, -0.01
21/07/2026 09:00:15, -15838512, -47976414, 9, 0.90, 2.76, SW, 40.6, 24.2, -0.25, -8.68, -3.84, -0.09, -0.02, -0.01
21/07/2026 09:00:32, -15838482, -47976496, 8, 1.54, 2.35, SW, 40.6, 24.2, -0.25, -8.67, -3.83, -0.08, -0.02, -0.01
21/07/2026 09:00:50, -15838401, -47976432, 7, 1.37, 2.41, SW, 40.6, 24.2, -0.25, -8.67, -3.84, -0.08, -0.02, -0.01
21/07/2026 09:01:00, -15838378, -47976329, 8, 1.12, 3.04, SW, 40.6, 24.2, -0.25, -8.68, -3.83, -0.09, -0.02, -0.01
21/07/2026 09:01:20, -15838334, -47976437, 3, 1.98, 2.67, SW, 40.6, 24.2, -0.25, -8.67, -3.84, -0.09, -0.02, -0.01
21/07/2026 09:01:31, -15838344, -47976586, 5, 2.00, 3.33, W, 40.6, 24.2, -0.25, -8.67, -3.82, -0.08, -0.02, -0.01
21/07/2026 09:01:41, -15838251, -47976444, 7, 1.94, 2.54, W, 40.5, 24.2, -0.24, -8.67, -3.83, -0.09, -0.02, -0.01
21/07/2026 09:02:00, -15838289, -47976428, 7, 1.40, 2.26, W, 40.5, 24.2, -0.25, -8.68, -3.83, -0.08, -0.02, -0.01
21/07/2026 09:02:11, -15838330, -47976465, 6, 1.16, 3.24, W, 40.6, 24.3, -0.25, -8.69, -3.83, -0.09, -0.02, -0.01
21/07/2026 09:02:27, -15838375, -47976429, 9, 0.90, 3.22, W, 40.6, 24.3, -0.25, -8.68, -3.84, -0.08, -0.02, -0.01
21/07/2026 09:02:37, -15838325, -47976436, 6, 1.13, 4.20, WNW, 40.5, 24.3, -0.25, -8.68, -3.83, -0.09, -0.02, -0.01
21/07/2026 09:02:48, -15838345, -47976365, 7, 1.03, 2.32, WNW, 40.6, 24.3, -0.25, -8.68, -3.83, -0.08, -0.02, -0.01
21/07/2026 09:03:18, -15838349, -47976367, 8, 1.02, 1.06, WNW, 40.5, 24.3, -0.25, -8.68, -3.85, -0.09, -0.02, -0.01
21/07/2026 09:03:41, -15838347, -47976432, 8, 0.94, 2.24, WNW, 40.5, 24.3, -0.24, -8.68, -3.83, -0.09, -0.02, -0.01
21/07/2026 09:04:04, -15838312, -47976444, 7, 1.28, 2.63, WNW, 40.5, 24.4, -0.25, -8.68, -3.81, -0.08, -0.02, -0.01
21/07/2026 09:04:35, -15838329, -47976586, 6, 1.19, 1.50, WNW, 40.4, 24.4, -0.24, -8.68, -3.83, -0.09, -0.02, -0.01
21/07/2026 09:04:56, -15838297, -47976635, 8, 0.97, 2.30, WNW, 40.4, 24.4, -0.25, -8.69, -3.83, -0.09, -0.02, -0.01
21/07/2026 09:05:26, -15838251, -47976495, 9, 0.90, 1.56, WNW, 40.3, 24.4, -0.24, -8.69, -3.83, -0.09, -0.02, -0.01
21/07/2026 09:05:40, -15838282, -47976508, 9, 0.95, 2.22, WNW, 40.3, 24.4, -0.25, -8.68, -3.83, -0.09, -0.02, -0.01
21/07/2026 09:05:54, -15838297, -47976541, 8, 1.15, 2.02, WNW, 40.4, 24.5, -0.24, -8.67, -3.82, -0.09, -0.02, -0.01
21/07/2026 09:06:04, -15838346, -47976546, 7, 1.17, 2.70, WNW, 40.3, 24.4, -0.25, -8.68, -3.82, -0.08, -0.02, -0.01
21/07/2026 09:06:15, -15838320, -47976531, 10, 1.16, 3.19, WNW, 40.3, 24.4, -0.23, -8.68, -3.81, -0.08, -0.02, -0.01
21/07/2026 09:06:25, -15838322, -47976390, 9, 0.94, 2.24, WNW, 40.4, 24.5, -0.24, -8.68, -3.82, -0.09, -0.02, -0.01
21/07/2026 09:06:36, -15838363, -47976342, 8, 2.80, 2.30, WNW, 40.3, 24.5, -0.23, -8.67, -3.81, -0.08, -0.02, -0.01
21/07/2026 09:06:46, -15838390, -47976478, 7, 3.49, 2.85, WNW, 40.3, 24.5, -0.24, -8.68, -3.81, -0.08, -0.02, -0.01
21/07/2026 09:07:01, -15838369, -47976417, 7, 1.11, 2.24, WNW, 40.3, 24.5, -0.24, -8.67, -3.82, -0.09, -0.02, -0.01
21/07/2026 09:07:13, -15838476, -47976379, 8, 1.33, 2.67, WNW, 40.3, 24.5, -0.24, -8.69, -3.83, -0.09, -0.02, -0.01
21/07/2026 09:07:36, -15838438, -47976348, 10, 0.97, 2.17, WNW, 40.2, 24.5, -0.24, -8.69, -3.83, -0.08, -0.02, -0.01
21/07/2026 09:07:46, -15838473, -47976410, 9, 1.15, 4.24, WNW, 40.2, 24.5, -0.24, -8.69, -3.81, -0.08, -0.02, -0.01
21/07/2026 09:07:57, -15838296, -47976653, 6, 1.82, 8.09, NW, 40.2, 24.5, -0.24, -8.67, -3.83, -0.09, -0.02, -0.01
21/07/2026 09:08:08, -15838308, -47976606, 6, 1.33, 3.02, NW, 40.2, 24.5, -0.24, -8.69, -3.82, -0.08, -0.02, -0.01
21/07/2026 09:08:20, -15838371, -47976528, 8, 2.27, 2.37, NW, 40.2, 24.5, -0.25, -8.69, -3.81, -0.09, -0.02, -0.01
21/07/2026 09:08:38, -15838262, -47976625, 8, 0.91, 2.00, NW, 40.2, 24.6, -0.24, -8.68, -3.81, -0.09, -0.02, -0.01
21/07/2026 09:08:49, -15838261, -47976603, 9, 2.00, 2.48, NW, 40.1, 24.6, -0.24, -8.68, -3.81, -0.09, -0.02, -0.01
21/07/2026 09:08:59, -15838302, -47976415, 8, 1.32, 3.15, NW, 40.1, 24.6, -0.24, -8.68, -3.82, -0.08, -0.02, -0.01
21/07/2026 09:09:14, -15838315, -47976420, 7, 1.19, 2.09, NW, 40.1, 24.6, -0.24, -8.68, -3.81, -0.08, -0.02, -0.01
21/07/2026 09:09:24, -15838349, -47976481, 9, 2.22, 2.44, NW, 40.1, 24.6, -0.23, -8.69, -3.81, -0.09, -0.02, -0.01
21/07/2026 09:09:35, -15838126, -47976681, 9, 1.26, 6.61, NW, 40.1, 24.6, -0.24, -8.68, -3.82, -0.09, -0.02, -0.01
21/07/2026 09:09:50, -15838132, -47976687, 7, 3.21, 2.69, NW, 40.1, 24.6, -0.23, -8.68, -3.81, -0.08, -0.02, -0.01
21/07/2026 09:10:00, -15838283, -47976295, 7, 0.98, 2.50, NW, 40.0, 24.6, -0.25, -8.69, -3.81, -0.08, -0.02, -0.01
21/07/2026 09:10:29, -15838332, -47976377, 10, 0.97, 2.59, NW, 40.0, 24.6, -0.23, -8.69, -3.82, -0.09, -0.02, -0.01
21/07/2026 09:10:49, -15838351, -47976363, 9, 0.97, 2.80, NW, 40.1, 24.7, -0.23, -8.69, -3.81, -0.08, -0.02, -0.01
21/07/2026 09:10:59, -15838241, -47976125, 9, 1.04, 8.63, ENE, 40.1, 24.7, -0.23, -8.68, -3.81, -0.08, -0.02, -0.01
21/07/2026 09:11:13, -15838343, -47976175, 9, 1.16, 2.19, NE, 40.0, 24.7, -0.24, -8.68, -3.82, -0.09, -0.02, -0.01
21/07/2026 09:11:24, -15838608, -47976272, 8, 1.16, 12.43, SE, 40.0, 24.7, -0.24, -8.68, -3.82, -0.09, -0.02, -0.01
21/07/2026 09:11:34, -15838857, -47976129, 8, 1.89, 6.78, SE, 40.0, 24.7, -0.23, -8.69, -3.81, -0.09, -0.02, -0.01
21/07/2026 09:11:59, -15838518, -47976502, 8, 0.93, 2.80, SE, 40.0, 24.7, -0.24, -8.69, -3.81, -0.08, -0.02, -0.01
21/07/2026 09:12:09, -15838557, -47976613, 7, 1.84, 3.28, SE, 40.0, 24.7, -0.23, -8.69, -3.80, -0.08, -0.02, -0.01
21/07/2026 09:12:20, -15838459, -47976525, 9, 1.34, 3.17, SE, 40.0, 24.8, -0.23, -8.69, -3.81, -0.08, -0.02, -0.01
21/07/2026 09:12:30, -15838513, -47976519, 6, 4.68, 2.15, SE, 40.0, 24.7, -0.24, -8.69, -3.81, -0.08, -0.02, -0.01
21/07/2026 09:12:42, -15838441, -47976461, 8, 0.95, 2.35, SE, 40.0, 24.7, -0.23, -8.69, -3.80, -0.09, -0.02, -0.01
21/07/2026 09:12:58, -15838433, -47976408, 7, 4.05, 2.19, SE, 39.9, 24.8, -0.23, -8.69, -3.82, -0.09, -0.02, -0.01
21/07/2026 09:13:20, -15838328, -47976560, 8, 0.98, 2.04, SE, 39.8, 24.8, -0.23, -8.68, -3.82, -0.09, -0.02, -0.01
21/07/2026 09:13:30, -15838286, -47976610, 9, 0.92, 2.26, SE, 39.8, 24.8, -0.23, -8.69, -3.81, -0.09, -0.02, -0.01
21/07/2026 09:13:43, -15838263, -47976608, 7, 1.20, 2.89, SE, 39.8, 24.8, -0.23, -8.69, -3.81, -0.08, -0.02, -0.01
21/07/2026 09:14:11, -15838207, -47976601, 9, 1.01, 2.02, SE, 39.8, 24.8, -0.24, -8.69, -3.80, -0.09, -0.02, -0.01
21/07/2026 09:14:26, -15838189, -47976584, 7, 1.33, 2.57, SE, 39.8, 24.8, -0.23, -8.70, -3.82, -0.09, -0.02, -0.01
21/07/2026 09:14:42, -15838232, -47976503, 8, 1.79, 2.13, SE, 39.9, 24.9, -0.23, -8.69, -3.81, -0.08, -0.02, -0.01
21/07/2026 09:15:02, -15838269, -47976452, 8, 1.17, 2.07, SE, 39.7, 24.8, -0.23, -8.69, -3.81, -0.08, -0.02, -0.01
21/07/2026 09:15:28, -15838332, -47976403, 10, 0.98, 3.17, SE, 39.7, 24.8, -0.23, -8.69, -3.80, -0.09, -0.02, -0.01
21/07/2026 09:15:59, -15838295, -47976416, 9, 0.93, 0.89, SE, 39.7, 24.9, -0.23, -8.70, -3.79, -0.08, -0.02, -0.01
21/07/2026 09:16:30, -15838244, -47976425, 7, 1.02, 2.20, SE, 39.7, 24.9, -0.23, -8.69, -3.81, -0.09, -0.02, -0.01
21/07/2026 09:17:00, -15838342, -47976483, 8, 1.78, 1.00, SE, 39.7, 24.9, -0.23, -8.70, -3.80, -0.09, -0.02, -0.01
21/07/2026 09:17:31, -15838351, -47976477, 7, 0.98, 2.96, SE, 39.6, 24.9, -0.22, -8.70, -3.80, -0.08, -0.02, -0.01
21/07/2026 09:17:48, -15838468, -47976449, 10, 0.89, 2.13, SE, 39.6, 24.9, -0.23, -8.70, -3.80, -0.08, -0.02, -0.01
21/07/2026 09:18:19, -15838425, -47976555, 7, 1.07, 0.30, SE, 39.6, 25.0, -0.23, -8.70, -3.80, -0.08, -0.02, -0.01
21/07/2026 09:18:49, -15838422, -47976552, 5, 1.34, 0.57, SE, 39.5, 25.0, -0.24, -8.71, -3.79, -0.08, -0.02, -0.01
21/07/2026 09:19:00, -15838412, -47976559, 7, 1.34, 2.80, SE, 39.5, 25.0, -0.23, -8.69, -3.81, -0.08, -0.02, -0.01
21/07/2026 09:19:30, -15838273, -47976566, 8, 0.99, 0.09, SE, 39.5, 25.0, -0.22, -8.70, -3.80, -0.08, -0.02, -0.01
21/07/2026 09:19:54, -15838237, -47976665, 7, 0.99, 2.20, SE, 39.4, 25.0, -0.18, -8.75, -3.70, -0.08, -0.02, -0.01
21/07/2026 09:20:11, -15838349, -47976641, 8, 1.01, 2.96, SE, 39.4, 25.0, -0.19, -8.75, -3.71, -0.09, -0.02, -0.01
21/07/2026 09:20:22, -15838335, -47976606, 8, 1.11, 2.06, SE, 39.3, 25.1, -0.19, -8.74, -3.70, -0.08, -0.02, -0.01
21/07/2026 09:20:33, -15838341, -47976613, 9, 0.91, 2.87, SE, 39.3, 25.1, -0.19, -8.74, -3.69, -0.09, -0.02, -0.01
21/07/2026 09:20:49, -15838355, -47976591, 7, 1.41, 2.54, SE, 39.3, 25.1, -0.19, -8.75, -3.69, -0.09, -0.02, -0.01
21/07/2026 09:20:59, -15838459, -47976482, 9, 1.01, 2.69, SE, 39.3, 25.1, -0.18, -8.75, -3.69, -0.08, -0.02, -0.01
21/07/2026 09:21:14, -15838439, -47976527, 8, 1.02, 2.04, SE, 39.3, 25.1, -0.20, -8.75, -3.71, -0.08, -0.02, -0.01
21/07/2026 09:21:34, -15838406, -47976521, 8, 0.90, 2.04, SE, 39.2, 25.1, -0.19, -8.75, -3.69, -0.08, -0.02, -0.01
21/07/2026 09:22:02, -15838344, -47976493, 9, 0.98, 2.82, SE, 39.1, 25.2, -0.19, -8.76, -3.69, -0.09, -0.02, -0.01
21/07/2026 09:22:15, -15838296, -47976451, 8, 1.07, 2.30, SE, 39.2, 25.1, -0.18, -8.76, -3.69, -0.08, -0.02, -0.01
21/07/2026 09:22:46, -15838120, -47976485, 7, 0.99, 2.85, WSW, 39.1, 25.1, -0.18, -8.75, -3.70, -0.08, -0.02, -0.01
21/07/2026 09:23:00, -15838146, -47976480, 10, 0.91, 2.87, WNW, 39.1, 25.2, -0.19, -8.75, -3.70, -0.08, -0.02, -0.01
21/07/2026 09:23:15, -15838246, -47976426, 8, 1.06, 2.35, WNW, 39.0, 25.2, -0.18, -8.74, -3.70, -0.08, -0.02, -0.01
21/07/2026 09:23:27, -15838251, -47976426, 6, 1.03, 2.28, WNW, 39.0, 25.2, -0.18, -8.75, -3.69, -0.08, -0.02, -0.01
21/07/2026 09:23:37, -15838350, -47976476, 9, 0.98, 2.82, WNW, 39.0, 25.2, -0.18, -8.75, -3.69, -0.08, -0.02, -0.01
21/07/2026 09:24:08, -15838357, -47976530, 7, 1.14, 1.61, WNW, 39.0, 25.2, -0.18, -8.77, -3.69, -0.08, -0.02, -0.01
21/07/2026 09:24:23, -15838371, -47976543, 8, 1.08, 2.02, WNW, 38.9, 25.2, -0.19, -8.75, -3.70, -0.09, -0.02, -0.01
21/07/2026 09:24:39, -15838385, -47976545, 8, 0.94, 2.41, WNW, 38.9, 25.2, -0.17, -8.76, -3.70, -0.08, -0.02, -0.01
21/07/2026 09:25:10, -15838361, -47976543, 7, 1.54, 1.07, WNW, 38.8, 25.2, -0.17, -8.75, -3.70, -0.09, -0.02, -0.01
21/07/2026 09:25:24, -15838343, -47976575, 6, 1.40, 2.65, WNW, 38.8, 25.2, -0.18, -8.75, -3.69, -0.08, -0.02, -0.01
21/07/2026 09:25:35, -15838417, -47976539, 6, 1.36, 2.33, WNW, 38.8, 25.2, -0.18, -8.76, -3.70, -0.08, -0.02, -0.01
21/07/2026 09:25:47, -15838392, -47976498, 9, 0.95, 2.04, WNW, 38.8, 25.2, -0.18, -8.75, -3.70, -0.08, -0.02, -0.01
21/07/2026 09:26:05, -15838290, -47976543, 7, 1.15, 2.93, S, 38.7, 25.3, -0.18, -8.75, -3.69, -0.09, -0.02, -0.01
21/07/2026 09:26:21, -15838225, -47976590, 4, 1.91, 2.26, S, 38.7, 25.3, -0.18, -8.76, -3.70, -0.08, -0.02, -0.01
21/07/2026 09:26:31, -15838209, -47976618, 10, 1.10, 2.54, S, 38.7, 25.3, -0.18, -8.75, -3.69, -0.08, -0.02, -0.01
21/07/2026 09:26:42, -15838113, -47976618, 7, 0.96, 2.07, S, 38.7, 25.3, -0.18, -8.75, -3.69, -0.08, -0.02, -0.01
21/07/2026 09:27:07, -15838185, -47976559, 8, 1.22, 2.07, S, 38.7, 25.3, -0.18, -8.76, -3.69, -0.08, -0.02, -0.01
21/07/2026 09:27:38, -15838316, -47976528, 6, 1.31, 1.87, S, 38.6, 25.3, -0.18, -8.75, -3.68, -0.09, -0.02, -0.01
21/07/2026 09:27:53, -15838412, -47976530, 9, 1.15, 2.11, S, 38.6, 25.3, -0.18, -8.76, -3.70, -0.08, -0.02, -0.01
21/07/2026 09:28:19, -15838464, -47976492, 7, 1.30, 2.22, S, 38.6, 25.3, -0.18, -8.76, -3.69, -0.08, -0.02, -0.01
21/07/2026 09:28:47, -15838273, -47976344, 10, 1.31, 2.11, S, 38.5, 25.4, -0.18, -8.75, -3.69, -0.09, -0.02, -0.01
21/07/2026 09:29:14, -15838349, -47976422, 7, 1.54, 2.37, S, 38.5, 25.4, -0.18, -8.76, -3.69, -0.08, -0.02, -0.01
21/07/2026 09:29:32, -15838425, -47976441, 7, 2.57, 2.09, S, 38.5, 25.4, -0.17, -8.76, -3.69, -0.08, -0.02, -0.01
21/07/2026 09:29:42, -15838492, -47976448, 5, 2.81, 2.43, SSW, 38.5, 25.4, -0.18, -8.76, -3.67, -0.08, -0.02, -0.01
21/07/2026 09:29:53, -15838525, -47976492, 9, 0.98, 2.41, SSW, 38.5, 25.4, -0.17, -8.76, -3.69, -0.09, -0.02, -0.01
21/07/2026 09:30:17, -15838475, -47976488, 6, 1.33, 2.11, SSW, 38.5, 25.4, -0.17, -8.75, -3.69, -0.08, -0.02, -0.01
21/07/2026 09:30:33, -15838520, -47976591, 9, 1.21, 2.04, SSW, 38.4, 25.4, -0.17, -8.76, -3.68, -0.08, -0.02, -0.01
21/07/2026 09:30:43, -15838418, -47976556, 8, 2.06, 2.91, SSW, 38.4, 25.4, -0.18, -8.76, -3.68, -0.08, -0.02, -0.01
21/07/2026 09:30:54, -15838366, -47976525, 7, 1.33, 3.02, SSW, 38.4, 25.4, -0.17, -8.76, -3.69, -0.08, -0.02, -0.01
21/07/2026 09:31:08, -15838420, -47976592, 8, 0.97, 2.41, SSW, 38.4, 25.4, -0.17, -8.76, -3.70, -0.08, -0.02, -0.01
21/07/2026 09:31:27, -15838542, -47976755, 9, 0.96, 2.20, SW, 38.3, 25.4, -0.18, -8.76, -3.68, -0.08, -0.02, -0.01
21/07/2026 09:31:37, -15838465, -47976696, 9, 2.29, 2.13, SW, 38.3, 25.4, -0.17, -8.76, -3.68, -0.09, -0.02, -0.01
21/07/2026 09:31:48, -15838391, -47976548, 9, 1.06, 2.94, SW, 38.3, 25.5, -0.18, -8.76, -3.68, -0.08, -0.02, -0.01
21/07/2026 09:32:07, -15838337, -47976522, 7, 1.09, 2.46, SW, 38.3, 25.4, -0.17, -8.75, -3.69, -0.09, -0.02, -0.01
21/07/2026 09:32:17, -15838415, -47976492, 9, 0.93, 3.52, SW, 38.3, 25.5, -0.17, -8.76, -3.69, -0.08, -0.02, -0.01
21/07/2026 09:32:33, -15838396, -47976515, 6, 1.17, 2.17, SW, 38.3, 25.5, -0.17, -8.76, -3.67, -0.09, -0.02, -0.01
21/07/2026 09:32:44, -15838387, -47976571, 8, 0.97, 2.22, SW, 38.2, 25.5, -0.17, -8.76, -3.69, -0.09, -0.02, -0.01
21/07/2026 09:33:14, -15838366, -47976639, 7, 1.12, 0.81, SW, 38.2, 25.5, -0.17, -8.76, -3.68, -0.09, -0.02, -0.01
21/07/2026 09:33:29, -15838381, -47976687, 8, 1.27, 2.24, SW, 38.2, 25.5, -0.17, -8.76, -3.69, -0.09, -0.02, -0.01
21/07/2026 09:33:46, -15838325, -47976653, 6, 2.12, 2.04, SW, 38.2, 25.5, -0.16, -8.76, -3.68, -0.09, -0.02, -0.01
21/07/2026 09:33:57, -15838322, -47976591, 7, 1.19, 2.96, SW, 38.1, 25.5, -0.16, -8.76, -3.67, -0.09, -0.02, -0.01
21/07/2026 09:34:10, -15838130, -47976927, 6, 1.53, 12.95, NW, 38.1, 25.5, -0.17, -8.76, -3.67, -0.09, -0.02, -0.01
21/07/2026 09:34:25, -15838253, -47976906, 5, 1.39, 2.06, NW, 38.1, 25.5, -0.17, -8.76, -3.68, -0.09, -0.02, -0.01
21/07/2026 09:34:39, -15838476, -47977001, 9, 1.16, 2.20, NW, 38.1, 25.5, -0.17, -8.76, -3.69, -0.09, -0.02, -0.01
21/07/2026 09:34:50, -15838433, -47976765, 9, 0.99, 3.32, NW, 38.1, 25.5, -0.17, -8.76, -3.68, -0.08, -0.02, -0.01
21/07/2026 09:35:02, -15838349, -47976679, 6, 1.20, 2.09, NW, 38.1, 25.5, -0.17, -8.76, -3.68, -0.08, -0.02, -0.01
21/07/2026 09:35:12, -15838294, -47976634, 7, 1.10, 3.20, NW, 38.1, 25.5, -0.17, -8.76, -3.68, -0.08, -0.02, -0.01
21/07/2026 09:35:23, -15838332, -47976605, 7, 1.31, 2.02, NW, 38.1, 25.5, -0.17, -8.77, -3.67, -0.09, -0.02, -0.01
21/07/2026 09:35:50, -15838333, -47976673, 8, 1.02, 2.02, NW, 38.0, 25.5, -0.16, -8.78, -3.68, -0.08, -0.02, -0.01
21/07/2026 09:36:02, -15838457, -47976745, 9, 1.30, 2.70, NW, 38.0, 25.5, -0.18, -8.76, -3.68, -0.08, -0.02, -0.01
21/07/2026 09:36:32, -15838431, -47976771, 8, 0.98, 1.83, NW, 38.0, 25.5, -0.17, -8.76, -3.70, -0.09, -0.02, -0.01
21/07/2026 09:37:03, -15838375, -47976684, 6, 2.28, 0.96, NW, 38.0, 25.6, -0.17, -8.77, -3.68, -0.08, -0.02, -0.01
21/07/2026 09:37:16, -15838334, -47976521, 6, 1.11, 2.13, NW, 37.9, 25.6, -0.17, -8.77, -3.68, -0.08, -0.02, -0.01
21/07/2026 09:37:26, -15838358, -47976386, 9, 0.97, 2.30, NW, 37.9, 25.6, -0.16, -8.77, -3.70, -0.09, -0.02, -0.01
21/07/2026 09:37:52, -15838433, -47976440, 10, 0.99, 2.56, NW, 37.9, 25.6, -0.16, -8.76, -3.68, -0.08, -0.02, -0.01
21/07/2026 09:38:21, -15838442, -47976556, 9, 1.06, 2.43, NW, 37.9, 25.6, -0.17, -8.77, -3.69, -0.09, -0.02, -0.01
21/07/2026 09:38:32, -15838440, -47976601, 6, 1.36, 2.37, NW, 37.8, 25.6, -0.16, -8.76, -3.68, -0.09, -0.02, -0.01
21/07/2026 09:38:42, -15838525, -47976758, 7, 1.83, 5.94, W, 37.8, 25.6, -0.16, -8.76, -3.69, -0.09, -0.02, -0.01
21/07/2026 09:39:13, -15838670, -47976926, 7, 1.39, 0.72, WSW, 37.8, 25.6, -0.17, -8.76, -3.69, -0.08, -0.02, -0.01
21/07/2026 09:39:32, -15838654, -47976954, 10, 1.04, 2.39, WSW, 37.8, 25.6, -0.17, -8.76, -3.69, -0.08, -0.02, -0.01
21/07/2026 09:39:43, -15838537, -47977065, 8, 1.05, 2.06, WSW, 37.8, 25.6, -0.16, -8.77, -3.68, -0.08, -0.02, -0.01
21/07/2026 09:40:10, -15838492, -47977131, 7, 1.21, 2.09, WSW, 37.8, 25.6, -0.17, -8.77, -3.69, -0.09, -0.02, -0.01
21/07/2026 09:40:30, -15838472, -47976936, 9, 1.34, 2.07, WSW, 37.8, 25.6, -0.16, -8.77, -3.69, -0.09, -0.02, -0.01
21/07/2026 09:41:01, -15838359, -47976624, 7, 1.10, 0.98, WSW, 37.7, 25.6, -0.17, -8.76, -3.68, -0.09, -0.02, -0.01
21/07/2026 09:41:17, -15838346, -47976574, 8, 1.06, 2.02, WSW, 37.7, 25.6, -0.15, -8.76, -3.69, -0.08, -0.02, -0.01
21/07/2026 09:41:27, -15838310, -47976544, 8, 1.06, 2.17, WSW, 37.7, 25.6, -0.16, -8.77, -3.67, -0.09, -0.02, -0.01
21/07/2026 09:41:45, -15838323, -47976492, 9, 1.54, 2.37, WSW, 37.7, 25.6, -0.17, -8.76, -3.67, -0.09, -0.02, -0.01
21/07/2026 09:41:56, -15838339, -47976436, 9, 1.00, 2.11, WSW, 37.7, 25.6, -0.16, -8.76, -3.67, -0.08, -0.02, -0.01
21/07/2026 09:42:07, -15838421, -47976476, 10, 0.98, 2.22, WSW, 37.7, 25.6, -0.16, -8.77, -3.69, -0.09, -0.02, -0.01
21/07/2026 09:42:21, -15838472, -47976533, 9, 1.27, 2.07, WSW, 37.7, 25.6, -0.17, -8.76, -3.68, -0.09, -0.02, -0.01
21/07/2026 09:42:34, -15838432, -47976442, 7, 1.70, 2.59, WSW, 37.7, 25.6, -0.16, -8.77, -3.67, -0.08, -0.02, -0.01
21/07/2026 09:42:46, -15838403, -47976364, 8, 1.27, 2.57, WSW, 37.6, 25.7, -0.17, -8.77, -3.68, -0.08, -0.02, -0.01
21/07/2026 09:42:58, -15838386, -47976283, 8, 1.27, 2.20, WSW, 37.6, 25.7, -0.17, -8.77, -3.68, -0.08, -0.02, -0.01
21/07/2026 09:43:08, -15838408, -47976303, 8, 1.24, 2.54, WSW, 37.6, 25.7, -0.17, -8.77, -3.69, -0.09, -0.02, -0.01
21/07/2026 09:43:21, -15838383, -47976352, 7, 1.27, 2.19, WSW, 37.6, 25.7, -0.18, -8.76, -3.68, -0.08, -0.02, -0.01
21/07/2026 09:43:32, -15838396, -47976380, 8, 1.80, 2.28, WSW, 37.6, 25.7, -0.17, -8.76, -3.69, -0.08, -0.02, -0.01
21/07/2026 09:43:44, -15838338, -47976275, 8, 1.68, 2.04, WSW, 37.6, 25.7, -0.16, -8.77, -3.68, -0.08, -0.02, -0.01
21/07/2026 09:43:57, -15838250, -47976102, 6, 1.68, 5.09, NNE, 37.6, 25.7, -0.16, -8.76, -3.69, -0.08, -0.02, -0.01
21/07/2026 09:44:08, -15838348, -47976292, 8, 0.98, 3.04, NNE, 37.6, 25.7, -0.17, -8.76, -3.69, -0.08, -0.02, -0.01
21/07/2026 09:44:33, -15838382, -47976399, 9, 0.98, 3.19, NNE, 37.6, 25.7, -0.17, -8.76, -3.68, -0.08, -0.02, -0.01
21/07/2026 09:44:52, -15838372, -47976403, 10, 0.93, 2.19, NNE, 37.5, 25.7, -0.16, -8.77, -3.68, -0.08, -0.02, -0.01
21/07/2026 09:45:03, -15838338, -47976321, 6, 1.76, 2.20, ENE, 37.5, 25.7, -0.16, -8.76, -3.67, -0.08, -0.02, -0.01
21/07/2026 09:45:34, -15838478, -47976373, 9, 0.97, 1.46, ENE, 37.5, 25.7, -0.17, -8.77, -3.69, -0.09, -0.02, -0.01
21/07/2026 09:45:52, -15838536, -47976273, 9, 0.93, 2.19, ENE, 37.5, 25.7, -0.16, -8.76, -3.68, -0.08, -0.02, -0.01
21/07/2026 09:46:13, -15838581, -47976236, 6, 1.75, 2.06, ENE, 37.5, 25.7, -0.16, -8.78, -3.66, -0.08, -0.02, -0.01
21/07/2026 09:46:31, -15838605, -47976260, 7, 1.75, 2.24, ENE, 37.4, 25.7, -0.17, -8.77, -3.68, -0.08, -0.02, -0.01
21/07/2026 09:46:55, -15838540, -47976243, 7, 1.69, 2.35, ENE, 37.4, 25.7, -0.17, -8.76, -3.69, -0.08, -0.02, -0.01
21/07/2026 09:47:07, -15838482, -47976134, 7, 1.67, 2.00, ENE, 37.4, 25.7, -0.17, -8.76, -3.69, -0.08, -0.02, -0.01
21/07/2026 09:47:17, -15838510, -47976245, 6, 1.92, 2.54, SSW, 37.4, 25.7, -0.16, -8.77, -3.67, -0.08, -0.02, -0.01
21/07/2026 09:47:33, -15838452, -47976317, 8, 0.98, 2.33, SSW, 37.4, 25.7, -0.15, -8.76, -3.68, -0.08, -0.02, -0.01
21/07/2026 09:47:43, -15838403, -47976253, 6, 1.66, 3.13, SSW, 37.4, 25.7, -0.17, -8.76, -3.67, -0.08, -0.02, -0.01
21/07/2026 09:47:54, -15838408, -47976140, 6, 1.66, 2.20, SSW, 37.4, 25.7, -0.16, -8.77, -3.68, -0.08, -0.02, -0.01
21/07/2026 09:48:05, -15838375, -47976277, 7, 3.54, 4.41, SSW, 37.4, 25.8, -0.16, -8.76, -3.67, -0.09, -0.02, -0.01
21/07/2026 09:48:17, -15838365, -47976297, 5, 1.19, 2.72, SSW, 37.4, 25.7, -0.17, -8.77, -3.68, -0.08, -0.02, -0.01
21/07/2026 09:48:28, -15838446, -47976406, 7, 1.14, 2.32, SSW, 37.4, 25.8, -0.16, -8.78, -3.68, -0.08, -0.02, -0.01
21/07/2026 09:48:39, -15838508, -47976391, 9, 1.22, 2.63, SSW, 37.3, 25.8, -0.17, -8.77, -3.67, -0.08, -0.02, -0.01
21/07/2026 09:48:50, -15838519, -47976413, 7, 1.88, 3.93, SSW, 37.3, 25.8, -0.16, -8.77, -3.68, -0.08, -0.02, -0.01
21/07/2026 09:49:00, -15838486, -47976435, 8, 2.09, 2.37, SSW, 37.3, 25.8, -0.15, -8.77, -3.68, -0.08, -0.02, -0.01
21/07/2026 09:49:11, -15838464, -47976583, 6, 1.33, 3.11, SSW, 37.3, 25.8, -0.16, -8.76, -3.67, -0.08, -0.02, -0.01
21/07/2026 09:49:25, -15838518, -47976611, 9, 1.15, 2.37, SSW, 37.3, 25.8, -0.18, -8.77, -3.67, -0.08, -0.02, -0.01
21/07/2026 09:49:35, -15838505, -47976430, 8, 1.70, 2.00, SSW, 37.3, 25.8, -0.16, -8.76, -3.67, -0.08, -0.02, -0.01
21/07/2026 09:49:55, -15838367, -47976281, 8, 1.69, 2.00, SSW, 37.3, 25.7, -0.16, -8.76, -3.68, -0.08, -0.02, -0.01
21/07/2026 09:50:08, -15838370, -47976361, 8, 1.32, 2.61, SSW, 37.2, 25.8, -0.16, -8.76, -3.68, -0.08, -0.02, -0.01
21/07/2026 09:50:18, -15838422, -47976525, 9, 1.03, 2.09, SSW, 37.3, 25.8, -0.16, -8.77, -3.67, -0.08, -0.02, -0.01
21/07/2026 09:50:30, -15838399, -47976539, 7, 1.24, 2.33, SSW, 37.2, 25.8, -0.16, -8.77, -3.67, -0.09, -0.02, -0.01
21/07/2026 09:50:44, -15838361, -47976475, 5, 1.63, 2.35, SSW, 37.2, 25.8, -0.16, -8.77, -3.66, -0.08, -0.02, -0.01
21/07/2026 09:50:55, -15838391, -47976453, 4, 2.33, 2.19, SSW, 37.2, 25.8, -0.16, -8.76, -3.68, -0.08, -0.02, -0.01
21/07/2026 09:51:05, -15838423, -47976391, 6, 1.58, 4.56, SSW, 37.2, 25.8, -0.16, -8.77, -3.67, -0.08, -0.02, -0.01
21/07/2026 09:51:17, -15838516, -47976431, 7, 2.24, 2.30, SSW, 37.2, 25.8, -0.16, -8.77, -3.67, -0.08, -0.02, -0.01
21/07/2026 09:51:32, -15838527, -47976570, 5, 2.31, 2.17, SSW, 37.1, 25.8, -0.16, -8.77, -3.68, -0.09, -0.02, -0.01
21/07/2026 09:51:42, -15838479, -47976616, 6, 2.31, 2.59, SSW, 37.1, 25.8, -0.17, -8.77, -3.67, -0.09, -0.02, -0.01
21/07/2026 09:51:53, -15838438, -47976635, 6, 2.30, 2.48, SSW, 37.1, 25.8, -0.16, -8.76, -3.69, -0.09, -0.02, -0.01
21/07/2026 09:52:03, -15838388, -47976631, 9, 2.25, 2.82, SSW, 37.1, 25.8, -0.15, -8.76, -3.67, -0.09, -0.02, -0.01
21/07/2026 09:52:14, -15838258, -47976429, 6, 3.01, 3.52, SSW, 37.1, 25.8, -0.17, -8.77, -3.69, -0.08, -0.02, -0.01
21/07/2026 09:52:34, -15838084, -47976286, 8, 1.20, 2.07, SSW, 37.1, 25.8, -0.16, -8.76, -3.67, -0.08, -0.02, -0.01
21/07/2026 09:53:01, -15838164, -47976291, 3, 2.57, 2.26, SSW, 37.1, 25.8, 0.03, -8.78, -3.65, -0.08, -0.02, -0.01
21/07/2026 09:53:20, -15838236, -47976348, 7, 1.56, 2.19, SSW, 37.1, 25.8, 0.02, -8.79, -3.67, -0.08, -0.02, -0.01
21/07/2026 09:53:32, -15838216, -47976322, 8, 1.61, 2.17, ENE, 37.0, 25.8, 0.03, -8.78, -3.66, -0.08, -0.02, -0.01
21/07/2026 09:53:49, -15838313, -47976518, 9, 1.09, 2.74, ENE, 37.0, 25.8, 0.02, -8.79, -3.66, -0.08, -0.02, -0.01
21/07/2026 09:53:59, -15838400, -47976622, 7, 1.47, 2.30, ENE, 37.0, 25.8, 0.02, -8.79, -3.67, -0.08, -0.02, -0.01
21/07/2026 09:54:30, -15838434, -47976608, 7, 1.23, 0.81, ENE, 37.0, 25.9, 0.02, -8.78, -3.67, -0.08, -0.02, -0.01
21/07/2026 09:55:01, -15838396, -47976454, 8, 1.23, 0.24, ENE, 37.0, 25.9, 0.03, -8.78, -3.67, -0.08, -0.02, -0.02
21/07/2026 09:55:26, -15838367, -47976458, 7, 1.46, 2.20, ENE, 36.9, 25.9, 0.03, -8.78, -3.66, -0.08, -0.02, -0.01
21/07/2026 09:55:44, -15838316, -47976463, 5, 1.59, 2.15, ENE, 36.9, 25.9, 0.04, -8.79, -3.66, -0.08, -0.02, -0.01
21/07/2026 09:55:55, -15838381, -47976439, 6, 1.55, 2.39, ENE, 36.9, 25.9, 0.02, -8.78, -3.67, -0.09, -0.02, -0.01
21/07/2026 09:56:10, -15838420, -47976384, 7, 1.45, 2.26, ENE, 36.9, 25.9, 0.03, -8.78, -3.67, -0.08, -0.02, -0.01
21/07/2026 09:56:24, -15838426, -47976400, 9, 1.11, 2.50, ENE, 36.8, 25.9, 0.88, -9.21, -2.73, -0.09, -0.02, -0.02
21/07/2026 09:56:35, -15838376, -47976267, 5, 2.62, 3.44, ENE, 36.8, 25.8, 0.86, -9.22, -2.73, -0.08, -0.02, -0.01
21/07/2026 09:56:45, -15838340, -47976234, 6, 3.09, 3.04, ENE, 36.8, 25.9, 0.88, -9.22, -2.73, -0.08, -0.02, -0.01
21/07/2026 09:56:56, -15838516, -47976464, 8, 1.59, 6.54, S, 36.8, 25.9, 0.87, -9.22, -2.71, -0.08, -0.02, -0.01
21/07/2026 09:57:09, -15838375, -47976382, 6, 3.36, 4.24, S, 36.8, 25.9, 0.87, -9.22, -2.71, -0.08, -0.02, -0.01
21/07/2026 09:57:20, -15838345, -47976353, 5, 3.36, 4.80, W, 36.9, 25.9, 0.87, -9.21, -2.71, -0.08, -0.02, -0.01
21/07/2026 09:57:31, -15838233, -47976132, 5, 5.43, 6.00, W, 36.8, 25.9, 1.06, -9.20, -2.57, -0.05, -0.21, -0.11
21/07/2026 09:57:41, -15838143, -47976151, 8, 1.80, 2.54, NNE, 36.8, 25.9, 0.89, -9.29, -2.54, -0.08, -0.02, -0.01
21/07/2026 09:57:52, -15837888, -47976152, 6, 1.67, 7.76, NE, 36.9, 25.9, 0.90, -9.30, -2.36, -0.07, -0.01, -0.01
21/07/2026 09:58:02, -15837830, -47976247, 5, 1.67, 2.44, NE, 36.8, 25.9, 1.80, -9.27, 4.61, -0.08, -0.02, -0.01
21/07/2026 09:58:33, -15838065, -47976362, 5, 1.98, 0.94, NE, 36.6, 25.9, 1.79, -9.28, 4.60, -0.08, -0.02, -0.01
21/07/2026 09:58:44, -15838196, -47976333, 6, 1.31, 2.04, NE, 36.6, 25.9, 1.79, -9.27, 4.58, -0.08, -0.02, -0.01
21/07/2026 09:58:54, -15838178, -47976240, 8, 1.55, 2.85, NE, 37.0, 26.0, 1.78, -9.27, 4.59, -0.08, -0.02, -0.01
21/07/2026 09:59:09, -15838190, -47976203, 8, 1.54, 2.15, NE, 37.0, 26.0, 1.78, -9.27, 4.59, -0.08, -0.02, -0.01
21/07/2026 09:59:19, -15838214, -47976153, 8, 1.55, 2.63, NE, 36.9, 26.0, 1.79, -9.28, 4.60, -0.08, -0.02, -0.01
21/07/2026 09:59:39, -15838218, -47976155, 8, 1.27, 2.41, NE, 36.8, 26.0, 1.79, -9.27, 4.59, -0.09, -0.02, -0.01
21/07/2026 09:59:53, -15838262, -47976134, 7, 1.87, 3.30, NE, 36.4, 25.9, 1.78, -9.27, 4.58, -0.08, -0.02, -0.01
21/07/2026 10:00:04, -15838322, -47976249, 7, 2.93, 2.13, NE, 36.8, 26.0, 1.78, -9.27, 4.59, -0.08, -0.02, -0.01
21/07/2026 10:00:15, -15838337, -47976484, 8, 1.02, 2.85, NE, 36.8, 26.0, 1.79, -9.28, 4.59, -0.08, -0.02, -0.01
21/07/2026 10:00:26, -15838435, -47976628, 4, 3.28, 4.22, WSW, 36.8, 26.0, 1.78, -9.28, 4.59, -0.08, -0.02, -0.01
21/07/2026 10:00:36, -15838339, -47976471, 8, 1.22, 7.48, NE, 36.7, 26.0, 1.79, -9.28, 4.58, -0.08, -0.02, -0.02
21/07/2026 10:00:53, -15838381, -47976461, 8, 1.23, 2.04, ENE, 36.7, 26.0, 1.79, -9.27, 4.59, -0.08, -0.02, -0.01
21/07/2026 10:01:06, -15838395, -47976446, 7, 2.37, 2.28, ENE, 36.7, 26.0, 1.77, -9.23, 4.71, -0.08, -0.02, -0.01
21/07/2026 10:01:16, -15838314, -47976321, 6, 1.49, 2.74, NE, 36.6, 26.1, 1.77, -9.22, 4.72, -0.09, -0.02, -0.02
21/07/2026 10:01:27, -15838296, -47976372, 7, 1.64, 2.74, NE, 36.6, 26.1, 1.76, -9.24, 4.72, -0.08, -0.02, -0.02
21/07/2026 10:01:44, -15838291, -47976368, 6, 1.59, 2.09, NE, 36.6, 26.1, 1.77, -9.23, 4.72, -0.08, -0.02, -0.01
21/07/2026 10:01:54, -15838317, -47976469, 8, 1.53, 3.15, NE, 36.6, 26.1, 1.77, -9.22, 4.72, -0.08, -0.02, -0.01
21/07/2026 10:02:08, -15838422, -47976545, 9, 0.99, 2.30, NE, 36.6, 26.1, 1.77, -9.23, 4.71, -0.08, -0.02, -0.01
21/07/2026 10:02:37, -15838467, -47976502, 8, 1.02, 2.13, NE, 36.5, 26.1, 1.75, -9.23, 4.73, -0.08, -0.02, -0.01
21/07/2026 10:02:59, -15838371, -47976388, 9, 1.00, 2.07, NE, 36.5, 26.1, 1.76, -9.23, 4.73, -0.08, -0.02, -0.01
21/07/2026 10:03:09, -15838384, -47976428, 9, 1.19, 2.13, NE, 36.5, 26.1, 1.76, -9.22, 4.73, -0.08, -0.02, -0.01
21/07/2026 10:03:23, -15838377, -47976441, 7, 1.34, 3.07, NE, 36.5, 26.1, 1.76, -9.24, 4.71, -0.08, -0.02, -0.02
21/07/2026 10:03:35, -15838446, -47976533, 9, 1.12, 2.93, NE, 36.5, 26.1, 1.76, -9.23, 4.71, -0.09, -0.02, -0.01
21/07/2026 10:04:06, -15838405, -47976502, 8, 1.14, 0.61, NE, 36.5, 26.1, 1.77, -9.23, 4.71, -0.08, -0.02, -0.01
21/07/2026 10:04:22, -15838288, -47976506, 7, 1.35, 2.11, NE, 36.4, 26.1, 1.77, -9.24, 4.70, -0.08, -0.02, -0.01
21/07/2026 10:04:53, -15838166, -47976561, 9, 1.20, 0.80, NE, 36.4, 26.1, 1.77, -9.23, 4.71, -0.09, -0.02, -0.01
21/07/2026 10:05:08, -15838165, -47976566, 7, 2.46, 2.28, NE, 36.4, 26.2, 1.75, -9.24, 4.71, -0.08, -0.02, -0.01
21/07/2026 10:05:19, -15838307, -47976655, 10, 1.00, 2.61, NE, 36.4, 26.2, 1.78, -9.23, 4.72, -0.08, -0.02, -0.01
21/07/2026 10:05:32, -15838396, -47976625, 10, 1.00, 2.44, NE, 36.4, 26.2, 1.77, -9.22, 4.72, -0.08, -0.02, -0.01
21/07/2026 10:05:52, -15838473, -47976560, 10, 1.00, 3.04, NE, 36.4, 26.2, 1.76, -9.23, 4.72, -0.08, -0.02, -0.01
21/07/2026 10:06:22, -15838382, -47976486, 9, 1.11, 1.26, NE, 36.3, 26.2, 1.76, -9.22, 4.72, -0.08, -0.02, -0.02
21/07/2026 10:06:38, -15838294, -47976492, 9, 1.20, 2.70, NE, 36.3, 26.2, 1.76, -9.23, 4.72, -0.08, -0.02, -0.01
21/07/2026 10:07:09, -15838171, -47976577, 9, 1.25, 0.43, NE, 36.3, 26.2, 1.76, -9.23, 4.72, -0.08, -0.02, -0.01
21/07/2026 10:07:24, -15838157, -47976640, 10, 0.97, 2.22, NE, 36.3, 26.2, 1.77, -9.24, 4.71, -0.08, -0.02, -0.01
21/07/2026 10:07:54, -15838360, -47976636, 8, 1.26, 0.44, NE, 36.3, 26.2, 1.76, -9.23, 4.70, -0.08, -0.02, -0.01
21/07/2026 10:08:25, -15838365, -47976474, 8, 1.12, 0.46, NE, 36.3, 26.2, 1.76, -9.23, 4.71, -0.08, -0.02, -0.01
21/07/2026 10:08:47, -15838335, -47976478, 8, 1.21, 2.00, NE, 36.2, 26.2, 1.77, -9.24, 4.72, -0.08, -0.02, -0.02
21/07/2026 10:09:18, -15838293, -47976605, 9, 1.10, 0.98, NE, 36.2, 26.2, 1.77, -9.23, 4.72, -0.08, -0.02, -0.01
21/07/2026 10:09:30, -15838282, -47976582, 11, 0.94, 2.74, NE, 36.2, 26.2, 1.77, -9.23, 4.71, -0.08, -0.02, -0.01
21/07/2026 10:10:00, -15838288, -47976516, 9, 1.03, 1.02, E, 36.2, 26.2, 1.76, -9.24, 4.72, -0.09, -0.02, -0.01
21/07/2026 10:10:31, -15838196, -47976592, 11, 0.83, 0.91, E, 36.1, 26.2, 1.76, -9.24, 4.72, -0.08, -0.02, -0.01
21/07/2026 10:11:02, -15838222, -47976471, 10, 0.94, 0.17, E, 36.1, 26.3, 1.77, -9.23, 4.70, -0.08, -0.02, -0.02
21/07/2026 10:11:28, -15838276, -47976413, 11, 0.94, 2.46, E, 36.1, 26.3, 1.76, -9.23, 4.73, -0.08, -0.02, -0.01
21/07/2026 10:11:39, -15838297, -47976457, 10, 0.94, 2.22, E, 36.1, 26.3, 1.76, -9.23, 4.72, -0.08, -0.02, -0.01
21/07/2026 10:12:02, -15838333, -47976537, 11, 0.83, 2.04, E, 36.1, 26.2, 1.76, -9.23, 4.71, -0.08, -0.02, -0.01
21/07/2026 10:12:17, -15838308, -47976561, 7, 1.45, 2.26, E, 36.1, 26.3, 1.75, -9.23, 4.73, -0.08, -0.02, -0.01
21/07/2026 10:12:29, -15838309, -47976587, 10, 1.06, 2.06, E, 36.0, 26.3, 1.76, -9.22, 4.71, -0.08, -0.02, -0.01
21/07/2026 10:12:40, -15838286, -47976588, 10, 1.31, 2.24, E, 36.0, 26.3, 1.77, -9.23, 4.71, -0.08, -0.02, -0.01
21/07/2026 10:13:10, -15838305, -47976590, 9, 0.86, 1.70, E, 36.0, 26.3, 1.77, -9.23, 4.71, -0.08, -0.02, -0.01
21/07/2026 10:13:24, -15838260, -47976601, 11, 0.91, 2.30, E, 36.0, 26.3, 1.75, -9.23, 4.71, -0.08, -0.02, -0.02
21/07/2026 10:13:46, -15838272, -47976587, 11, 0.83, 2.19, E, 36.0, 26.3, 1.76, -9.23, 4.71, -0.09, -0.02, -0.02
21/07/2026 10:14:17, -15838330, -47976609, 9, 1.01, 0.89, E, 36.0, 26.3, 1.77, -9.23, 4.72, -0.08, -0.02, -0.01
21/07/2026 10:14:41, -15838314, -47976593, 8, 1.11, 2.13, E, 36.0, 26.3, 1.76, -9.24, 4.73, -0.08, -0.02, -0.02
21/07/2026 10:14:59, -15838321, -47976442, 9, 1.08, 2.32, E, 36.0, 26.3, 1.76, -9.24, 4.71, -0.08, -0.02, -0.01
21/07/2026 10:15:17, -15838231, -47976626, 10, 1.09, 3.33, E, 36.0, 26.2, 1.76, -9.23, 4.71, -0.08, -0.02, -0.01
21/07/2026 10:15:28, -15838202, -47976752, 9, 0.93, 4.67, NNW, 36.0, 26.3, 1.75, -9.24, 4.72, -0.09, -0.02, -0.01
21/07/2026 10:15:58, -15838193, -47976823, 11, 0.83, 0.20, NNW, 36.0, 26.3, 1.77, -9.23, 4.72, -0.08, -0.02, -0.01
21/07/2026 10:16:29, -15838254, -47976677, 10, 0.93, 0.35, NNW, 36.0, 26.3, 1.77, -9.22, 4.72, -0.09, -0.02, -0.02
21/07/2026 10:17:00, -15838326, -47976574, 10, 1.28, 0.61, NNW, 36.0, 26.3, 1.76, -9.24, 4.71, -0.08, -0.02, -0.01
21/07/2026 10:17:31, -15838326, -47976695, 9, 1.06, 1.80, NNW, 36.0, 26.3, 1.77, -9.23, 4.71, -0.08, -0.02, -0.02
21/07/2026 10:17:49, -15838237, -47976773, 10, 0.97, 3.02, NNW, 36.0, 26.3, 1.77, -9.24, 4.70, -0.08, -0.02, -0.01
21/07/2026 10:18:17, -15838165, -47976755, 10, 0.87, 2.07, NNW, 36.0, 26.3, 1.76, -9.24, 4.71, -0.08, -0.02, -0.01
21/07/2026 10:18:32, -15838143, -47976735, 10, 1.02, 2.07, NNW, 35.9, 26.3, 1.76, -9.23, 4.70, -0.08, -0.02, -0.01
21/07/2026 10:18:46, -15838181, -47976657, 10, 0.94, 3.02, NNW, 35.9, 26.3, 1.76, -9.23, 4.71, -0.08, -0.02, -0.01
21/07/2026 10:18:56, -15838154, -47976686, 10, 0.86, 2.09, NNW, 35.9, 26.4, 1.76, -9.23, 4.71, -0.08, -0.02, -0.01
21/07/2026 10:19:08, -15838100, -47976737, 10, 0.85, 2.06, NNW, 35.9, 26.4, 1.76, -9.23, 4.72, -0.09, -0.02, -0.01
21/07/2026 10:19:38, -15838153, -47976689, 11, 1.04, 1.19, NNW, 35.8, 26.4, 1.75, -9.24, 4.72, -0.08, -0.02, -0.02
21/07/2026 10:20:09, -15838319, -47976656, 10, 0.98, 1.87, NNW, 35.8, 26.4, 1.77, -9.23, 4.72, -0.08, -0.02, -0.02
21/07/2026 10:20:23, -15838419, -47976618, 8, 1.30, 2.09, NNW, 35.8, 26.4, 1.77, -9.22, 4.70, -0.08, -0.02, -0.01
21/07/2026 10:20:53, -15838428, -47976507, 11, 1.00, 0.76, NNW, 35.7, 26.4, 1.77, -9.23, 4.71, -0.08, -0.02, -0.02
21/07/2026 10:21:06, -15838440, -47976594, 9, 0.90, 2.07, NNW, 35.7, 26.4, 1.76, -9.23, 4.71, -0.08, -0.02, -0.01
21/07/2026 10:21:17, -15838435, -47976588, 10, 1.08, 2.50, W, 35.7, 26.4, 1.76, -9.24, 4.73, -0.09, -0.02, -0.01
21/07/2026 10:21:27, -15838472, -47976584, 10, 1.12, 2.82, W, 35.7, 26.4, 1.76, -9.23, 4.71, -0.08, -0.02, -0.01
21/07/2026 10:21:38, -15838435, -47976419, 9, 1.13, 3.91, N, 35.7, 26.4, 1.77, -9.24, 4.72, -0.09, -0.02, -0.01
21/07/2026 10:21:48, -15838429, -47976556, 11, 1.10, 2.15, NE, 35.6, 26.5, 1.76, -9.23, 4.72, -0.08, -0.02, -0.02
21/07/2026 10:21:59, -15838417, -47976622, 10, 0.99, 4.09, ENE, 35.6, 26.5, 1.77, -9.23, 4.71, -0.08, -0.02, -0.01
21/07/2026 10:22:29, -15838404, -47976652, 9, 1.25, 1.48, ENE, 35.6, 26.5, 1.76, -9.23, 4.72, -0.08, -0.02, -0.02
21/07/2026 10:22:46, -15838358, -47976742, 9, 1.07, 2.09, ENE, 35.6, 26.5, 1.77, -9.23, 4.72, -0.08, -0.02, -0.01
21/07/2026 10:23:17, -15838422, -47976637, 11, 0.93, 1.59, ENE, 35.5, 26.5, 1.76, -9.23, 4.71, -0.08, -0.02, -0.02
21/07/2026 10:23:48, -15838522, -47976666, 10, 1.03, 1.22, ENE, 35.5, 26.5, 1.76, -9.24, 4.71, -0.08, -0.02, -0.01
21/07/2026 10:24:00, -15838520, -47976692, 10, 0.88, 2.15, ENE, 35.5, 26.5, 1.76, -9.23, 4.70, -0.08, -0.02, -0.02
21/07/2026 10:24:14, -15838475, -47976634, 11, 0.84, 2.39, ENE, 35.5, 26.5, 1.76, -9.23, 4.71, -0.08, -0.02, -0.02
21/07/2026 10:24:28, -15838465, -47976602, 11, 0.85, 2.11, ENE, 35.5, 26.5, 1.75, -9.24, 4.72, -0.08, -0.02, -0.02
21/07/2026 10:24:58, -15838413, -47976537, 11, 0.82, 0.69, ENE, 35.4, 26.5, 1.75, -9.24, 4.71, -0.08, -0.02, -0.01
21/07/2026 10:25:29, -15838384, -47976473, 10, 0.90, 0.89, ENE, 35.4, 26.5, 1.77, -9.23, 4.72, -0.08, -0.02, -0.01
21/07/2026 10:26:00, -15838345, -47976440, 10, 0.89, 0.57, ENE, 35.4, 26.5, 1.76, -9.23, 4.71, -0.08, -0.02, -0.02
21/07/2026 10:26:31, -15838298, -47976376, 11, 1.03, 0.22, ENE, 35.3, 26.5, 1.75, -9.23, 4.70, -0.08, -0.02, -0.02
21/07/2026 10:26:46, -15838356, -47976444, 10, 0.92, 2.02, ENE, 35.3, 26.5, 1.76, -9.23, 4.70, -0.08, -0.02, -0.01
21/07/2026 10:27:06, -15838420, -47976500, 12, 0.88, 2.72, ENE, 35.3, 26.6, 1.76, -9.24, 4.71, -0.08, -0.02, -0.01
21/07/2026 10:27:37, -15838479, -47976440, 12, 0.79, 1.78, ENE, 35.3, 26.6, 1.76, -9.23, 4.70, -0.08, -0.02, -0.02
21/07/2026 10:27:50, -15838468, -47976409, 12, 0.88, 2.00, ENE, 35.3, 26.6, 1.75, -9.23, 4.70, -0.09, -0.02, -0.02
21/07/2026 10:28:20, -15838418, -47976428, 12, 0.93, 0.31, ENE, 35.3, 26.6, 1.76, -9.23, 4.72, -0.09, -0.02, -0.02
21/07/2026 10:28:51, -15838388, -47976449, 11, 0.95, 2.13, ENE, 35.2, 26.6, 1.77, -9.23, 4.71, -0.08, -0.02, -0.02
21/07/2026 10:29:22, -15838381, -47976369, 11, 0.87, 0.43, ENE, 35.2, 26.6, 1.76, -9.24, 4.70, -0.08, -0.02, -0.01
21/07/2026 10:29:53, -15838338, -47976400, 10, 1.03, 0.13, ENE, 35.2, 26.6, 1.76, -9.23, 4.71, -0.08, -0.02, -0.02
21/07/2026 10:30:23, -15838341, -47976353, 11, 0.95, 0.87, ENE, 35.2, 26.6, 1.76, -9.24, 4.71, -0.08, -0.02, -0.02
21/07/2026 10:30:50, -15838341, -47976402, 9, 0.99, 2.13, ENE, 35.2, 26.6, 1.76, -9.22, 4.71, -0.08, -0.02, -0.02
21/07/2026 10:31:07, -15838345, -47976428, 10, 1.13, 2.13, ENE, 35.2, 26.6, 1.75, -9.25, 4.71, -0.08, -0.02, -0.01
21/07/2026 10:31:37, -15838408, -47976418, 9, 0.97, 0.39, ENE, 35.2, 26.6, 1.76, -9.23, 4.72, -0.08, -0.02, -0.02
21/07/2026 10:32:08, -15838381, -47976466, 10, 0.92, 0.52, ENE, 35.1, 26.7, 1.75, -9.24, 4.71, -0.08, -0.02, -0.01
21/07/2026 10:32:39, -15838431, -47976494, 11, 1.00, 0.28, ENE, 35.1, 26.6, 1.77, -9.23, 4.71, -0.08, -0.02, -0.02
21/07/2026 10:32:52, -15838456, -47976457, 11, 0.86, 3.06, ENE, 35.1, 26.7, 1.76, -9.23, 4.72, -0.08, -0.02, -0.02
21/07/2026 10:33:20, -15838375, -47976435, 11, 0.94, 3.20, ENE, 35.1, 26.7, 1.76, -9.23, 4.71, -0.08, -0.02, -0.02
21/07/2026 10:33:38, -15838307, -47976504, 10, 1.01, 2.57, ENE, 35.1, 26.7, 1.76, -9.23, 4.71, -0.08, -0.02, -0.02
21/07/2026 10:34:09, -15838385, -47976481, 11, 0.86, 0.43, ENE, 35.0, 26.7, 1.76, -9.22, 4.70, -0.08, -0.02, -0.01
21/07/2026 10:34:39, -15838378, -47976514, 10, 1.19, 0.20, ENE, 35.0, 26.7, 1.76, -9.23, 4.71, -0.08, -0.02, -0.02
21/07/2026 10:35:03, -15838385, -47976514, 9, 1.19, 2.02, ENE, 34.9, 26.7, 1.75, -9.24, 4.71, -0.09, -0.02, -0.01
21/07/2026 10:35:14, -15838389, -47976478, 10, 0.91, 2.52, ENE, 34.8, 26.7, 1.76, -9.24, 4.71, -0.09, -0.02, -0.02
21/07/2026 10:35:42, -15838316, -47976446, 10, 0.94, 2.20, ENE, 34.8, 26.7, 1.76, -9.24, 4.70, -0.08, -0.02, -0.01
21/07/2026 10:35:58, -15838236, -47976489, 11, 0.90, 2.00, ENE, 34.8, 26.7, 1.76, -9.23, 4.70, -0.09, -0.02, -0.01
21/07/2026 10:36:12, -15838226, -47976501, 10, 0.95, 3.04, ENE, 34.8, 26.8, 1.76, -9.24, 4.70, -0.09, -0.02, -0.01
21/07/2026 10:36:31, -15838234, -47976555, 11, 0.95, 2.72, ENE, 34.8, 26.7, 1.75, -9.23, 4.72, -0.08, -0.02, -0.02
21/07/2026 10:37:02, -15838325, -47976489, 9, 1.04, 0.70, ENE, 34.8, 26.7, 1.76, -9.23, 4.71, -0.09, -0.02, -0.01
21/07/2026 10:37:33, -15838348, -47976430, 10, 0.91, 3.22, ENE, 34.7, 26.7, 1.76, -9.24, 4.70, -0.08, -0.02, -0.01
21/07/2026 10:37:45, -15838338, -47976464, 11, 0.90, 2.17, ENE, 34.7, 26.8, 1.76, -9.23, 4.71, -0.08, -0.02, -0.02
21/07/2026 10:38:16, -15838338, -47976479, 10, 0.90, 2.15, ENE, 34.7, 26.8, 1.76, -9.23, 4.72, -0.08, -0.02, -0.01
21/07/2026 10:38:47, -15838392, -47976486, 11, 0.85, 0.91, ENE, 34.7, 26.8, 1.75, -9.23, 4.70, -0.09, -0.02, -0.02
21/07/2026 10:39:17, -15838410, -47976497, 9, 1.05, 0.20, ENE, 34.7, 26.8, 1.76, -9.24, 4.71, -0.08, -0.02, -0.02
21/07/2026 10:39:44, -15838373, -47976467, 11, 0.85, 2.17, ENE, 34.7, 26.8, 1.76, -9.24, 4.71, -0.08, -0.02, -0.02
21/07/2026 10:40:14, -15838382, -47976458, 11, 0.85, 0.57, ENE, 34.7, 26.8, 1.76, -9.23, 4.71, -0.09, -0.02, -0.01
21/07/2026 10:40:45, -15838347, -47976457, 9, 1.06, 0.11, ENE, 34.6, 26.8, 1.76, -9.23, 4.70, -0.08, -0.02, -0.01
21/07/2026 10:41:02, -15838318, -47976467, 8, 1.12, 2.19, ENE, 34.6, 26.8, 1.76, -9.23, 4.71, -0.09, -0.02, -0.02
21/07/2026 10:41:33, -15838275, -47976541, 11, 0.85, 0.41, ENE, 34.6, 26.8, 1.76, -9.23, 4.70, -0.09, -0.02, -0.02
21/07/2026 10:41:51, -15838310, -47976516, 11, 0.85, 3.35, ENE, 34.6, 26.8, 1.75, -9.23, 4.71, -0.09, -0.02, -0.01
21/07/2026 10:42:10, -15838339, -47976508, 11, 0.85, 2.06, ENE, 34.5, 26.9, 1.76, -9.23, 4.70, -0.08, -0.02, -0.02
21/07/2026 10:42:40, -15838372, -47976457, 11, 0.85, 0.37, ENE, 34.5, 26.8, 1.76, -9.24, 4.70, -0.08, -0.02, -0.01
21/07/2026 10:42:57, -15838395, -47976492, 10, 0.85, 3.20, ENE, 34.5, 26.9, 1.77, -9.23, 4.70, -0.09, -0.02, -0.02
21/07/2026 10:43:10, -15838379, -47976478, 10, 0.85, 2.22, ENE, 34.5, 26.9, 1.77, -9.24, 4.69, -0.08, -0.02, -0.02
21/07/2026 10:43:36, -15838307, -47976458, 10, 0.88, 4.46, NW, 34.5, 26.9, 1.75, -9.24, 4.71, -0.08, -0.02, -0.02
21/07/2026 10:43:49, -15838262, -47976528, 9, 1.17, 2.09, NW, 34.5, 26.9, 1.76, -9.24, 4.70, -0.08, -0.02, -0.02
21/07/2026 10:44:00, -15838148, -47976643, 11, 1.17, 3.65, NW, 34.5, 26.9, 1.76, -9.23, 4.71, -0.08, -0.02, -0.02
21/07/2026 10:44:28, -15838184, -47976569, 11, 0.96, 2.02, NW, 34.5, 26.9, 1.76, -9.23, 4.70, -0.08, -0.02, -0.01
21/07/2026 10:44:50, -15838300, -47976457, 9, 1.01, 2.04, NW, 34.5, 26.9, 1.75, -9.23, 4.70, -0.08, -0.02, -0.02
21/07/2026 10:45:21, -15838331, -47976464, 11, 0.87, 0.98, NW, 34.4, 26.9, 1.75, -9.25, 4.70, -0.08, -0.02, -0.02
21/07/2026 10:45:38, -15838357, -47976409, 10, 0.89, 2.24, NW, 34.4, 26.9, 1.76, -9.23, 4.70, -0.08, -0.02, -0.02
21/07/2026 10:45:55, -15838390, -47976344, 11, 0.84, 2.28, NW, 34.4, 26.9, 1.76, -9.24, 4.70, -0.08, -0.02, -0.01
21/07/2026 10:46:26, -15838243, -47976403, 11, 0.95, 0.56, NW, 34.3, 26.9, 1.75, -9.23, 4.70, -0.08, -0.02, -0.02
21/07/2026 10:46:38, -15838250, -47976394, 10, 1.15, 2.11, NW, 34.3, 26.9, 1.75, -9.23, 4.71, -0.09, -0.02, -0.01
21/07/2026 10:46:52, -15838279, -47976385, 9, 1.01, 2.26, NW, 34.3, 26.9, 1.76, -9.23, 4.72, -0.09, -0.02, -0.02
21/07/2026 10:47:03, -15838322, -47976341, 10, 0.89, 3.46, NW, 34.3, 26.9, 1.76, -9.24, 4.72, -0.08, -0.02, -0.01
21/07/2026 10:47:16, -15838314, -47976335, 9, 0.92, 2.57, NW, 34.3, 26.9, 1.77, -9.23, 4.70, -0.08, -0.02, -0.01
21/07/2026 10:47:37, -15838293, -47976388, 10, 0.85, 2.09, NW, 34.3, 26.9, 1.75, -9.23, 4.70, -0.08, -0.02, -0.02
21/07/2026 10:48:08, -15838239, -47976495, 11, 0.83, 1.11, NW, 34.3, 26.9, 1.76, -9.24, 4.71, -0.08, -0.02, -0.02
21/07/2026 10:48:30, -15838210, -47976562, 11, 0.83, 2.19, NW, 34.3, 26.9, 1.76, -9.23, 4.70, -0.08, -0.02, -0.01
21/07/2026 10:49:01, -15838139, -47976629, 11, 0.83, 1.56, NW, 34.3, 26.9, 1.74, -9.24, 4.70, -0.08, -0.02, -0.01
21/07/2026 10:49:17, -15838165, -47976593, 10, 0.94, 2.30, NW, 34.3, 26.9, 1.76, -9.24, 4.71, -0.08, -0.02, -0.02
21/07/2026 10:49:48, -15838169, -47976571, 11, 0.83, 0.31, NW, 34.2, 26.9, 1.76, -9.23, 4.71, -0.08, -0.02, -0.02
21/07/2026 10:50:18, -15838171, -47976542, 10, 1.01, 0.70, NW, 34.2, 26.9, 1.76, -9.23, 4.70, -0.08, -0.02, -0.02
21/07/2026 10:50:49, -15838169, -47976477, 10, 0.97, 0.61, NW, 34.7, 27.0, 1.75, -9.25, 4.69, -0.08, -0.02, -0.02
21/07/2026 10:51:03, -15838259, -47976479, 9, 0.93, 2.72, NW, 34.8, 27.0, 1.75, -9.24, 4.70, -0.08, -0.02, -0.01
21/07/2026 10:51:18, -15838373, -47976542, 11, 0.83, 2.32, NW, 34.2, 26.9, 1.76, -9.23, 4.70, -0.09, -0.02, -0.01
21/07/2026 10:51:48, -15838430, -47976553, 10, 0.93, 1.07, NW, 34.7, 27.0, 1.76, -9.23, 4.71, -0.08, -0.02, -0.02
21/07/2026 10:52:19, -15838419, -47976513, 11, 0.83, 0.11, NW, 34.2, 26.9, 1.75, -9.24, 4.70, -0.08, -0.02, -0.01
21/07/2026 10:52:36, -15838373, -47976481, 9, 1.02, 2.28, NW, 34.7, 27.0, 1.76, -9.23, 4.70, -0.08, -0.02, -0.02
21/07/2026 10:53:06, -15838370, -47976511, 10, 0.96, 1.87, NW, 34.6, 27.0, 1.76, -9.24, 4.71, -0.08, -0.02, -0.01
21/07/2026 10:53:37, -15838289, -47976550, 10, 0.90, 0.93, NW, 34.6, 27.0, 1.76, -9.24, 4.71, -0.08, -0.02, -0.02
21/07/2026 10:53:59, -15838291, -47976548, 9, 1.00, 3.22, NW, 34.6, 27.0, 1.76, -9.24, 4.70, -0.08, -0.02, -0.02
21/07/2026 10:54:18, -15838236, -47976545, 11, 0.82, 2.13, NW, 34.6, 27.0, 1.76, -9.24, 4.69, -0.08, -0.02, -0.02
21/07/2026 10:54:49, -15838205, -47976500, 9, 1.02, 0.87, NW, 34.5, 27.0, 1.76, -9.23, 4.70, -0.08, -0.02, -0.02
21/07/2026 10:55:17, -15838248, -47976534, 10, 0.94, 2.41, NW, 34.5, 27.0, 1.76, -9.24, 4.70, -0.08, -0.02, -0.02
21/07/2026 10:55:47, -15838158, -47976633, 10, 0.94, 1.17, NW, 34.5, 27.0, 1.76, -9.23, 4.69, -0.08, -0.02, -0.02
21/07/2026 10:56:18, -15838203, -47976500, 9, 1.16, 0.26, NW, 34.5, 27.0, 1.75, -9.23, 4.70, -0.08, -0.02, -0.02
21/07/2026 10:56:49, -15838327, -47976576, 10, 1.09, 0.41, NW, 34.5, 27.0, 1.77, -9.24, 4.69, -0.08, -0.02, -0.02
21/07/2026 10:57:19, -15838385, -47976540, 9, 0.94, 1.15, NW, 34.5, 27.0, 1.78, -9.23, 4.70, -0.08, -0.02, -0.02
21/07/2026 10:57:50, -15838441, -47976354, 9, 0.88, 0.80, NW, 34.5, 27.0, 1.76, -9.23, 4.70, -0.09, -0.02, -0.02
21/07/2026 10:58:05, -15838431, -47976340, 10, 0.87, 2.39, NW, 34.5, 27.1, 1.75, -9.24, 4.71, -0.08, -0.02, -0.02
21/07/2026 10:58:15, -15838376, -47976369, 8, 1.08, 3.44, NW, 34.5, 27.1, 1.75, -9.23, 4.70, -0.08, -0.02, -0.02
21/07/2026 10:58:26, -15838409, -47976411, 11, 0.81, 2.11, NW, 34.5, 27.0, 1.76, -9.24, 4.70, -0.08, -0.02, -0.02
21/07/2026 10:58:42, -15838444, -47976425, 10, 0.90, 2.24, SSE, 34.4, 27.0, 1.76, -9.23, 4.70, -0.08, -0.02, -0.02
21/07/2026 10:59:04, -15838404, -47976477, 11, 0.87, 2.30, SSE, 34.5, 27.1, 1.76, -9.24, 4.70, -0.08, -0.02, -0.02
21/07/2026 10:59:27, -15838263, -47976562, 10, 0.83, 2.19, WNW, 34.4, 27.0, 1.76, -9.24, 4.69, -0.08, -0.02, -0.02
21/07/2026 10:59:39, -15838219, -47976615, 10, 0.91, 2.61, WNW, 34.4, 27.1, 1.76, -9.24, 4.71, -0.08, -0.02, -0.02
21/07/2026 10:59:54, -15838143, -47976680, 9, 0.94, 2.28, WNW, 34.4, 27.0, 1.75, -9.23, 4.69, -0.08, -0.02, -0.02
21/07/2026 11:00:08, -15838139, -47976659, 8, 0.99, 3.74, WNW, 34.4, 27.1, 1.76, -9.23, 4.69, -0.08, -0.02, -0.01
21/07/2026 11:00:39, -15838238, -47976505, 7, 1.02, 0.85, WNW, 34.4, 27.0, 1.76, -9.24, 4.70, -0.08, -0.02, -0.02
21/07/2026 11:00:52, -15838252, -47976483, 7, 1.04, 4.70, WNW, 34.4, 27.0, 1.76, -9.24, 4.71, -0.09, -0.02, -0.02
21/07/2026 11:01:23, -15838274, -47976447, 7, 1.01, 0.61, WNW, 34.4, 27.0, 1.76, -9.24, 4.71, -0.08, -0.02, -0.02
21/07/2026 11:01:34, -15838286, -47976431, 7, 1.01, 2.54, WNW, 34.4, 27.0, 1.76, -9.23, 4.70, -0.08, -0.02, -0.02
21/07/2026 11:01:53, -15838322, -47976384, 6, 1.09, 2.04, WNW, 34.4, 27.1, 1.75, -9.23, 4.71, -0.08, -0.02, -0.01
21/07/2026 11:02:17, -15838233, -47976477, 8, 1.01, 3.00, WNW, 34.4, 27.0, 1.77, -9.23, 4.69, -0.08, -0.02, -0.02
21/07/2026 11:02:33, -15838293, -47976421, 8, 1.01, 2.06, NW, 34.4, 27.0, 1.76, -9.24, 4.70, -0.08, -0.02, -0.02
21/07/2026 11:03:03, -15838276, -47976457, 8, 1.01, 2.28, NW, 34.4, 27.1, 1.76, -9.23, 4.71, -0.09, -0.02, -0.02
21/07/2026 11:03:34, -15838306, -47976449, 7, 2.18, 0.09, NW, 34.4, 27.1, 1.76, -9.24, 4.70, -0.08, -0.02, -0.02
21/07/2026 11:03:46, -15838375, -47976380, 8, 0.98, 2.22, NW, 34.3, 27.1, 1.77, -9.24, 4.69, -0.08, -0.02, -0.02
21/07/2026 11:04:16, -15838374, -47976447, 8, 0.98, 0.87, NW, 34.3, 27.1, 1.76, -9.23, 4.72, -0.08, -0.02, -0.02
21/07/2026 11:04:44, -15838326, -47976444, 7, 1.01, 2.96, NW, 34.4, 27.1, 1.76, -9.24, 4.70, -0.08, -0.02, -0.02
21/07/2026 11:04:59, -15838331, -47976423, 8, 0.98, 2.24, NW, 34.3, 27.1, 1.76, -9.24, 4.70, -0.08, -0.02, -0.02
21/07/2026 11:05:24, -15838340, -47976457, 7, 2.12, 2.56, NW, 34.3, 27.1, 1.75, -9.24, 4.71, -0.08, -0.02, -0.02
21/07/2026 11:05:55, -15838376, -47976413, 6, 2.20, 0.76, NW, 34.3, 27.1, 1.76, -9.24, 4.71, -0.08, -0.02, -0.02
21/07/2026 11:06:25, -15838408, -47976336, 5, 5.62, 0.39, NW, 34.3, 27.1, 1.75, -9.23, 4.70, -0.08, -0.02, -0.02
21/07/2026 11:06:56, -15838395, -47976351, 7, 3.45, 0.54, NW, 34.3, 27.1, 1.76, -9.23, 4.69, -0.08, -0.02, -0.02
21/07/2026 11:07:06, -15838302, -47976461, 7, 2.06, 2.17, NW, 34.3, 27.1, 1.76, -9.24, 4.72, -0.08, -0.02, -0.02
21/07/2026 11:07:28, -15838282, -47976479, 8, 2.05, 2.13, NW, 34.3, 27.1, 1.76, -9.23, 4.69, -0.08, -0.02, -0.02
21/07/2026 11:07:56, -15838223, -47976543, 8, 2.04, 2.19, NW, 34.3, 27.1, 1.76, -9.24, 4.71, -0.08, -0.02, -0.02
21/07/2026 11:08:27, -15838360, -47976416, 8, 0.97, 1.87, NW, 34.2, 27.1, 1.76, -9.23, 4.71, -0.08, -0.02, -0.02
21/07/2026 11:08:44, -15838406, -47976409, 7, 2.09, 2.13, NW, 34.2, 27.1, 1.76, -9.23, 4.70, -0.08, -0.02, -0.02
21/07/2026 11:08:57, -15838483, -47976348, 6, 3.43, 2.54, NW, 34.2, 27.1, 1.75, -9.24, 4.70, -0.08, -0.02, -0.02
21/07/2026 11:09:08, -15838581, -47976232, 5, 5.44, 2.07, NW, 34.2, 27.1, 1.75, -9.24, 4.71, -0.08, -0.02, -0.02
21/07/2026 11:09:18, -15838515, -47976291, 6, 1.07, 2.09, NW, 34.2, 27.1, 1.76, -9.24, 4.69, -0.08, -0.02, -0.02
21/07/2026 11:09:46, -15838239, -47976516, 7, 1.00, 2.70, NW, 34.2, 27.1, 1.75, -9.23, 4.71, -0.08, -0.02, -0.02
21/07/2026 11:10:17, -15838250, -47976485, 8, 0.97, 0.11, NW, 34.2, 27.1, 1.76, -9.23, 4.70, -0.08, -0.02, -0.02
21/07/2026 11:10:47, -15838263, -47976501, 8, 0.97, 0.30, NW, 34.2, 27.1, 1.76, -9.24, 4.70, -0.08, -0.02, -0.02
21/07/2026 11:11:18, -15838263, -47976472, 8, 1.93, 0.46, NW, 34.2, 27.1, 1.75, -9.22, 4.69, -0.08, -0.02, -0.02
21/07/2026 11:11:41, -15838268, -47976479, 8, 0.97, 2.06, NW, 34.2, 27.1, 1.76, -9.24, 4.69, -0.08, -0.02, -0.02
21/07/2026 11:11:52, -15838291, -47976467, 8, 1.00, 2.19, NW, 34.2, 27.1, 1.75, -9.25, 4.69, -0.08, -0.02, -0.02
21/07/2026 11:12:18, -15838296, -47976455, 7, 1.00, 2.78, NW, 34.2, 27.1, 1.76, -9.24, 4.70, -0.08, -0.02, -0.02
21/07/2026 11:12:29, -15838280, -47976484, 7, 3.39, 3.57, NW, 34.2, 27.1, 1.76, -9.24, 4.70, -0.08, -0.02, -0.02
21/07/2026 11:12:51, -15838323, -47976447, 8, 1.88, 2.33, NW, 34.2, 27.1, 1.77, -9.23, 4.70, -0.09, -0.02, -0.02
21/07/2026 11:13:12, -15838258, -47976440, 8, 1.87, 2.65, NW, 34.1, 27.1, 1.76, -9.23, 4.69, -0.08, -0.02, -0.02
21/07/2026 11:13:23, -15838052, -47976680, 7, 1.11, 2.44, NW, 34.1, 27.1, 1.76, -9.24, 4.70, -0.08, -0.02, -0.02
21/07/2026 11:13:35, -15838022, -47976734, 7, 1.00, 2.13, NW, 34.1, 27.1, 1.77, -9.24, 4.70, -0.08, -0.02, -0.02
21/07/2026 11:14:06, -15838164, -47976630, 6, 3.36, 2.78, NW, 34.1, 27.2, 1.76, -9.24, 4.70, -0.08, -0.02, -0.02
21/07/2026 11:14:16, -15838120, -47976716, 8, 1.84, 5.00, WNW, 34.1, 27.2, 1.75, -9.24, 4.71, -0.08, -0.02, -0.02
21/07/2026 11:14:27, -15838259, -47976554, 7, 1.84, 2.74, NW, 34.1, 27.1, 1.75, -9.24, 4.69, -0.08, -0.02, -0.02
21/07/2026 11:14:40, -15838237, -47976553, 8, 0.96, 2.59, S, 34.0, 27.2, 1.76, -9.23, 4.70, -0.08, -0.02, -0.02
21/07/2026 11:14:50, -15838183, -47976604, 6, 1.88, 3.28, SW, 34.0, 27.1, 1.76, -9.24, 4.70, -0.08, -0.02, -0.02
21/07/2026 11:15:21, -15838210, -47976549, 8, 0.96, 0.43, SW, 34.0, 27.1, 1.75, -9.24, 4.72, -0.08, -0.02, -0.02
21/07/2026 11:15:51, -15838210, -47976555, 7, 0.99, 2.06, SW, 34.0, 27.1, 1.75, -9.24, 4.70, -0.08, -0.02, -0.02
21/07/2026 11:16:21, -15838190, -47976598, 7, 0.99, 3.15, SW, 34.0, 27.2, 1.76, -9.24, 4.70, -0.08, -0.02, -0.02
21/07/2026 11:16:41, -15838251, -47976486, 6, 3.30, 2.26, SW, 34.0, 27.2, 1.77, -9.24, 4.70, -0.08, -0.02, -0.02
21/07/2026 11:17:12, -15838227, -47976567, 6, 1.16, 1.22, SW, 34.0, 27.2, 1.75, -9.24, 4.71, -0.08, -0.02, -0.02
21/07/2026 11:17:27, -15838279, -47976517, 6, 1.83, 3.67, SSE, 34.0, 27.1, 1.76, -9.23, 4.70, -0.09, -0.02, -0.01
21/07/2026 11:17:57, -15838448, -47976285, 7, 1.74, 1.80, SSE, 34.0, 27.2, 1.76, -9.24, 4.70, -0.08, -0.02, -0.02
21/07/2026 11:18:21, -15838529, -47976206, 8, 0.96, 2.39, SSE, 34.0, 27.2, 1.76, -9.23, 4.69, -0.08, -0.02, -0.02
21/07/2026 11:18:41, -15838366, -47976373, 8, 1.72, 3.04, SSE, 34.0, 27.2, 1.76, -9.25, 4.71, -0.08, -0.02, -0.02
21/07/2026 11:18:51, -15838419, -47976301, 7, 1.72, 4.46, SE, 34.0, 27.2, 1.75, -9.25, 4.70, -0.08, -0.02, -0.02
21/07/2026 11:19:22, -15838405, -47976338, 8, 1.06, 0.70, SE, 34.0, 27.2, 1.76, -9.24, 4.71, -0.08, -0.02, -0.02
21/07/2026 11:19:51, -15838330, -47976400, 9, 1.05, 2.96, SE, 33.9, 27.2, 1.76, -9.24, 4.69, -0.08, -0.02, -0.02
21/07/2026 11:20:09, -15838268, -47976477, 9, 0.90, 2.54, SE, 34.0, 27.2, 1.76, -9.24, 4.68, -0.08, -0.02, -0.02
21/07/2026 11:20:22, -15838165, -47976613, 9, 0.90, 2.06, SE, 33.9, 27.2, 1.76, -9.24, 4.70, -0.08, -0.02, -0.02
21/07/2026 11:20:53, -15838246, -47976526, 9, 0.89, 0.80, NNE, 33.9, 27.2, 1.76, -9.25, 4.70, -0.08, -0.02, -0.02
21/07/2026 11:21:13, -15838303, -47976483, 7, 1.07, 2.56, NNE, 33.9, 27.2, 1.76, -9.24, 4.71, -0.08, -0.02, -0.02
21/07/2026 11:21:43, -15838258, -47976590, 8, 0.93, 1.87, NNE, 33.9, 27.2, 1.76, -9.24, 4.71, -0.08, -0.02, -0.02
21/07/2026 11:21:56, -15838176, -47976686, 8, 0.95, 2.94, NNE, 33.9, 27.2, 1.76, -9.24, 4.70, -0.08, -0.02, -0.02
21/07/2026 11:22:07, -15838175, -47976612, 9, 0.91, 2.24, NNE, 33.9, 27.2, 1.76, -9.24, 4.71, -0.08, -0.02, -0.02
21/07/2026 11:22:37, -15838285, -47976466, 9, 0.89, 0.83, NNE, 33.9, 27.2, 1.76, -9.26, 4.69, -0.09, -0.02, -0.02
21/07/2026 11:23:08, -15838299, -47976472, 9, 0.89, 1.65, NNE, 33.9, 27.2, 1.75, -9.23, 4.69, -0.08, -0.02, -0.02
21/07/2026 11:23:21, -15838345, -47976446, 8, 0.95, 2.19, NNE, 33.9, 27.2, 1.76, -9.24, 4.71, -0.08, -0.02, -0.02
21/07/2026 11:23:32, -15838353, -47976510, 8, 1.50, 3.76, NNE, 33.9, 27.2, 1.75, -9.25, 4.69, -0.08, -0.02, -0.02
21/07/2026 11:23:43, -15838324, -47976504, 9, 0.89, 2.85, E, 33.9, 27.2, 1.75, -9.24, 4.70, -0.08, -0.02, -0.02
21/07/2026 11:24:13, -15838329, -47976515, 8, 1.15, 0.26, E, 33.9, 27.2, 1.76, -9.24, 4.69, -0.08, -0.02, -0.01
21/07/2026 11:24:28, -15838349, -47976529, 9, 1.15, 2.30, E, 33.9, 27.2, 1.76, -9.24, 4.69, -0.08, -0.02, -0.02
21/07/2026 11:24:39, -15838327, -47976527, 9, 0.90, 2.11, E, 33.8, 27.2, 1.76, -9.24, 4.70, -0.08, -0.02, -0.02
21/07/2026 11:24:52, -15838279, -47976487, 8, 0.90, 2.19, E, 33.8, 27.2, 1.75, -9.24, 4.70, -0.08, -0.02, -0.02
21/07/2026 11:25:07, -15838247, -47976501, 9, 0.95, 2.15, E, 33.8, 27.2, 1.76, -9.24, 4.70, -0.08, -0.02, -0.02
21/07/2026 11:25:38, -15838140, -47976571, 8, 1.51, 0.50, E, 33.8, 27.2, 1.76, -9.23, 4.70, -0.08, -0.02, -0.02
21/07/2026 11:26:08, -15838142, -47976609, 9, 0.88, 0.33, E, 33.8, 27.2, 1.75, -9.23, 4.69, -0.08, -0.02, -0.02
21/07/2026 11:26:39, -15838202, -47976575, 8, 0.90, 0.50, E, 33.8, 27.2, 1.76, -9.25, 4.70, -0.08, -0.02, -0.02
21/07/2026 11:26:54, -15838137, -47976664, 8, 0.97, 3.20, E, 33.8, 27.2, 1.77, -9.24, 4.70, -0.08, -0.02, -0.02
21/07/2026 11:27:04, -15838149, -47976660, 7, 1.57, 2.15, E, 33.8, 27.2, 1.76, -9.24, 4.70, -0.09, -0.02, -0.02
21/07/2026 11:27:19, -15838126, -47976675, 8, 1.56, 2.44, E, 33.8, 27.2, 1.77, -9.23, 4.69, -0.08, -0.02, -0.02
21/07/2026 11:27:46, -15838103, -47976660, 8, 1.03, 3.65, ESE, 33.8, 27.2, 1.75, -9.24, 4.71, -0.09, -0.02, -0.02
21/07/2026 11:27:57, -15838044, -47976732, 8, 1.02, 2.44, ESE, 33.8, 27.2, 1.76, -9.24, 4.70, -0.08, -0.02, -0.02
21/07/2026 11:28:21, -15838135, -47976648, 9, 0.90, 3.32, SE, 33.9, 27.2, 1.75, -9.24, 4.69, -0.08, -0.02, -0.02
21/07/2026 11:28:38, -15838256, -47976547, 8, 1.07, 2.09, SE, 33.9, 27.2, 1.75, -9.24, 4.70, -0.08, -0.02, -0.02
21/07/2026 11:29:00, -15838362, -47976431, 8, 1.02, 2.28, SE, 33.9, 27.2, 1.75, -9.24, 4.70, -0.08, -0.02, -0.02
21/07/2026 11:29:14, -15838437, -47976317, 7, 1.07, 3.39, SE, 33.9, 27.2, 1.76, -9.24, 4.69, -0.08, -0.02, -0.02
21/07/2026 11:29:44, -15838415, -47976367, 8, 1.07, 1.59, SE, 33.9, 27.2, 1.76, -9.24, 4.70, -0.08, -0.02, -0.02
21/07/2026 11:30:15, -15838436, -47976487, 7, 1.11, 1.17, SE, 33.9, 27.2, 1.76, -9.23, 4.70, -0.08, -0.02, -0.02
21/07/2026 11:30:46, -15838359, -47976603, 8, 1.16, 0.81, SE, 33.9, 27.1, 1.77, -9.25, 4.72, -0.08, -0.02, -0.02
21/07/2026 11:30:56, -15838324, -47976637, 8, 1.01, 3.50, SW, 33.9, 27.1, 1.77, -9.24, 4.69, -0.08, -0.02, -0.02
21/07/2026 11:31:27, -15838388, -47976492, 9, 0.90, 0.43, W, 33.9, 27.1, 1.76, -9.24, 4.70, -0.09, -0.02, -0.02
21/07/2026 11:31:58, -15838423, -47976432, 8, 1.35, 0.07, W, 33.9, 27.2, 1.76, -9.24, 4.71, -0.08, -0.02, -0.02
21/07/2026 11:32:28, -15838388, -47976396, 8, 1.00, 0.19, W, 33.9, 27.1, 1.76, -9.24, 4.70, -0.08, -0.02, -0.02
21/07/2026 11:32:59, -15838389, -47976404, 8, 1.00, 0.39, W, 33.9, 27.1, 1.75, -9.24, 4.70, -0.08, -0.02, -0.02
21/07/2026 11:33:14, -15838409, -47976410, 7, 1.00, 2.35, W, 33.9, 27.1, 1.76, -9.24, 4.70, -0.08, -0.02, -0.02
21/07/2026 11:33:28, -15838420, -47976404, 8, 1.00, 2.72, W, 33.9, 27.1, 1.76, -9.25, 4.70, -0.08, -0.02, -0.02
21/07/2026 11:33:58, -15838373, -47976422, 7, 1.00, 0.37, W, 33.9, 27.1, 1.75, -9.23, 4.70, -0.08, -0.02, -0.02
21/07/2026 11:34:27, -15838361, -47976475, 7, 1.00, 2.67, W, 33.9, 27.1, 1.75, -9.24, 4.69, -0.08, -0.02, -0.02
21/07/2026 11:34:58, -15838353, -47976509, 8, 0.99, 0.37, W, 33.9, 27.1, 1.76, -9.25, 4.70, -0.08, -0.02, -0.02
21/07/2026 11:35:14, -15838362, -47976437, 7, 0.99, 3.11, W, 33.9, 27.1, 1.76, -9.24, 4.69, -0.08, -0.02, -0.02
21/07/2026 11:35:44, -15838345, -47976451, 8, 0.94, 0.69, W, 34.0, 27.1, 1.76, -9.24, 4.70, -0.08, -0.02, -0.02
21/07/2026 11:35:59, -15838292, -47976504, 8, 0.89, 2.00, W, 33.9, 27.1, 1.76, -9.24, 4.69, -0.08, -0.02, -0.02
21/07/2026 11:36:30, -15838277, -47976560, 7, 1.28, 0.56, W, 34.0, 27.1, 1.76, -9.24, 4.70, -0.08, -0.02, -0.02
21/07/2026 11:37:00, -15838293, -47976594, 7, 0.99, 0.09, W, 34.0, 27.1, 1.76, -9.24, 4.70, -0.08, -0.02, -0.02
21/07/2026 11:37:31, -15838322, -47976578, 7, 1.12, 0.69, W, 34.0, 27.1, 1.75, -9.24, 4.69, -0.08, -0.02, -0.02
21/07/2026 11:37:59, -15838285, -47976598, 7, 1.09, 2.37, W, 34.0, 27.1, 1.76, -9.24, 4.69, -0.08, -0.02, -0.02
21/07/2026 11:38:29, -15837997, -47976803, 6, 1.44, 0.07, NW, 33.9, 27.1, 1.63, -9.50, 3.93, -0.08, -0.02, -0.02
21/07/2026 11:38:58, -15838040, -47976676, 7, 5.13, 2.24, NW, 34.0, 27.1, 1.59, -9.51, 3.95, -0.08, -0.02, -0.02
21/07/2026 11:39:09, -15837986, -47976727, 5, 5.14, 3.13, NW, 34.0, 27.1, 1.57, -9.51, 3.94, -0.08, -0.02, -0.02
21/07/2026 11:39:19, -15837984, -47976666, 5, 5.15, 2.07, NW, 33.9, 27.1, 1.57, -9.52, 3.95, -0.08, -0.02, -0.02
21/07/2026 11:39:29, -15838088, -47976533, 6, 2.44, 3.67, NW, 33.9, 27.1, 1.56, -9.51, 3.94, -0.08, -0.02, -0.02
21/07/2026 11:39:41, -15838128, -47976435, 7, 1.37, 2.02, NW, 33.9, 27.1, 1.55, -9.52, 3.96, -0.08, -0.02, -0.02
21/07/2026 11:40:10, -15838102, -47976337, 7, 4.64, 2.43, NW, 33.9, 27.1, 1.54, -9.51, 3.96, -0.08, -0.02, -0.02
21/07/2026 11:40:20, -15838149, -47976238, 6, 2.39, 4.83, NW, 33.9, 27.1, 1.53, -9.50, 3.97, -0.08, -0.02, -0.02
21/07/2026 11:40:32, -15838166, -47976249, 7, 2.38, 2.11, NW, 33.9, 27.2, 1.52, -9.50, 3.98, -0.08, -0.02, -0.02
21/07/2026 11:40:58, -15838164, -47976269, 7, 2.36, 2.52, NW, 33.8, 27.1, 1.50, -9.51, 4.01, -0.08, -0.02, -0.02
21/07/2026 11:41:12, -15838447, -47976470, 7, 1.26, 2.20, NW, 33.8, 27.1, 1.49, -9.51, 4.02, -0.08, -0.02, -0.02
21/07/2026 11:41:22, -15838506, -47976650, 7, 5.29, 7.46, WSW, 33.8, 27.2, 1.48, -9.51, 4.04, -0.08, -0.02, -0.02
21/07/2026 11:41:49, -15838288, -47976417, 6, 5.32, 2.11, WSW, 33.7, 27.2, 1.45, -9.49, 4.11, -0.08, -0.02, -0.02
21/07/2026 11:41:59, -15838373, -47976497, 7, 5.33, 2.35, WSW, 33.7, 27.2, 1.42, -9.48, 4.13, -0.08, -0.02, -0.02
21/07/2026 11:42:10, -15838755, -47976681, 5, 3.72, 12.28, SSW, 33.7, 27.2, 1.41, -9.48, 4.15, -0.08, -0.02, -0.02
21/07/2026 11:42:20, -15838930, -47976696, 7, 1.09, 3.00, S, 33.7, 27.1, 1.41, -9.46, 4.16, -0.08, -0.02, -0.02
21/07/2026 11:42:31, -15838870, -47976678, 7, 5.55, 4.17, S, 33.7, 27.2, 1.40, -9.47, 4.17, -0.08, -0.02, -0.02
21/07/2026 11:42:41, -15838381, -47976708, 7, 1.34, 11.83, NNW, 33.7, 27.1, 1.41, -9.48, 4.18, -0.08, -0.02, -0.02
21/07/2026 11:42:52, -15838172, -47976492, 6, 1.35, 2.07, NNW, 33.7, 27.1, 1.41, -9.47, 4.17, -0.08, -0.02, -0.02
21/07/2026 11:43:03, -15838025, -47976436, 8, 1.02, 2.02, NNW, 33.7, 27.1, 1.41, -9.46, 4.19, -0.08, -0.02, -0.02
21/07/2026 11:43:13, -15838465, -47976191, 7, 2.12, 13.15, SE, 33.7, 27.2, 1.40, -9.46, 4.19, -0.08, -0.02, -0.02
21/07/2026 11:43:30, -15838405, -47976260, 7, 1.40, 4.20, SE, 33.7, 27.1, 1.40, -9.46, 4.20, -0.08, -0.02, -0.02
21/07/2026 11:44:01, -15838366, -47976325, 7, 1.09, 0.24, NNW, 33.7, 27.2, 1.38, -9.46, 4.22, -0.08, -0.02, -0.02
21/07/2026 11:44:31, -15838300, -47976379, 7, 1.09, 1.26, NNW, 33.7, 27.1, 1.38, -9.45, 4.22, -0.08, -0.02, -0.02
21/07/2026 11:44:45, -15838314, -47976359, 7, 1.09, 2.04, NNW, 33.7, 27.1, 1.37, -9.46, 4.23, -0.08, -0.02, -0.02
21/07/2026 11:45:15, -15838311, -47976334, 6, 2.16, 3.04, NNW, 33.6, 27.2, 1.36, -9.45, 4.24, -0.08, -0.02, -0.02
21/07/2026 11:45:26, -15838296, -47976299, 7, 1.43, 3.09, NNW, 33.6, 27.2, 1.37, -9.45, 4.24, -0.08, -0.02, -0.02
21/07/2026 11:45:47, -15838236, -47976230, 8, 1.02, 2.59, NNW, 33.6, 27.1, 1.36, -9.45, 4.24, -0.08, -0.02, -0.01
21/07/2026 11:46:06, -15838281, -47976214, 7, 1.45, 2.04, NNW, 33.7, 27.1, 1.37, -9.45, 4.25, -0.08, -0.02, -0.02
21/07/2026 11:46:26, -15838299, -47976326, 7, 1.10, 2.13, NNW, 33.6, 27.1, 1.36, -9.45, 4.25, -0.08, -0.02, -0.02
21/07/2026 11:46:57, -15838302, -47976434, 7, 1.10, 0.67, NNW, 33.7, 27.1, 1.36, -9.45, 4.24, -0.08, -0.02, -0.02
21/07/2026 11:47:09, -15838315, -47976407, 6, 3.59, 2.32, NNW, 33.7, 27.1, 1.36, -9.45, 4.25, -0.08, -0.02, -0.02
21/07/2026 11:47:19, -15838326, -47976476, 4, 9.36, 2.30, NNW, 33.6, 27.1, 1.35, -9.45, 4.25, -0.08, -0.02, -0.02
21/07/2026 11:47:30, -15838312, -47976525, 4, 9.28, 2.87, NNW, 33.7, 27.1, 1.36, -9.45, 4.25, -0.09, -0.02, -0.02
21/07/2026 11:47:41, -15838144, -47976778, 6, 1.55, 3.02, WNW, 33.6, 27.1, 1.35, -9.45, 4.25, -0.08, -0.02, -0.02
21/07/2026 11:47:52, -15838173, -47976722, 4, 9.12, 2.65, WNW, 33.6, 27.1, 1.35, -9.45, 4.25, -0.08, -0.02, -0.02
21/07/2026 11:48:02, -15838220, -47976636, 5, 3.47, 2.85, WNW, 33.6, 27.1, 1.36, -9.45, 4.27, -0.08, -0.02, -0.02
21/07/2026 11:48:20, -15838423, -47976397, 5, 4.44, 2.30, WNW, 33.6, 27.1, 1.36, -9.45, 4.25, -0.08, -0.02, -0.02
21/07/2026 11:48:32, -15838467, -47976420, 7, 1.43, 3.61, SSE, 33.6, 27.1, 1.35, -9.44, 4.25, -0.08, -0.02, -0.02
21/07/2026 11:48:42, -15838463, -47976276, 7, 2.02, 2.89, ESE, 33.6, 27.1, 1.36, -9.45, 4.27, -0.08, -0.02, -0.02
21/07/2026 11:48:53, -15838424, -47976347, 5, 1.37, 2.44, ESE, 33.6, 27.1, 1.36, -9.46, 4.27, -0.08, -0.02, -0.02
21/07/2026 11:49:18, -15838443, -47976301, 4, 8.57, 2.17, ESE, 33.6, 27.1, 1.35, -9.44, 4.26, -0.08, -0.02, -0.02
21/07/2026 11:49:29, -15838087, -47976744, 5, 1.99, 3.76, ESE, 33.6, 27.1, 1.35, -9.44, 4.26, -0.08, -0.02, -0.02
21/07/2026 11:49:39, -15838111, -47976896, 3, 8.44, 3.06, ESE, 33.6, 27.1, 1.35, -9.46, 4.27, -0.08, -0.02, -0.02
21/07/2026 11:49:52, -15838178, -47976913, 5, 1.36, 2.54, ESE, 33.6, 27.1, 1.34, -9.44, 4.27, -0.08, -0.02, -0.02
21/07/2026 11:50:02, -15838417, -47976652, 6, 3.23, 9.28, SE, 33.6, 27.1, 1.35, -9.44, 4.27, -0.08, -0.02, -0.02
21/07/2026 11:50:22, -15838352, -47976567, 6, 3.52, 2.87, SE, 33.6, 27.1, 1.35, -9.45, 4.28, -0.08, -0.02, -0.02
21/07/2026 11:50:32, -15838231, -47976626, 6, 1.36, 4.61, SSW, 33.6, 27.1, 1.35, -9.44, 4.28, -0.08, -0.02, -0.02
21/07/2026 11:50:44, -15838160, -47976711, 5, 1.36, 2.26, W, 33.6, 27.1, 1.34, -9.44, 4.27, -0.08, -0.02, -0.02
21/07/2026 11:51:02, -15838147, -47976753, 5, 1.36, 3.17, W, 33.6, 27.1, 1.35, -9.46, 4.28, -0.08, -0.02, -0.02
21/07/2026 11:51:12, -15838183, -47976722, 5, 1.36, 2.33, W, 33.7, 27.1, 1.34, -9.44, 4.27, -0.08, -0.02, -0.02
21/07/2026 11:51:25, -15838264, -47976665, 7, 1.03, 2.11, W, 33.6, 27.1, 1.35, -9.44, 4.27, -0.08, -0.02, -0.02
21/07/2026 11:51:35, -15838310, -47976604, 6, 1.11, 2.20, W, 33.6, 27.1, 1.34, -9.44, 4.28, -0.08, -0.02, -0.02
21/07/2026 11:52:06, -15838285, -47976469, 5, 1.90, 1.09, W, 33.6, 27.1, 1.35, -9.44, 4.27, -0.08, -0.02, -0.02
21/07/2026 11:52:30, -15838267, -47976449, 6, 1.89, 2.06, W, 33.6, 27.1, 1.35, -9.44, 4.27, -0.08, -0.02, -0.02
21/07/2026 11:52:41, -15838388, -47976556, 6, 1.11, 3.52, W, 33.6, 27.1, 1.34, -9.44, 4.28, -0.08, -0.02, -0.02
21/07/2026 11:53:05, -15838595, -47976614, 7, 1.12, 2.26, W, 33.6, 27.1, 1.35, -9.44, 4.28, -0.08, -0.02, -0.02
21/07/2026 11:53:19, -15838574, -47976558, 5, 6.71, 2.76, W, 33.6, 27.1, 1.34, -9.45, 4.29, -0.08, -0.02, -0.02
21/07/2026 11:53:45, -15838401, -47976575, 6, 1.36, 2.37, W, 33.6, 27.1, 1.34, -9.44, 4.30, -0.08, -0.02, -0.01
21/07/2026 11:53:55, -15838374, -47976520, 6, 1.36, 2.70, W, 33.6, 27.1, 1.34, -9.45, 4.27, -0.08, -0.02, -0.02
21/07/2026 11:54:06, -15838427, -47976322, 6, 1.12, 2.89, W, 33.6, 27.1, 1.34, -9.44, 4.27, -0.08, -0.02, -0.02
21/07/2026 11:54:17, -15838442, -47976351, 5, 1.36, 2.56, W, 33.6, 27.1, 1.35, -9.44, 4.27, -0.08, -0.02, -0.02
21/07/2026 11:54:27, -15838407, -47976451, 5, 1.36, 4.63, W, 33.6, 27.1, 1.34, -9.45, 4.27, -0.08, -0.02, -0.02
21/07/2026 11:54:39, -15838345, -47976567, 6, 1.11, 3.61, W, 33.6, 27.1, 1.35, -9.44, 4.29, -0.08, -0.02, -0.02
21/07/2026 11:54:49, -15838317, -47976634, 5, 2.78, 5.06, W, 33.6, 27.1, 1.34, -9.44, 4.28, -0.08, -0.02, -0.02
21/07/2026 11:55:09, -15838305, -47976583, 6, 2.25, 2.06, W, 33.5, 27.1, 1.34, -9.43, 4.28, -0.08, -0.02, -0.02
21/07/2026 11:55:23, -15838400, -47976471, 5, 2.29, 2.13, W, 33.6, 27.1, 1.35, -9.45, 4.28, -0.08, -0.02, -0.02
21/07/2026 11:55:42, -15838404, -47976412, 5, 1.60, 2.06, W, 33.6, 27.1, 1.33, -9.44, 4.29, -0.08, -0.02, -0.02
21/07/2026 11:55:53, -15838353, -47976387, 6, 1.13, 2.22, W, 33.6, 27.1, 1.35, -9.44, 4.29, -0.08, -0.02, -0.02
21/07/2026 11:56:08, -15838432, -47976305, 5, 2.45, 2.28, SE, 33.5, 27.1, 1.35, -9.43, 4.28, -0.08, -0.02, -0.02
21/07/2026 11:56:21, -15838382, -47976443, 6, 1.10, 2.76, SE, 33.5, 27.1, 1.34, -9.44, 4.29, -0.08, -0.02, -0.02
21/07/2026 11:56:34, -15838379, -47976418, 6, 1.77, 2.24, SE, 33.5, 27.1, 1.34, -9.44, 4.29, -0.08, -0.02, -0.01
21/07/2026 11:57:04, -15838362, -47976449, 5, 1.75, 1.00, SE, 33.5, 27.1, 1.34, -9.44, 4.28, -0.08, -0.02, -0.02
21/07/2026 11:57:19, -15838348, -47976478, 5, 1.75, 2.93, SE, 33.5, 27.1, 1.34, -9.43, 4.28, -0.08, -0.02, -0.01
21/07/2026 11:57:50, -15838416, -47976511, 7, 1.04, 1.35, SE, 33.5, 27.1, 1.35, -9.44, 4.29, -0.08, -0.02, -0.02
21/07/2026 11:58:03, -15838420, -47976485, 5, 3.21, 2.50, SE, 33.5, 27.1, 1.35, -9.45, 4.28, -0.09, -0.02, -0.02
21/07/2026 11:58:18, -15838429, -47976446, 5, 1.19, 2.09, SE, 33.5, 27.1, 1.35, -9.44, 4.27, -0.08, -0.02, -0.02
21/07/2026 11:58:32, -15838375, -47976362, 7, 1.18, 2.00, SE, 33.5, 27.1, 1.33, -9.44, 4.28, -0.08, -0.02, -0.02
21/07/2026 11:58:42, -15838312, -47976252, 6, 1.19, 4.69, SE, 33.5, 27.1, 1.35, -9.44, 4.28, -0.08, -0.02, -0.02
21/07/2026 11:58:54, -15838278, -47976247, 6, 1.71, 2.09, NE, 33.5, 27.1, 1.34, -9.44, 4.27, -0.08, -0.02, -0.02
21/07/2026 11:59:10, -15838382, -47976382, 5, 1.70, 2.44, NE, 33.5, 27.1, 1.33, -9.44, 4.28, -0.08, -0.02, -0.02
21/07/2026 11:59:20, -15838253, -47976249, 6, 1.15, 6.52, NE, 33.5, 27.1, 1.34, -9.44, 4.29, -0.08, -0.02, -0.02
21/07/2026 11:59:45, -15838339, -47976370, 4, 2.64, 2.30, NE, 33.5, 27.1, 1.35, -9.44, 4.29, -0.08, -0.02, -0.02
21/07/2026 11:59:55, -15838436, -47976410, 5, 2.64, 3.52, NE, 33.5, 27.1, 1.34, -9.44, 4.30, -0.08, -0.02, -0.02
21/07/2026 12:00:21, -15838423, -47976421, 5, 1.41, 2.06, NE, 33.5, 27.1, 1.35, -9.44, 4.28, -0.08, -0.02, -0.02
21/07/2026 12:00:38, -15838364, -47976400, 4, 2.40, 3.61, NE, 33.5, 27.1, 1.35, -9.44, 4.28, -0.08, -0.02, -0.02
21/07/2026 12:00:49, -15838093, -47976485, 5, 1.68, 3.56, NNW, 33.5, 27.1, 1.28, -9.43, 4.34, -0.09, -0.02, -0.02
21/07/2026 12:01:16, -15838271, -47976424, 6, 1.16, 2.17, NNW, 33.5, 27.1, 1.29, -9.43, 4.35, -0.08, -0.02, -0.02
21/07/2026 12:01:26, -15838300, -47976386, 6, 1.16, 2.06, NNW, 33.5, 27.1, 1.28, -9.43, 4.33, -0.08, -0.02, -0.02
21/07/2026 12:01:39, -15838308, -47976368, 6, 1.16, 2.28, NNW, 33.5, 27.1, 1.28, -9.43, 4.33, -0.08, -0.02, -0.02
21/07/2026 12:02:03, -15838354, -47976398, 6, 1.16, 2.17, NNW, 33.5, 27.1, -2.54, -8.16, -3.82, 0.31, 1.24, 0.54
21/07/2026 12:02:18, -15838411, -47976332, 6, 1.16, 2.32, NNW, 33.7, 27.1, -1.75, -8.55, -3.92, -0.12, 0.10, 0.04
21/07/2026 12:02:28, -15838245, -47976250, 7, 1.05, 4.24, NW, 33.8, 27.1, -1.42, -8.70, -3.11, -0.08, 0.02, -0.02
21/07/2026 12:02:39, -15838222, -47976333, 7, 1.05, 3.02, WSW, 33.9, 27.1, -1.21, -9.12, -3.72, -0.08, -0.07, 0.01
21/07/2026 12:02:51, -15838290, -47976425, 7, 1.05, 2.52, WSW, 34.0, 27.1, -1.34, -9.42, -3.47, 0.08, 0.43, 0.27
21/07/2026 12:03:21, -15838317, -47976483, 6, 1.46, 0.17, WSW, 34.0, 27.1, -0.33, -9.92, 0.70, -0.08, -0.02, -0.02
21/07/2026 12:03:52, -15838324, -47976503, 9, 0.94, 0.02, WSW, 34.2, 27.1, -0.33, -9.97, 0.67, -0.08, -0.02, -0.02
21/07/2026 12:04:23, -15838339, -47976487, 10, 0.82, 0.65, WSW, 34.4, 27.1, -0.35, -10.00, 0.70, -0.09, -0.02, -0.02
21/07/2026 12:04:53, -15838357, -47976491, 10, 0.82, 0.11, WSW, 34.6, 27.0, -0.34, -9.97, 0.69, -0.08, -0.02, -0.01
21/07/2026 12:05:24, -15838355, -47976488, 10, 0.82, 0.11, WSW, 34.9, 27.0, -0.35, -10.00, 0.69, -0.08, -0.02, -0.01
21/07/2026 12:05:55, -15838348, -47976511, 10, 0.82, 0.33, WSW, 35.0, 27.0, -0.36, -9.95, 0.72, -0.08, -0.02, -0.01
21/07/2026 12:06:25, -15838339, -47976512, 9, 0.84, 0.74, WSW, 35.2, 27.0, -0.32, -10.02, 0.61, -0.09, -0.02, -0.02
21/07/2026 12:06:56, -15838351, -47976543, 9, 0.93, 0.48, WSW, 35.3, 27.1, -0.36, -9.95, 0.76, -0.08, -0.02, -0.02
21/07/2026 12:07:07, -15838495, -47976727, 10, 0.82, 10.85, SW, 35.4, 27.1, 0.51, -9.84, 0.34, -0.08, 0.11, -0.02
21/07/2026 12:07:17, -15838551, -47976906, 9, 0.96, 5.41, SW, 35.4, 27.1, -0.18, -10.03, -0.10, -0.09, -0.02, -0.01
21/07/2026 12:07:29, -15838606, -47976945, 10, 0.96, 4.02, SW, 35.5, 27.1, -0.70, -9.86, 1.42, -0.08, -0.02, 0.00
21/07/2026 12:07:40, -15838515, -47977234, 10, 0.82, 22.08, W, 35.5, 27.1, -3.43, -9.43, 0.36, -0.16, -0.41, -0.01
21/07/2026 12:07:50, -15838869, -47977856, 10, 0.91, 23.78, WSW, 35.6, 27.1, 2.48, -10.23, 0.82, -0.05, 0.35, 0.01
21/07/2026 12:08:01, -15838078, -47978405, 10, 0.93, 46.11, NNW, 35.7, 27.1, -1.04, -9.76, 0.75, -0.07, 0.00, -0.02
21/07/2026 12:08:11, -15836905, -47978809, 10, 0.87, 50.10, NNW, 35.7, 27.1, -0.96, -9.81, 0.74, -0.06, -0.03, 0.00
21/07/2026 12:08:22, -15835580, -47979279, 8, 1.08, 51.19, NNW, 35.8, 27.1, -0.52, -10.40, 0.95, -0.08, -0.01, 0.00
21/07/2026 12:08:33, -15834256, -47979743, 9, 0.83, 49.21, NNW, 35.8, 27.1, -1.32, -9.63, 0.89, -0.07, -0.02, 0.00
21/07/2026 12:08:43, -15833143, -47980147, 10, 1.08, 40.76, NNW, 35.9, 27.1, -0.52, -9.84, -0.17, -0.09, -0.01, -0.01
21/07/2026 12:08:54, -15832543, -47980282, 9, 0.83, 20.69, NNE, 35.9, 27.1, 0.75, -10.27, 1.63, -0.05, 0.26, 0.01
21/07/2026 12:09:04, -15832197, -47979799, 9, 0.83, 26.08, N, 36.0, 27.1, -2.56, -9.64, 1.29, -0.11, -0.19, -0.06
21/07/2026 12:09:15, -15831475, -47980061, 10, 0.83, 17.46, NNW, 36.1, 27.1, -0.88, -9.72, 1.05, -0.08, -0.03, -0.01
21/07/2026 12:09:26, -15830742, -47980331, 10, 0.83, 34.32, NNW, 36.2, 27.2, -1.02, -10.16, 0.50, -0.09, -0.01, -0.01
21/07/2026 12:09:36, -15830437, -47980864, 10, 0.82, 30.91, WSW, 36.2, 27.2, -1.00, -10.00, 0.51, -0.11, -0.06, -0.01
21/07/2026 12:09:47, -15830632, -47981559, 9, 0.90, 20.72, WSW, 36.3, 27.2, -0.45, -9.80, -0.67, -0.07, 0.01, 0.00
21/07/2026 12:09:57, -15830501, -47981913, 10, 0.90, 26.74, NNW, 36.3, 27.2, -0.69, -9.75, 0.56, -0.10, -0.03, -0.02
21/07/2026 12:10:08, -15829919, -47982114, 9, 0.95, 28.17, NNW, 36.3, 27.2, -0.69, -9.74, 1.07, -0.08, -0.02, -0.01
21/07/2026 12:10:19, -15829285, -47982338, 9, 0.93, 7.07, NNW, 36.4, 27.2, -0.61, -9.52, 0.61, -0.04, -0.02, -0.01
21/07/2026 12:10:29, -15829009, -47982577, 10, 1.12, 19.21, W, 36.4, 27.2, 0.39, -10.12, 0.69, -0.09, 0.11, -0.02
21/07/2026 12:10:40, -15828614, -47982827, 10, 0.90, 12.43, NNW, 36.4, 27.2, -0.27, -10.25, 0.24, -0.09, -0.03, -0.02
21/07/2026 12:10:50, -15828075, -47983019, 9, 0.95, 26.19, NNW, 36.4, 27.2, -0.31, -9.84, 0.53, -0.09, 0.01, -0.02
21/07/2026 12:11:01, -15827648, -47983173, 9, 0.83, 25.39, NNW, 36.4, 27.3, -1.02, -9.93, 1.62, -0.09, -0.02, -0.01
21/07/2026 12:11:12, -15827266, -47983523, 9, 0.83, 23.35, WSW, 36.4, 27.3, -1.78, -9.49, 0.77, -0.11, -0.11, -0.03
21/07/2026 12:11:22, -15827461, -47983980, 10, 0.83, 8.57, WSW, 36.3, 27.3, -0.72, -9.87, 0.48, -0.11, -0.02, -0.02
21/07/2026 12:11:33, -15827688, -47984503, 10, 0.82, 26.00, WSW, 36.3, 27.3, -1.23, -10.02, 0.93, -0.08, -0.02, -0.01
21/07/2026 12:11:43, -15827886, -47984958, 9, 0.83, 11.50, W, 36.2, 27.3, 0.61, -10.20, 0.59, -0.04, 0.48, -0.00
21/07/2026 12:11:54, -15827595, -47984812, 9, 0.83, 30.37, ENE, 36.2, 27.3, -1.05, -9.87, 1.01, -0.09, -0.04, -0.01
21/07/2026 12:12:05, -15827432, -47984790, 10, 0.82, 34.87, WSW, 36.2, 27.3, 0.07, -9.95, 2.07, -0.09, -0.03, -0.01
21/07/2026 12:12:15, -15827866, -47985717, 10, 0.82, 37.35, WSW, 36.2, 27.3, -0.06, -10.07, 0.25, -0.10, -0.02, -0.01
21/07/2026 12:12:26, -15827850, -47986345, 10, 0.83, 29.59, NNW, 36.2, 27.3, -0.82, -9.84, 2.60, -0.09, -0.02, -0.01
21/07/2026 12:12:36, -15827154, -47986622, 10, 0.82, 21.54, NNW, 36.3, 27.4, -0.46, -10.26, -0.07, -0.10, -0.01, -0.02
21/07/2026 12:12:47, -15826849, -47986740, 10, 0.82, 9.09, NNW, 36.2, 27.4, -0.57, -9.96, 1.97, -0.08, -0.02, -0.01
21/07/2026 12:12:58, -15826376, -47986924, 10, 0.82, 17.33, NNW, 36.2, 27.4, -0.71, -10.02, 1.65, -0.09, -0.06, -0.02
21/07/2026 12:13:08, -15825946, -47987102, 9, 0.83, 17.24, NNW, 36.2, 27.4, -2.70, -9.71, 1.45, -0.12, -0.37, -0.00
21/07/2026 12:13:19, -15825979, -47987491, 9, 0.86, 13.63, WSW, 36.1, 27.4, -1.17, -9.80, 1.89, -0.11, -0.10, 0.01
21/07/2026 12:13:29, -15826113, -47987537, 10, 0.83, 7.26, SSE, 36.1, 27.5, -0.83, -10.05, 2.92, -0.07, -0.01, -0.01
21/07/2026 12:14:00, -15826276, -47987445, 8, 0.95, 0.07, ESE, 35.9, 27.5, -0.61, -9.90, 2.00, -0.08, -0.02, -0.02
21/07/2026 12:14:25, -15826264, -47987452, 8, 1.11, 2.20, ESE, 36.0, 27.5, -0.57, -10.65, 0.52, -0.11, -0.05, 0.01
21/07/2026 12:14:41, -15826270, -47987483, 8, 1.11, 3.04, ESE, 36.1, 27.6, -1.38, -10.05, -0.90, -0.07, 0.12, 0.09
21/07/2026 12:14:52, -15826261, -47987447, 10, 0.82, 2.70, ESE, 36.2, 27.6, 0.53, -9.52, -0.24, 0.02, -0.07, -0.09
21/07/2026 12:15:12, -15826266, -47987199, 10, 0.82, 2.00, ESE, 36.2, 27.6, 0.64, -10.10, 0.06, -0.14, 0.40, -0.02
21/07/2026 12:15:25, -15826272, -47987097, 10, 0.82, 2.59, SE, 36.3, 27.6, 0.78, -9.96, -0.27, -0.15, 0.47, -0.02
21/07/2026 12:15:36, -15826322, -47987023, 10, 0.82, 2.50, E, 36.3, 27.7, 0.16, -10.09, 0.81, -0.11, 0.29, -0.03
21/07/2026 12:15:52, -15826359, -47986995, 10, 0.82, 2.70, ESE, 36.2, 27.7, 0.77, -9.68, 0.23, -0.06, 0.05, -0.02
21/07/2026 12:16:02, -15826357, -47986986, 9, 0.83, 3.20, ESE, 36.2, 27.7, 1.43, -9.68, 0.04, -0.17, 0.63, 0.03
21/07/2026 12:16:13, -15826347, -47986954, 10, 0.83, 2.00, ESE, 36.1, 27.7, 2.86, -9.57, 1.90, -0.02, 0.07, -0.09
21/07/2026 12:16:43, -15826316, -47986848, 8, 0.92, 0.76, ESE, 36.0, 27.8, 0.55, -9.91, 0.06, -0.14, 0.62, 0.04
# BOOT bootCount=1 reset_reason=1
21/07/2026 14:15:26, -15826434, -47987502, 5, 2.65, 4.57, N, 37.3, 25.1, 2.08, -0.91, 10.95, -0.08, -0.01, -0.01
21/07/2026 14:15:58, -15826394, -47987433, 6, 1.29, 0.37, N, 37.4, 25.1, 2.11, -0.89, 11.00, -0.09, -0.01, -0.01
21/07/2026 14:16:29, -15826282, -47987401, 6, 1.29, 0.06, N, 37.6, 25.3, 2.19, -0.89, 10.86, -0.08, -0.02, -0.01
21/07/2026 14:16:59, -15826269, -47987360, 6, 1.29, 0.17, N, 38.0, 25.3, 2.13, -0.88, 11.03, -0.09, -0.02, -0.01
21/07/2026 14:17:12, -15826264, -47987398, 6, 1.29, 2.63, W, 38.1, 25.3, 2.00, -0.20, 11.14, -0.10, -0.02, -0.12
21/07/2026 14:17:23, -15826461, -47987334, 6, 1.29, 6.87, SSE, 38.2, 25.4, 1.26, -1.22, 11.26, -0.09, -0.01, 0.01
21/07/2026 14:17:33, -15826632, -47987257, 6, 1.28, 7.59, SSE, 38.3, 25.4, 2.03, -1.13, 10.94, -0.10, -0.02, 0.07
21/07/2026 14:17:44, -15826676, -47987113, 6, 1.28, 5.89, ENE, 38.4, 25.4, 1.68, -0.94, 11.02, -0.09, -0.03, -0.01
21/07/2026 14:17:54, -15826647, -47987000, 6, 1.28, 4.82, ENE, 38.5, 25.4, 2.08, -0.88, 10.92, -0.06, -0.02, -0.02
21/07/2026 14:18:05, -15826648, -47986856, 6, 1.28, 13.11, SE, 38.6, 25.5, 2.99, -0.06, 10.66, -0.12, 0.04, -0.28
21/07/2026 14:18:16, -15826981, -47986728, 6, 1.28, 14.43, SSE, 38.7, 25.5, 1.98, -1.06, 10.97, -0.11, -0.02, -0.02
21/07/2026 14:18:26, -15827314, -47986609, 6, 1.28, 22.84, SSE, 38.8, 25.5, 2.09, -0.12, 10.88, -0.10, -0.01, -0.02
21/07/2026 14:18:37, -15827944, -47986359, 7, 1.05, 19.30, SSE, 38.8, 25.6, 2.05, -1.38, 11.12, -0.08, -0.02, -0.01
21/07/2026 14:18:47, -15828385, -47986523, 7, 1.05, 35.73, SW, 38.9, 25.6, 3.23, -0.73, 10.71, -0.07, 0.01, -0.06
21/07/2026 14:18:58, -15829088, -47987268, 7, 1.05, 30.24, SSW, 39.0, 25.6, 1.40, -2.04, 11.00, -0.07, -0.01, 0.08
21/07/2026 14:19:08, -15829177, -47987120, 7, 1.05, 28.35, NNE, 39.0, 25.7, 2.68, 0.08, 10.74, -0.10, -0.00, -0.05
21/07/2026 14:19:19, -15828461, -47986327, 7, 1.05, 37.76, ENE, 39.3, 25.7, 2.28, -1.34, 10.83, -0.08, -0.03, -0.03
21/07/2026 14:19:30, -15827887, -47985365, 8, 0.91, 43.86, ENE, 39.3, 25.7, 2.85, -1.14, 10.93, -0.13, -0.04, -0.02
21/07/2026 14:19:40, -15827421, -47984265, 8, 0.91, 45.89, ENE, 39.3, 25.8, 1.91, -1.03, 10.88, -0.07, 0.01, -0.01
21/07/2026 14:19:51, -15826909, -47983025, 8, 0.91, 43.56, ENE, 39.3, 25.8, 1.50, -1.74, 11.50, -0.04, 0.01, -0.01
21/07/2026 14:20:01, -15827031, -47982393, 7, 1.27, 39.28, SSE, 39.4, 25.8, 2.95, 0.39, 10.72, -0.09, -0.02, -0.01
21/07/2026 14:20:12, -15828190, -47981985, 8, 0.91, 46.58, SSE, 39.4, 25.9, 2.92, -0.13, 10.84, -0.11, 0.00, -0.02
21/07/2026 14:20:23, -15829414, -47981544, 8, 1.05, 40.58, SSE, 39.3, 25.9, 2.87, -0.62, 11.29, -0.07, -0.02, -0.01
21/07/2026 14:20:33, -15830329, -47981255, 8, 1.03, 29.78, SSE, 39.8, 26.0, 3.11, -0.92, 10.44, -0.03, -0.03, 0.00
21/07/2026 14:20:44, -15830702, -47981596, 8, 1.09, 10.56, WSW, 39.8, 26.0, 3.29, -0.09, 10.70, 0.05, -0.01, -0.01
21/07/2026 14:20:54, -15831136, -47981638, 8, 0.91, 16.15, SSE, 39.7, 26.1, 2.96, -0.65, 10.72, -0.05, -0.01, -0.05
21/07/2026 14:21:05, -15831563, -47981534, 8, 0.91, 6.69, SSE, 39.8, 26.1, 2.86, -1.28, 10.83, -0.09, -0.01, -0.01
21/07/2026 14:21:13, -15831877, -47981399, 8, 0.91, 30.00, SSE, 39.7, 26.2, 3.04, 0.28, 11.01, -0.09, -0.01, -0.02
21/07/2026 14:21:23, -15832712, -47981084, 8, 0.91, 30.50, SE, 39.7, 26.2, -0.83, -0.80, 11.92, -0.01, -0.00, 0.32
21/07/2026 14:21:34, -15832878, -47980298, 7, 1.09, 36.87, SSE, 39.8, 26.2, 4.59, 3.58, 9.14, -0.11, -0.04, -0.09
21/07/2026 14:21:44, -15833945, -47979892, 8, 0.91, 47.02, SSE, 39.8, 26.3, 3.59, 2.57, 9.96, -0.07, -0.02, -0.01
21/07/2026 14:21:55, -15835263, -47979445, 8, 1.03, 53.12, SSE, 39.8, 26.4, 4.41, 3.27, 9.06, -0.09, -0.05, 0.02
21/07/2026 14:22:06, -15836643, -47979008, 8, 1.03, 52.52, SSE, 39.5, 26.4, 3.91, 2.85, 9.61, -0.07, -0.03, -0.00
21/07/2026 14:22:16, -15837882, -47978538, 8, 0.91, 50.45, SSE, 39.3, 26.4, 3.89, 2.61, 9.62, -0.08, -0.02, -0.00
21/07/2026 14:22:27, -15839086, -47977905, 8, 0.91, 46.80, SE, 39.1, 26.5, 3.78, 2.62, 9.79, -0.06, -0.02, 0.02
21/07/2026 14:22:37, -15839907, -47977161, 8, 0.91, 37.69, SE, 38.7, 26.5, 4.33, 1.65, 9.89, -0.07, -0.04, 0.02
21/07/2026 14:22:48, -15839991, -47977118, 8, 1.09, 26.11, NW, 38.6, 26.5, 3.43, 4.15, 10.00, -0.08, -0.01, -0.02
21/07/2026 14:22:59, -15839276, -47977853, 8, 0.91, 31.26, NW, 38.6, 26.6, 4.34, 2.00, 9.96, -0.12, -0.05, -0.10
21/07/2026 14:23:09, -15838790, -47977496, 7, 1.09, 26.74, NE, 38.5, 26.6, 3.84, 2.75, 10.07, -0.09, -0.03, -0.02
21/07/2026 14:23:20, -15838745, -47977071, 7, 1.09, 10.72, SE, 38.5, 26.7, 3.57, 2.92, 9.97, -0.06, 0.02, 0.04
21/07/2026 14:23:38, -15838741, -47976930, 8, 1.03, 2.17, E, 38.5, 26.7, 3.40, 4.29, 9.25, -0.09, -0.02, 0.01
21/07/2026 14:23:48, -15838662, -47976876, 7, 1.03, 5.24, NNE, 38.3, 26.8, 2.62, 3.32, 10.56, -0.00, 0.09, 0.22
21/07/2026 14:23:59, -15838435, -47976883, 7, 1.12, 9.20, NNE, 38.3, 26.8, 3.29, 3.11, 10.22, -0.08, -0.01, 0.01
21/07/2026 14:24:09, -15838261, -47976822, 8, 1.01, 6.98, N, 38.3, 26.8, 3.67, 2.72, 9.94, -0.07, -0.00, 0.03
21/07/2026 14:24:27, -15838172, -47976805, 9, 0.83, 2.89, NNE, 38.2, 26.9, 3.50, 3.22, 9.96, -0.08, -0.02, -0.02
21/07/2026 14:24:54, -15838119, -47976783, 9, 0.83, 5.13, NE, 38.5, 27.0, -0.87, -5.85, 9.50, 0.13, -0.03, -0.21
21/07/2026 14:25:04, -15838140, -47976774, 9, 0.91, 3.22, SE, 38.6, 27.0, -0.88, -5.62, 9.91, -0.23, 0.00, 0.00
21/07/2026 14:25:15, -15838183, -47976685, 9, 0.92, 3.11, ESE, 38.5, 27.1, -1.12, -5.25, 9.41, -0.12, -0.05, 0.09
21/07/2026 14:25:26, -15838230, -47976591, 9, 0.83, 3.76, ESE, 38.5, 27.1, -1.75, -5.57, 8.84, -0.13, -0.09, 0.02
21/07/2026 14:25:36, -15838267, -47976489, 9, 0.83, 4.06, E, 38.3, 27.1, -1.67, -5.81, 8.64, -0.10, -0.24, 0.13
21/07/2026 14:25:47, -15838287, -47976383, 9, 0.83, 2.13, ESE, 38.2, 27.2, -1.89, -6.59, 8.46, -0.12, -0.08, 0.00
21/07/2026 14:25:57, -15838286, -47976305, 9, 0.83, 3.67, ESE, 38.0, 27.2, -1.49, -6.23, 9.47, -0.00, 0.21, -0.15
21/07/2026 14:26:11, -15838258, -47976236, 9, 0.83, 4.09, ESE, 37.8, 27.3, -1.73, -6.04, 8.96, -0.10, 0.14, -0.28
21/07/2026 14:26:21, -15838329, -47976189, 9, 0.92, 2.09, ESE, 37.7, 27.3, -1.43, -6.23, 8.89, -0.25, -0.25, 0.34
21/07/2026 14:26:32, -15838348, -47976225, 9, 0.83, 3.22, ESE, 37.6, 27.4, -2.13, -5.81, 9.13, -0.17, -0.05, 0.09
21/07/2026 14:26:47, -15838400, -47976278, 7, 1.31, 2.41, ESE, 37.5, 27.4, 2.78, -3.17, 9.05, -0.18, 0.07, 0.04
21/07/2026 14:26:57, -15838395, -47976388, 5, 1.37, 3.20, S, 36.9, 27.4, 3.24, -2.45, 10.41, -0.08, -0.02, -0.02
21/07/2026 14:27:08, -15838310, -47976507, 7, 5.21, 4.44, SW, 36.5, 27.5, 3.26, -2.44, 10.41, -0.08, -0.02, -0.02
21/07/2026 14:27:18, -15838363, -47976420, 8, 1.11, 2.33, SW, 36.4, 27.5, 3.24, -2.45, 10.42, -0.08, -0.02, -0.02
21/07/2026 14:27:29, -15838378, -47976335, 8, 0.88, 3.17, SW, 36.3, 27.5, 3.26, -2.44, 10.41, -0.08, -0.02, -0.02
21/07/2026 14:27:40, -15838356, -47976347, 8, 0.92, 2.69, SW, 36.2, 27.5, 3.25, -2.44, 10.41, -0.08, -0.02, -0.02
21/07/2026 14:27:51, -15838261, -47976423, 8, 1.07, 4.00, NW, 36.2, 27.6, 3.24, -2.44, 10.41, -0.08, -0.02, -0.02
21/07/2026 14:28:01, -15838260, -47976226, 7, 1.02, 5.00, ENE, 36.1, 27.6, 3.25, -2.44, 10.43, -0.08, -0.02, -0.02
21/07/2026 14:28:22, -15838331, -47976332, 8, 0.92, 3.17, E, 36.0, 27.7, 3.24, -2.44, 10.41, -0.08, -0.02, -0.02
21/07/2026 14:28:33, -15838322, -47976388, 8, 0.92, 2.20, E, 35.9, 27.7, 3.25, -2.44, 10.43, -0.08, -0.02, -0.02
21/07/2026 14:28:48, -15838306, -47976433, 6, 1.04, 2.13, E, 35.8, 27.8, 3.26, -2.45, 10.42, -0.08, -0.02, -0.02
21/07/2026 14:29:08, -15838175, -47976449, 9, 0.89, 2.87, E, 35.7, 27.8, 3.26, -2.44, 10.42, -0.08, -0.02, -0.02
21/07/2026 14:29:18, -15838162, -47976452, 9, 0.96, 2.41, E, 35.5, 27.9, 3.24, -2.43, 10.41, -0.08, -0.02, -0.02
21/07/2026 14:29:29, -15838177, -47976531, 9, 1.20, 2.02, E, 35.4, 27.9, 3.25, -2.44, 10.42, -0.08, -0.02, -0.02
21/07/2026 14:29:39, -15838116, -47976534, 7, 0.98, 2.07, E, 35.2, 27.9, 3.24, -2.44, 10.42, -0.08, -0.02, -0.02
21/07/2026 14:29:50, -15838047, -47976523, 7, 0.99, 3.69, E, 35.0, 27.9, 3.26, -2.43, 10.41, -0.08, -0.02, -0.02
21/07/2026 14:30:01, -15838148, -47976390, 7, 1.20, 7.19, ESE, 35.3, 28.0, 3.27, -2.44, 10.41, -0.08, -0.02, -0.02
21/07/2026 14:30:18, -15838174, -47976388, 7, 1.68, 2.52, SE, 35.0, 28.0, 3.26, -2.43, 10.41, -0.08, -0.02, -0.02
21/07/2026 14:30:30, -15838155, -47976360, 8, 0.95, 2.43, SE, 34.8, 28.1, 3.25, -2.44, 10.41, -0.08, -0.02, -0.02
21/07/2026 14:30:51, -15838179, -47976351, 7, 0.95, 2.80, SE, 34.3, 28.1, 3.25, -2.45, 10.42, -0.08, -0.02, -0.02
21/07/2026 14:31:02, -15838232, -47976388, 7, 0.95, 3.15, SE, 34.1, 28.1, 3.25, -2.43, 10.41, -0.08, -0.02, -0.02
21/07/2026 14:31:15, -15838266, -47976406, 9, 0.92, 2.46, SE, 33.8, 28.1, 3.26, -2.44, 10.41, -0.08, -0.02, -0.02
21/07/2026 14:31:29, -15838361, -47976363, 6, 1.19, 2.17, SE, 33.4, 28.2, 3.25, -2.43, 10.43, -0.08, -0.02, -0.02
21/07/2026 14:31:39, -15838424, -47976338, 8, 1.10, 2.07, SE, 33.1, 28.2, 3.26, -2.44, 10.42, -0.08, -0.02, -0.02
21/07/2026 14:31:58, -15838399, -47976324, 6, 1.53, 3.26, SE, 32.7, 28.2, 3.25, -2.43, 10.41, -0.08, -0.02, -0.02
21/07/2026 14:32:28, -15838297, -47976377, 7, 1.00, 1.72, SE, 32.0, 28.3, 3.26, -2.44, 10.42, -0.08, -0.02, -0.02
21/07/2026 14:32:51, -15838197, -47976384, 7, 1.27, 2.67, SE, 31.6, 28.3, 3.25, -2.44, 10.42, -0.08, -0.02, -0.02
21/07/2026 14:33:05, -15838264, -47976367, 7, 1.10, 3.19, SE, 31.4, 28.3, 3.26, -2.44, 10.42, -0.08, -0.02, -0.02
21/07/2026 14:33:19, -15838277, -47976362, 6, 1.18, 2.06, SE, 31.1, 28.4, 3.27, -2.44, 10.43, -0.08, -0.02, -0.02
21/07/2026 14:33:29, -15838279, -47976353, 9, 0.83, 2.43, SE, 30.9, 28.4, 3.25, -2.43, 10.41, -0.08, -0.02, -0.02
21/07/2026 14:33:41, -15838331, -47976325, 5, 1.64, 2.22, SE, 30.7, 28.3, 3.25, -2.44, 10.42, -0.08, -0.02, -0.02
21/07/2026 14:33:51, -15838291, -47976290, 5, 1.32, 4.19, SE, 30.6, 28.4, 3.26, -2.43, 10.42, -0.08, -0.02, -0.02
21/07/2026 14:34:11, -15838226, -47976243, 6, 2.15, 2.57, SE, 30.2, 28.4, 3.24, -2.43, 10.42, -0.08, -0.02, -0.02
21/07/2026 14:34:22, -15838251, -47976231, 6, 1.81, 3.69, SE, 30.1, 28.4, 3.27, -2.44, 10.42, -0.08, -0.02, -0.02
21/07/2026 14:34:45, -15838389, -47976246, 7, 1.02, 2.50, SE, 29.9, 28.5, 3.24, -2.44, 10.42, -0.08, -0.02, -0.02
21/07/2026 14:35:02, -15838378, -47976326, 8, 1.05, 2.35, SE, 29.8, 28.5, 3.26, -2.43, 10.40, -0.08, -0.02, -0.02
21/07/2026 14:35:33, -15838354, -47976387, 9, 1.05, 1.44, SE, 29.5, 28.5, 3.26, -2.44, 10.42, -0.08, -0.02, -0.02
21/07/2026 14:36:04, -15838442, -47976404, 9, 0.90, 0.94, SE, 29.3, 28.5, 3.24, -2.43, 10.42, -0.08, -0.02, -0.02
21/07/2026 14:36:19, -15838479, -47976417, 9, 0.96, 2.19, SE, 29.2, 28.5, 3.27, -2.43, 10.43, -0.08, -0.02, -0.02
21/07/2026 14:36:30, -15838439, -47976450, 9, 0.79, 2.07, SE, 29.1, 28.6, 3.27, -2.44, 10.42, -0.08, -0.02, -0.02
21/07/2026 14:36:40, -15838456, -47976460, 6, 2.17, 2.56, SE, 29.1, 28.6, 3.26, -2.43, 10.41, -0.08, -0.02, -0.02
21/07/2026 14:36:51, -15838459, -47976364, 9, 1.17, 2.76, SE, 29.0, 28.5, 3.26, -2.44, 10.41, -0.08, -0.02, -0.02
21/07/2026 14:37:03, -15838407, -47976381, 7, 1.17, 2.28, SE, 29.0, 28.6, 3.26, -2.43, 10.41, -0.08, -0.02, -0.02
21/07/2026 14:37:18, -15838405, -47976405, 8, 1.16, 2.33, SE, 28.9, 28.6, 3.25, -2.43, 10.42, -0.08, -0.02, -0.02
21/07/2026 14:37:38, -15838357, -47976408, 6, 1.22, 2.04, SE, 28.8, 28.6, 3.27, -2.44, 10.41, -0.08, -0.02, -0.02
21/07/2026 14:37:59, -15838332, -47976403, 8, 1.06, 2.30, SE, 28.7, 28.6, 3.25, -2.43, 10.41, -0.08, -0.02, -0.02
21/07/2026 14:38:10, -15838364, -47976270, 8, 1.23, 3.94, ESE, 28.6, 28.6, 3.25, -2.44, 10.41, -0.08, -0.02, -0.02
21/07/2026 14:38:20, -15838392, -47976275, 9, 0.97, 2.59, ESE, 28.6, 28.6, 3.24, -2.43, 10.41, -0.08, -0.02, -0.02
21/07/2026 14:38:31, -15838305, -47976405, 8, 1.04, 2.61, ESE, 28.5, 28.6, 3.25, -2.43, 10.42, -0.08, -0.02, -0.02
21/07/2026 14:39:02, -15838243, -47976557, 7, 1.35, 1.00, ESE, 28.4, 28.6, 3.25, -2.44, 10.41, -0.08, -0.02, -0.02
21/07/2026 14:39:32, -15838274, -47976510, 6, 1.35, 0.33, ESE, 28.2, 28.6, 3.24, -2.42, 10.39, -0.08, -0.02, -0.02
21/07/2026 14:40:03, -15838267, -47976515, 9, 1.17, 1.06, ESE, 28.1, 28.6, 3.26, -2.43, 10.43, -0.08, -0.02, -0.02
21/07/2026 14:40:19, -15838148, -47976670, 7, 1.14, 2.15, ESE, 28.0, 28.6, 3.25, -2.43, 10.42, -0.08, -0.02, -0.02
21/07/2026 14:40:29, -15838185, -47976678, 8, 1.03, 4.28, ESE, 27.9, 28.6, 3.25, -2.42, 10.40, -0.08, -0.02, -0.02
21/07/2026 14:40:40, -15838205, -47976753, 8, 1.03, 2.39, ESE, 27.9, 28.6, 3.25, -2.43, 10.41, -0.08, -0.02, -0.02
21/07/2026 14:40:50, -15838273, -47976759, 7, 1.13, 2.22, ESE, 27.8, 28.6, 3.26, -2.43, 10.42, -0.08, -0.02, -0.02
21/07/2026 14:41:01, -15838233, -47976617, 7, 1.67, 3.04, ENE, 27.8, 28.6, 3.27, -2.42, 10.42, -0.08, -0.02, -0.02
21/07/2026 14:41:13, -15838211, -47976563, 7, 1.67, 2.65, ENE, 27.7, 28.6, -0.75, -1.41, 10.44, 0.13, -0.20, -0.16
21/07/2026 14:41:23, -15838168, -47976292, 8, 1.03, 2.06, ENE, 27.6, 28.6, -0.97, -4.30, 10.54, 0.08, -0.61, 1.84
21/07/2026 14:41:42, -15838348, -47976224, 8, 0.91, 2.32, ENE, 27.5, 28.6, -5.04, -5.51, 6.98, 0.37, 0.31, -1.69
21/07/2026 14:41:52, -15838460, -47976232, 9, 0.91, 3.39, ENE, 27.4, 28.6, 4.30, -2.97, 9.54, -0.04, -0.02, -0.02
21/07/2026 14:42:03, -15838575, -47976243, 9, 0.90, 2.09, SE, 27.5, 28.6, 3.91, -2.75, 9.64, -0.02, -0.02, 0.04
21/07/2026 14:42:23, -15838664, -47976243, 9, 0.90, 2.30, SE, 27.6, 28.6, 4.28, -1.18, 10.22, -0.09, -0.03, -0.04
21/07/2026 14:42:34, -15838685, -47976102, 9, 1.00, 5.57, E, 27.7, 28.6, 4.50, -2.15, 9.97, 0.15, -0.17, 0.58
21/07/2026 14:42:54, -15838705, -47976241, 9, 1.27, 2.09, E, 27.7, 28.6, 4.21, -2.74, 10.38, -0.29, 0.05, -0.41
21/07/2026 14:43:04, -15838685, -47976366, 9, 0.90, 2.46, E, 27.6, 28.6, 3.94, -2.59, 9.14, -0.04, -0.04, -0.17
21/07/2026 14:43:15, -15838608, -47976429, 9, 0.90, 2.54, NNW, 27.7, 28.6, 4.43, -1.04, 9.63, 0.02, 0.00, 0.02
21/07/2026 14:43:25, -15838524, -47976452, 9, 0.90, 3.41, N, 27.7, 28.6, 4.28, -2.04, 10.53, -0.11, -0.03, -0.05
21/07/2026 14:43:36, -15838409, -47976472, 9, 0.90, 4.30, N, 27.7, 28.6, 4.54, -1.83, 10.61, -0.09, 0.01, 0.08
21/07/2026 14:43:46, -15838313, -47976518, 9, 0.90, 3.48, N, 27.7, 28.6, 4.25, -2.10, 10.48, -0.14, -0.02, -0.07
21/07/2026 14:44:17, -15838184, -47976665, 9, 0.91, 0.06, N, 27.7, 28.6, 2.95, 3.65, 9.98, -0.08, -0.03, -0.01
21/07/2026 14:44:30, -15838184, -47976679, 9, 0.90, 2.20, ENE, 27.8, 28.6, 3.00, 3.31, 10.00, -0.13, -0.07, -0.13
21/07/2026 14:44:40, -15838134, -47976652, 9, 0.90, 8.17, NE, 27.9, 28.6, 4.06, 3.69, 9.35, -0.13, -0.15, -0.24
21/07/2026 14:44:51, -15838322, -47976648, 9, 0.90, 14.26, SSW, 28.0, 28.6, 3.55, 3.70, 9.81, -0.08, -0.02, -0.01
21/07/2026 14:45:02, -15838558, -47976810, 9, 0.91, 4.41, SW, 28.1, 28.6, 3.72, 2.97, 9.83, -0.08, -0.01, 0.00
21/07/2026 14:45:12, -15838599, -47976863, 9, 0.91, 3.67, SW, 28.2, 28.6, 3.39, 3.98, 9.99, -0.08, -0.04, -0.04
21/07/2026 14:45:23, -15838940, -47976738, 8, 1.00, 29.19, SE, 28.2, 28.6, 3.02, 3.73, 9.85, -0.09, -0.00, -0.01
21/07/2026 14:45:33, -15839454, -47976160, 9, 0.90, 31.34, ESE, 28.3, 28.5, 3.43, 2.48, 10.23, -0.07, -0.02, 0.02
21/07/2026 14:45:44, -15839752, -47975571, 9, 0.90, 26.95, ESE, 28.4, 28.6, 3.01, 3.71, 10.15, -0.10, 0.01, 0.02
21/07/2026 14:45:55, -15840000, -47974618, 9, 0.90, 39.41, E, 28.5, 28.6, 3.10, 3.68, 9.54, -0.08, -0.00, 0.02
21/07/2026 14:46:05, -15840015, -47973748, 9, 1.02, 25.04, E, 28.5, 28.6, 3.17, 4.11, 9.43, -0.07, -0.02, -0.03
21/07/2026 14:46:16, -15840023, -47973060, 9, 0.90, 17.63, SE, 28.6, 28.6, 4.37, 5.26, 8.71, -0.16, -0.12, -0.23
21/07/2026 14:46:26, -15840692, -47972940, 9, 0.96, 25.91, S, 28.7, 28.6, 2.79, 4.37, 10.13, -0.13, -0.02, 0.00
21/07/2026 14:46:37, -15841404, -47972808, 9, 0.90, 20.83, SSE, 28.8, 28.6, 0.18, 3.31, 11.00, 0.03, 0.19, 0.34
21/07/2026 14:46:48, -15841460, -47972136, 9, 0.90, 28.95, E, 28.9, 28.6, 2.95, 4.04, 9.90, -0.06, -0.02, -0.02
21/07/2026 14:46:58, -15841581, -47971763, 9, 0.96, 20.72, SSE, 29.0, 28.6, 2.82, 4.81, 9.61, -0.09, -0.03, -0.02
21/07/2026 14:47:09, -15842270, -47971667, 9, 0.90, 28.59, S, 29.0, 28.6, 3.04, 3.90, 9.48, -0.07, -0.01, -0.02
21/07/2026 14:47:19, -15842765, -47971608, 9, 0.90, 7.32, S, 29.1, 28.6, 2.89, 4.59, 9.25, -0.12, -0.02, -0.00
21/07/2026 14:47:30, -15843315, -47971519, 9, 0.90, 20.41, S, 29.2, 28.6, 3.44, 3.81, 10.03, -0.12, -0.02, -0.04
21/07/2026 14:47:41, -15843658, -47971485, 9, 0.90, 9.91, S, 29.3, 28.6, 4.02, 2.69, 10.11, -0.08, -0.04, -0.03
21/07/2026 14:47:51, -15843830, -47971254, 9, 0.90, 10.63, E, 29.3, 28.6, 3.08, 3.12, 10.30, -0.10, -0.02, -0.01
21/07/2026 14:48:02, -15843947, -47971007, 9, 0.90, 16.24, SSE, 29.4, 28.6, 3.13, 4.36, 9.40, -0.08, -0.04, -0.09
21/07/2026 14:48:12, -15844351, -47970947, 9, 0.90, 22.63, S, 29.4, 28.6, 3.00, 4.45, 9.68, -0.09, -0.03, -0.00
21/07/2026 14:48:23, -15845108, -47970842, 9, 1.21, 27.54, S, 29.5, 28.6, 3.42, 3.66, 9.88, -0.13, -0.02, -0.00
21/07/2026 14:48:34, -15845549, -47970774, 9, 0.90, 17.11, S, 29.5, 28.6, 2.78, 4.36, 9.38, -0.06, -0.02, -0.02
21/07/2026 14:48:44, -15845973, -47970798, 9, 0.90, 17.17, SW, 29.6, 28.6, 3.58, 5.11, 8.83, -0.14, -0.11, -0.18
21/07/2026 14:48:55, -15846130, -47971728, 9, 0.90, 41.67, W, 29.6, 28.7, 2.30, 4.22, 9.81, -0.07, -0.01, 0.01
21/07/2026 14:49:05, -15846273, -47972755, 9, 0.90, 37.91, W, 29.7, 28.7, 3.27, 3.60, 9.80, -0.08, -0.03, -0.01
21/07/2026 14:49:16, -15846417, -47973380, 9, 0.90, 5.89, SSW, 29.7, 28.7, 2.71, 3.94, 9.92, -0.04, 0.04, 0.10
21/07/2026 14:49:27, -15846488, -47972883, 9, 0.90, 29.80, E, 29.8, 28.6, 3.04, 4.08, 9.69, -0.10, -0.04, -0.03
21/07/2026 14:49:37, -15846608, -47972408, 9, 0.90, 6.24, SE, 29.8, 28.7, 2.92, 3.73, 9.88, -0.08, -0.01, -0.01
21/07/2026 14:49:48, -15846660, -47972273, 9, 0.90, 2.07, E, 29.9, 28.7, 3.22, 4.03, 9.69, -0.08, -0.03, -0.02
21/07/2026 14:50:19, -15846680, -47972247, 9, 0.90, 0.11, E, 29.9, 28.7, 3.18, 4.29, 9.56, -0.09, -0.01, -0.02
21/07/2026 14:50:49, -15846679, -47972237, 9, 0.90, 0.26, E, 30.0, 28.7, 3.12, 4.29, 9.58, -0.08, -0.02, -0.02
21/07/2026 14:51:20, -15846640, -47972232, 9, 0.90, 0.41, E, 30.0, 28.8, 3.12, 4.29, 9.57, -0.08, -0.02, -0.02
21/07/2026 14:51:51, -15846659, -47972235, 9, 0.90, 0.06, E, 30.1, 28.9, 3.11, 4.29, 9.59, -0.08, -0.02, -0.02
21/07/2026 14:52:21, -15846659, -47972230, 9, 0.90, 0.07, E, 30.3, 28.9, 3.11, 4.30, 9.60, -0.08, -0.02, -0.02
21/07/2026 14:52:52, -15846664, -47972216, 9, 0.90, 0.07, E, 30.3, 28.9, 3.11, 4.30, 9.58, -0.08, -0.02, -0.02
21/07/2026 14:53:23, -15846656, -47972233, 9, 0.90, 0.11, E, 31.0, 29.0, 3.11, 4.29, 9.59, -0.08, -0.02, -0.02
21/07/2026 14:53:54, -15846647, -47972230, 9, 0.89, 0.28, E, 31.1, 29.0, 3.12, 4.29, 9.57, -0.08, -0.02, -0.02
21/07/2026 14:54:24, -15846641, -47972227, 9, 0.89, 0.07, E, 31.2, 29.1, 3.11, 4.30, 9.58, -0.08, -0.02, -0.02
21/07/2026 14:54:55, -15846652, -47972219, 9, 0.89, 0.06, E, 31.3, 29.1, 3.10, 4.29, 9.58, -0.08, -0.02, -0.02
21/07/2026 14:55:26, -15846658, -47972231, 9, 0.89, 0.11, E, 31.4, 29.2, 3.11, 4.30, 9.59, -0.08, -0.02, -0.02
21/07/2026 14:55:56, -15846666, -47972235, 9, 0.89, 0.04, E, 31.5, 29.2, 3.11, 4.30, 9.58, -0.08, -0.02, -0.02
21/07/2026 14:56:27, -15846671, -47972219, 9, 0.89, 0.17, E, 31.6, 29.3, 3.11, 4.30, 9.58, -0.08, -0.02, -0.02
21/07/2026 14:56:58, -15846662, -47972202, 9, 0.89, 0.07, E, 31.7, 29.4, 3.11, 4.30, 9.58, -0.08, -0.02, -0.02
21/07/2026 14:57:28, -15846656, -47972205, 9, 0.89, 0.17, E, 31.7, 29.4, 3.10, 4.31, 9.58, -0.08, -0.02, -0.02
21/07/2026 14:57:59, -15846649, -47972213, 9, 0.89, 0.04, E, 31.8, 29.5, 3.11, 4.30, 9.58, -0.08, -0.02, -0.02
21/07/2026 14:58:30, -15846664, -47972220, 9, 0.89, 0.13, E, 31.9, 29.6, 3.10, 4.30, 9.57, -0.08, -0.02, -0.02
21/07/2026 14:59:01, -15846659, -47972225, 9, 0.89, 0.11, E, 31.9, 29.6, 3.11, 4.30, 9.57, -0.08, -0.02, -0.02
21/07/2026 14:59:31, -15846657, -47972233, 9, 0.89, 0.11, E, 32.0, 29.7, 3.12, 4.30, 9.57, -0.08, -0.02, -0.02
21/07/2026 15:00:02, -15846658, -47972240, 9, 0.89, 0.00, E, 32.1, 29.7, 3.11, 4.31, 9.57, -0.08, -0.02, -0.02
21/07/2026 15:00:33, -15846654, -47972257, 9, 0.89, 0.09, E, 32.1, 29.8, 3.11, 4.31, 9.58, -0.08, -0.02, -0.02
21/07/2026 15:01:03, -15846664, -47972264, 9, 0.89, 0.07, E, 32.1, 29.9, 3.11, 4.30, 9.58, -0.08, -0.02, -0.02
21/07/2026 15:01:34, -15846662, -47972265, 9, 0.89, 0.07, E, 32.6, 30.0, 3.11, 4.30, 9.58, -0.08, -0.02, -0.02
21/07/2026 15:02:05, -15846670, -47972249, 9, 0.89, 0.11, E, 32.6, 30.0, 3.10, 4.30, 9.58, -0.08, -0.02, -0.02
21/07/2026 15:02:36, -15846647, -47972254, 9, 0.89, 0.13, E, 32.6, 30.1, 3.11, 4.31, 9.56, -0.08, -0.02, -0.02
21/07/2026 15:03:06, -15846638, -47972257, 9, 0.89, 0.11, E, 32.6, 30.2, 3.11, 4.31, 9.58, -0.08, -0.02, -0.02
21/07/2026 15:03:37, -15846638, -47972280, 9, 0.89, 0.02, E, 32.6, 30.3, 3.11, 4.31, 9.58, -0.08, -0.02, -0.02
21/07/2026 15:04:08, -15846637, -47972267, 9, 0.89, 0.00, E, 32.6, 30.4, 3.11, 4.31, 9.56, -0.09, -0.02, -0.02
21/07/2026 15:04:38, -15846646, -47972268, 9, 0.89, 0.11, E, 32.6, 30.4, 3.10, 4.31, 9.58, -0.08, -0.02, -0.02
21/07/2026 15:05:09, -15846631, -47972259, 9, 0.89, 0.09, E, 32.6, 30.5, 3.10, 4.31, 9.58, -0.08, -0.02, -0.02
21/07/2026 15:05:40, -15846633, -47972252, 9, 0.89, 0.04, E, 32.5, 30.5, 3.10, 4.31, 9.58, -0.08, -0.02, -0.02
21/07/2026 15:06:10, -15846633, -47972250, 9, 0.89, 0.06, E, 32.5, 30.6, 3.10, 4.31, 9.58, -0.08, -0.02, -0.02
21/07/2026 15:06:41, -15846644, -47972259, 9, 0.89, 0.11, E, 32.5, 30.7, 3.10, 4.31, 9.58, -0.08, -0.02, -0.02
21/07/2026 15:07:12, -15846653, -47972258, 9, 0.89, 0.13, E, 32.4, 30.7, 3.10, 4.31, 9.58, -0.08, -0.02, -0.02
21/07/2026 15:07:43, -15846667, -47972254, 9, 0.89, 0.06, E, 32.4, 30.9, 3.10, 4.32, 9.58, -0.08, -0.02, -0.02
21/07/2026 15:08:13, -15846665, -47972255, 9, 0.89, 0.04, E, 32.4, 30.9, 3.10, 4.31, 9.57, -0.09, -0.02, -0.02
21/07/2026 15:08:44, -15846666, -47972252, 9, 0.89, 0.02, E, 32.8, 31.0, 3.10, 4.31, 9.58, -0.08, -0.02, -0.02
21/07/2026 15:09:15, -15846661, -47972246, 10, 0.78, 0.06, E, 32.8, 31.0, 3.10, 4.31, 9.58, -0.09, -0.02, -0.02
21/07/2026 15:09:45, -15846654, -47972244, 10, 0.78, 0.09, E, 32.7, 31.1, 3.10, 4.32, 9.58, -0.08, -0.02, -0.02
21/07/2026 15:10:16, -15846642, -47972246, 10, 0.89, 0.07, E, 32.6, 31.2, 3.09, 4.32, 9.58, -0.08, -0.02, -0.02
21/07/2026 15:10:47, -15846646, -47972246, 10, 0.78, 0.04, E, 32.6, 31.3, 3.10, 4.32, 9.58, -0.09, -0.02, -0.02
21/07/2026 15:11:18, -15846651, -47972249, 10, 0.89, 0.02, E, 32.6, 31.4, 3.09, 4.31, 9.58, -0.08, -0.02, -0.02
21/07/2026 15:11:48, -15846640, -47972248, 9, 0.89, 0.13, E, 32.5, 31.4, 3.10, 4.32, 9.58, -0.08, -0.02, -0.02
21/07/2026 15:12:19, -15846643, -47972249, 10, 0.90, 0.06, E, 32.4, 31.5, 3.10, 4.32, 9.59, -0.08, -0.02, -0.02
21/07/2026 15:12:50, -15846643, -47972251, 8, 0.90, 0.02, E, 32.3, 31.6, 3.09, 4.31, 9.58, -0.08, -0.02, -0.02
21/07/2026 15:13:20, -15846646, -47972250, 8, 0.90, 0.02, E, 32.3, 31.7, 3.09, 4.33, 9.58, -0.09, -0.02, -0.02
21/07/2026 15:13:51, -15846650, -47972256, 9, 0.89, 0.06, E, 32.2, 31.7, 3.09, 4.32, 9.59, -0.08, -0.02, -0.02
21/07/2026 15:14:22, -15846647, -47972258, 10, 0.90, 0.06, E, 32.1, 31.8, 3.09, 4.31, 9.58, -0.08, -0.02, -0.02
21/07/2026 15:14:53, -15846628, -47972249, 8, 0.90, 0.02, E, 32.0, 31.9, 3.10, 4.33, 9.58, -0.08, -0.02, -0.02
21/07/2026 15:15:23, -15846644, -47972242, 9, 0.90, 0.00, E, 32.4, 32.0, 3.10, 4.33, 9.57, -0.08, -0.02, -0.02
21/07/2026 15:15:54, -15846659, -47972244, 9, 0.89, 0.04, E, 32.3, 32.0, 3.10, 4.32, 9.58, -0.08, -0.02, -0.02
21/07/2026 15:16:25, -15846654, -47972244, 9, 0.90, 0.09, E, 32.2, 32.0, 3.10, 4.33, 9.60, -0.09, -0.02, -0.02
21/07/2026 15:16:55, -15846648, -47972228, 10, 0.78, 0.15, E, 32.1, 32.2, 3.09, 4.32, 9.58, -0.08, -0.02, -0.02
21/07/2026 15:17:26, -15846650, -47972208, 9, 0.89, 0.02, E, 32.0, 32.2, 3.10, 4.33, 9.58, -0.08, -0.02, -0.02
21/07/2026 15:17:57, -15846646, -47972199, 10, 0.84, 0.06, E, 32.0, 32.3, 3.10, 4.32, 9.58, -0.08, -0.02, -0.02
21/07/2026 15:18:27, -15846632, -47972202, 10, 0.78, 0.11, E, 31.9, 32.3, 3.09, 4.33, 9.58, -0.08, -0.02, -0.02
21/07/2026 15:18:58, -15846614, -47972219, 9, 0.84, 0.19, E, 31.8, 32.4, 3.09, 4.33, 9.58, -0.09, -0.02, -0.02
21/07/2026 15:19:29, -15846632, -47972231, 10, 0.89, 0.48, E, 31.7, 32.5, 3.09, 4.32, 9.58, -0.08, -0.02, -0.02
21/07/2026 15:20:00, -15846655, -47972235, 10, 0.88, 0.07, E, 31.6, 32.6, 3.10, 4.32, 9.57, -0.08, -0.02, -0.02
21/07/2026 15:20:30, -15846659, -47972232, 9, 0.89, 0.11, E, 31.5, 32.6, 3.09, 4.32, 9.58, -0.08, -0.02, -0.02
21/07/2026 15:21:01, -15846662, -47972215, 8, 1.00, 0.07, E, 31.4, 32.7, 3.09, 4.33, 9.58, -0.08, -0.02, -0.02
21/07/2026 15:21:32, -15846660, -47972222, 8, 0.95, 0.17, E, 31.3, 32.8, 3.09, 4.33, 9.60, -0.09, -0.02, -0.02
21/07/2026 15:22:02, -15846660, -47972245, 10, 0.89, 0.26, E, 31.2, 32.8, 3.09, 4.32, 9.59, -0.08, -0.02, -0.02
21/07/2026 15:22:33, -15846651, -47972241, 9, 0.84, 0.15, E, 31.1, 32.8, 3.08, 4.33, 9.58, -0.09, -0.02, -0.02
21/07/2026 15:23:04, -15846659, -47972251, 9, 0.95, 0.02, E, 31.0, 32.9, 3.09, 4.33, 9.59, -0.08, -0.02, -0.02
21/07/2026 15:23:35, -15846669, -47972248, 10, 0.84, 0.02, E, 31.5, 33.0, 3.10, 4.33, 9.59, -0.08, -0.02, -0.02
21/07/2026 15:24:05, -15846666, -47972250, 10, 0.78, 0.06, E, 31.4, 33.0, 3.09, 4.33, 9.59, -0.08, -0.02, -0.02
21/07/2026 15:24:36, -15846686, -47972246, 10, 0.84, 0.00, E, 31.3, 33.1, 3.09, 4.34, 9.58, -0.08, -0.02, -0.02
21/07/2026 15:25:07, -15846689, -47972252, 10, 0.89, 0.00, E, 31.2, 33.1, 3.09, 4.33, 9.58, -0.08, -0.02, -0.02
21/07/2026 15:25:37, -15846690, -47972248, 10, 0.90, 0.04, E, 31.1, 33.2, 3.08, 4.33, 9.57, -0.08, -0.02, -0.02
21/07/2026 15:26:08, -15846694, -47972250, 10, 0.78, 0.17, E, 31.1, 33.3, 3.09, 4.33, 9.58, -0.08, -0.02, -0.02
21/07/2026 15:26:39, -15846672, -47972250, 9, 0.90, 0.02, E, 31.0, 33.3, 3.09, 4.33, 9.57, -0.08, -0.02, -0.02
21/07/2026 15:27:09, -15846663, -47972251, 10, 0.84, 0.04, E, 30.9, 33.4, 3.09, 4.34, 9.58, -0.08, -0.02, -0.02
21/07/2026 15:27:40, -15846680, -47972246, 10, 0.94, 0.17, E, 30.8, 33.5, 3.08, 4.34, 9.59, -0.08, -0.02, -0.02
21/07/2026 15:28:11, -15846689, -47972234, 10, 0.84, 0.00, E, 30.8, 33.5, 3.09, 4.33, 9.58, -0.09, -0.02, -0.02
21/07/2026 15:28:42, -15846674, -47972232, 10, 0.84, 0.19, E, 30.7, 33.6, 3.09, 4.34, 9.58, -0.09, -0.02, -0.02
21/07/2026 15:29:12, -15846656, -47972242, 10, 0.78, 0.06, E, 30.6, 33.6, 3.08, 4.34, 9.58, -0.08, -0.02, -0.02
21/07/2026 15:29:43, -15846638, -47972241, 10, 0.97, 0.07, E, 30.6, 33.7, 3.09, 4.34, 9.58, -0.08, -0.02, -0.02
21/07/2026 15:30:14, -15846636, -47972232, 10, 0.78, 0.04, E, 30.5, 33.8, 3.09, 4.34, 9.59, -0.08, -0.02, -0.02
21/07/2026 15:30:44, -15846647, -47972232, 10, 0.78, 0.17, E, 30.4, 33.8, 3.08, 4.34, 9.59, -0.08, -0.02, -0.02
21/07/2026 15:31:15, -15846651, -47972227, 10, 0.78, 0.04, E, 30.4, 33.8, 3.08, 4.34, 9.58, -0.08, -0.02, -0.02
21/07/2026 15:31:46, -15846653, -47972242, 10, 0.93, 0.02, E, 30.3, 33.9, 3.08, 4.35, 9.58, -0.08, -0.02, -0.02
21/07/2026 15:32:17, -15846644, -47972257, 8, 0.93, 0.43, E, 30.2, 33.9, 3.12, 4.37, 9.56, -0.09, -0.02, -0.02
21/07/2026 15:32:42, -15846649, -47972261, 10, 0.78, 2.22, WSW, 30.6, 34.0, 3.05, 4.13, 9.73, -0.11, 0.02, 0.01
21/07/2026 15:32:53, -15846505, -47972198, 10, 0.84, 17.56, NNE, 30.6, 34.0, 3.83, 4.74, 9.22, -0.17, -0.10, -0.19
21/07/2026 15:33:03, -15846329, -47971651, 10, 0.84, 19.39, E, 30.5, 34.0, 3.00, 3.93, 9.96, -0.09, -0.01, -0.01
21/07/2026 15:33:14, -15846192, -47971032, 10, 0.84, 31.93, E, 30.5, 34.1, 2.76, 4.55, 9.71, -0.13, -0.01, -0.01
21/07/2026 15:33:24, -15846062, -47970262, 10, 0.84, 19.91, ENE, 30.5, 34.0, 0.29, 2.77, 11.39, 0.09, 0.22, 0.44
21/07/2026 15:33:35, -15845909, -47970670, 10, 0.84, 14.46, WNW, 30.3, 34.1, 5.30, 4.46, 8.64, -0.20, -0.29, -0.41
21/07/2026 15:33:45, -15845435, -47970753, 10, 0.84, 10.19, N, 30.2, 34.1, 2.56, 4.04, 9.44, -0.04, -0.02, -0.03
21/07/2026 15:33:56, -15844766, -47970836, 9, 0.84, 32.67, N, 30.1, 34.2, 2.43, 4.58, 9.93, -0.11, -0.01, -0.02
21/07/2026 15:34:07, -15844102, -47970923, 10, 0.84, 16.76, N, 30.1, 34.2, 2.03, 5.32, 9.45, -0.11, -0.01, -0.03
21/07/2026 15:34:17, -15843433, -47971015, 10, 0.84, 27.69, N, 30.1, 34.2, 2.93, 3.50, 10.10, -0.11, -0.04, 0.01
21/07/2026 15:34:28, -15843126, -47971167, 10, 0.84, 17.28, W, 30.1, 34.2, 2.89, 3.90, 9.91, -0.06, 0.00, 0.11
21/07/2026 15:34:38, -15843128, -47971479, 9, 0.94, 10.33, WNW, 30.0, 34.2, 4.95, 5.58, 8.57, -0.22, -0.22, -0.39
21/07/2026 15:34:49, -15842615, -47971564, 9, 0.84, 22.72, N, 30.0, 34.2, 2.62, 5.27, 8.94, -0.07, -0.01, -0.01
21/07/2026 15:35:00, -15841938, -47971655, 9, 0.84, 19.50, N, 29.9, 34.2, 2.19, 5.37, 9.20, -0.03, -0.01, 0.02
21/07/2026 15:35:11, -15841482, -47971709, 10, 0.84, 4.13, N, 29.9, 34.3, 2.04, 6.12, 8.95, -0.13, -0.06, -0.09
21/07/2026 15:35:22, -15840727, -47971744, 9, 0.84, 34.97, N, 29.9, 34.2, 3.19, 4.49, 9.48, -0.08, -0.01, -0.02
21/07/2026 15:35:32, -15840098, -47971814, 10, 0.78, 5.83, N, 29.9, 34.3, 2.97, 4.04, 9.76, -0.07, -0.01, 0.01
21/07/2026 15:35:43, -15840018, -47971985, 10, 0.78, 21.69, W, 29.9, 34.3, 2.87, 5.35, 9.19, -0.08, -0.02, 0.03
21/07/2026 15:35:54, -15840156, -47972815, 9, 0.91, 24.56, W, 29.7, 34.3, 3.16, 3.62, 9.93, -0.01, -0.03, -0.04
21/07/2026 15:36:04, -15839947, -47973039, 10, 0.94, 14.32, NW, 29.7, 34.3, 0.62, 4.47, 10.22, 0.04, 0.12, 0.30
21/07/2026 15:36:15, -15840005, -47973735, 9, 0.94, 27.50, W, 29.4, 34.3, 3.03, 4.38, 9.66, -0.10, 0.01, -0.03
21/07/2026 15:36:25, -15840001, -47974606, 8, 1.35, 37.85, W, 29.4, 34.4, 3.27, 3.89, 10.01, -0.10, -0.03, -0.04
21/07/2026 15:36:36, -15839817, -47975415, 9, 0.89, 21.72, WNW, 29.5, 34.4, 2.77, 4.66, 9.55, -0.09, -0.04, -0.04
21/07/2026 15:36:47, -15839540, -47975984, 9, 0.91, 8.19, WNW, 29.5, 34.4, 3.00, 3.44, 9.91, -0.08, -0.04, -0.01
21/07/2026 15:36:57, -15839233, -47976493, 10, 0.91, 35.58, NW, 29.5, 34.4, 3.05, 4.31, 9.60, -0.11, -0.03, -0.04
21/07/2026 15:37:28, -15838797, -47976914, 10, 1.10, 0.22, NNW, 29.4, 34.5, 3.03, 4.29, 9.60, -0.09, -0.02, -0.02
21/07/2026 15:37:51, -15838777, -47976917, 10, 0.91, 3.15, NNW, 29.3, 34.5, 3.26, 4.71, 9.15, -0.11, -0.06, -0.10
21/07/2026 15:38:02, -15838640, -47976862, 10, 0.91, 9.00, NNE, 29.3, 34.5, 1.59, 3.59, 10.38, -0.01, 0.16, 0.25
21/07/2026 15:38:12, -15838402, -47976845, 10, 1.10, 9.89, NE, 29.1, 34.6, 2.26, 3.73, 9.97, -0.04, 0.05, 0.09
21/07/2026 15:38:23, -15838184, -47976701, 10, 0.78, 3.06, ENE, 29.0, 34.6, 3.27, 3.49, 9.76, -0.08, -0.01, -0.01
21/07/2026 15:38:54, -15838156, -47976673, 9, 0.85, 0.20, ENE, 29.0, 34.6, 3.03, 4.17, 9.69, -0.09, -0.02, -0.02
21/07/2026 15:39:24, -15838149, -47976682, 10, 0.78, 0.39, ENE, 28.1, 34.6, 3.74, -1.36, 10.49, -0.27, 0.06, -0.36
21/07/2026 15:39:38, -15838129, -47976690, 10, 0.78, 3.24, ENE, 27.7, 34.6, 3.29, -0.49, 10.88, -0.16, -0.02, -0.06
21/07/2026 15:39:49, -15838149, -47976611, 10, 0.91, 3.04, ESE, 27.2, 34.6, 3.45, -0.65, 10.04, -0.00, -0.10, -0.01
21/07/2026 15:39:59, -15838182, -47976512, 9, 0.91, 3.37, E, 26.8, 34.6, 3.73, -1.22, 11.03, -0.14, 0.02, 0.01
21/07/2026 15:40:11, -15838200, -47976412, 9, 0.95, 2.35, ESE, 26.5, 34.7, 4.02, -1.05, 10.89, -0.07, 0.04, -0.00
21/07/2026 15:40:21, -15838233, -47976307, 9, 0.98, 5.82, ENE, 26.4, 34.7, -1.97, 2.56, 10.96, -0.02, 0.46, 0.62
21/07/2026 15:40:32, -15838277, -47976238, 10, 0.78, 2.13, ENE, 26.1, 34.7, 1.22, -0.71, 11.64, -0.15, 0.06, -0.08
21/07/2026 15:40:44, -15838265, -47976173, 10, 0.78, 2.39, ENE, 25.9, 34.7, 1.78, -0.51, 10.85, -0.06, -0.02, 0.54
21/07/2026 15:40:55, -15838323, -47976303, 5, 1.58, 7.13, WNW, 26.0, 34.7, 3.49, -0.27, 10.63, -0.08, -0.02, -0.02
21/07/2026 15:41:06, -15838407, -47976394, 10, 1.02, 3.72, WSW, 26.2, 34.7, 3.51, -0.24, 10.63, -0.08, -0.02, -0.02
21/07/2026 15:41:18, -15838402, -47976370, 5, 1.76, 2.04, WSW, 26.3, 34.7, 3.48, -0.22, 10.63, -0.08, -0.02, -0.02
21/07/2026 15:41:29, -15838426, -47976482, 7, 1.26, 2.35, WSW, 26.2, 34.7, 3.48, -0.23, 10.64, -0.08, -0.02, -0.02
21/07/2026 15:41:39, -15838562, -47976473, 6, 1.36, 3.98, WSW, 26.2, 34.7, 3.48, -0.23, 10.64, -0.08, -0.02, -0.02
21/07/2026 15:41:53, -15838534, -47976521, 8, 1.33, 2.54, WSW, 26.0, 34.7, 3.49, -0.22, 10.64, -0.09, -0.02, -0.02
21/07/2026 15:42:10, -15838647, -47976371, 6, 1.19, 4.35, WSW, 25.8, 34.7, 3.50, -0.23, 10.63, -0.08, -0.02, -0.02
21/07/2026 15:42:20, -15838873, -47976091, 7, 1.60, 4.65, SE, 25.7, 34.7, 3.50, -0.23, 10.64, -0.08, -0.02, -0.02
21/07/2026 15:42:31, -15838777, -47976144, 6, 3.33, 3.07, SE, 25.5, 34.7, 3.50, -0.23, 10.63, -0.08, -0.02, -0.02
21/07/2026 15:42:41, -15838812, -47975988, 6, 2.01, 4.70, ESE, 25.4, 34.7, 3.50, -0.23, 10.63, -0.08, -0.02, -0.02
21/07/2026 15:42:52, -15838873, -47975860, 6, 2.04, 3.96, ESE, 25.2, 34.7, 3.50, -0.24, 10.64, -0.08, -0.02, -0.02
21/07/2026 15:43:06, -15838667, -47976194, 7, 1.45, 2.26, ESE, 25.0, 34.7, 3.50, -0.22, 10.64, -0.09, -0.02, -0.02
21/07/2026 15:43:19, -15838501, -47976412, 8, 1.15, 2.33, ESE, 24.8, 34.7, 3.49, -0.23, 10.64, -0.08, -0.02, -0.02
21/07/2026 15:43:33, -15838424, -47976479, 8, 1.17, 2.02, ESE, 24.6, 34.7, 3.49, -0.23, 10.62, -0.08, -0.02, -0.02
21/07/2026 15:43:45, -15838378, -47976485, 9, 1.51, 2.50, ESE, 24.4, 34.7, 3.50, -0.23, 10.63, -0.09, -0.02, -0.02
21/07/2026 15:43:55, -15838526, -47976565, 6, 4.17, 2.13, ESE, 24.3, 34.7, 3.50, -0.23, 10.63, -0.08, -0.02, -0.02
21/07/2026 15:44:26, -15838339, -47976555, 9, 0.92, 0.78, ESE, 23.9, 34.7, 3.50, -0.22, 10.64, -0.08, -0.02, -0.02
21/07/2026 15:44:41, -15838352, -47976528, 8, 1.01, 2.44, ESE, 23.7, 34.7, 3.50, -0.24, 10.64, -0.09, -0.02, -0.02
21/07/2026 15:44:53, -15838334, -47976463, 7, 1.07, 2.02, ESE, 23.5, 34.7, 3.51, -0.23, 10.64, -0.08, -0.02, -0.02
21/07/2026 15:45:10, -15838344, -47976436, 6, 1.30, 2.22, ESE, 23.4, 34.7, 3.50, -0.23, 10.62, -0.08, -0.02, -0.02
21/07/2026 15:45:22, -15838310, -47976376, 8, 1.03, 2.70, ESE, 23.2, 34.7, 3.51, -0.23, 10.64, -0.09, -0.02, -0.02
21/07/2026 15:45:32, -15838350, -47976341, 6, 1.12, 2.83, ESE, 23.1, 34.7, 3.50, -0.23, 10.63, -0.08, -0.02, -0.02
21/07/2026 15:45:43, -15838179, -47976556, 6, 1.81, 7.02, NNW, 23.0, 34.6, 3.51, -0.23, 10.63, -0.08, -0.02, -0.02
21/07/2026 15:46:01, -15838080, -47976528, 7, 1.13, 2.54, NNW, 22.8, 34.7, 3.51, -0.23, 10.63, -0.09, -0.02, -0.02
21/07/2026 15:46:11, -15838073, -47976331, 8, 1.22, 5.72, NNW, 22.7, 34.6, 3.51, -0.24, 10.62, -0.08, -0.02, -0.02
21/07/2026 15:46:26, -15838192, -47976349, 7, 1.32, 2.61, NNW, 22.6, 34.7, 3.51, -0.22, 10.62, -0.08, -0.02, -0.02
21/07/2026 15:46:50, -15838183, -47976561, 8, 1.06, 2.26, NNW, 22.4, 34.6, 3.51, -0.23, 10.62, -0.08, -0.02, -0.02
21/07/2026 15:47:02, -15838305, -47976517, 8, 1.07, 2.39, NNW, 22.3, 34.6, 3.51, -0.23, 10.63, -0.08, -0.02, -0.02
21/07/2026 15:47:14, -15838345, -47976499, 8, 1.27, 2.06, NNW, 22.2, 34.5, 3.51, -0.23, 10.62, -0.08, -0.02, -0.02
21/07/2026 15:47:24, -15838244, -47976363, 5, 1.70, 7.32, NE, 22.1, 34.5, 3.51, -0.23, 10.62, -0.08, -0.02, -0.02
21/07/2026 15:47:40, -15838378, -47976626, 7, 2.75, 2.72, ENE, 22.0, 34.6, 3.51, -0.24, 10.63, -0.08, -0.02, -0.02
21/07/2026 15:47:51, -15838606, -47976938, 5, 1.52, 4.57, SE, 22.0, 34.5, 3.51, -0.23, 10.63, -0.08, -0.02, -0.02
21/07/2026 15:48:10, -15838465, -47976660, 7, 1.19, 2.09, SE, 21.8, 34.5, 3.51, -0.23, 10.62, -0.08, -0.02, -0.02
21/07/2026 15:48:28, -15838359, -47976385, 6, 2.24, 2.33, SE, 21.7, 34.5, 3.50, -0.23, 10.62, -0.08, -0.02, -0.02
21/07/2026 15:48:41, -15838338, -47976328, 7, 1.44, 2.83, SE, 21.7, 34.5, 3.51, -0.23, 10.63, -0.08, -0.02, -0.02
21/07/2026 15:48:52, -15838318, -47976399, 6, 1.22, 2.15, SE, 21.6, 34.5, 3.51, -0.22, 10.62, -0.08, -0.02, -0.02
21/07/2026 15:49:02, -15838238, -47976305, 6, 1.95, 6.44, ENE, 21.5, 34.5, 3.51, -0.23, 10.62, -0.08, -0.02, -0.02
21/07/2026 15:49:15, -15838205, -47976397, 7, 1.16, 3.04, NE, 21.5, 34.5, 3.50, -0.24, 10.63, -0.09, -0.02, -0.02
21/07/2026 15:49:26, -15838272, -47976685, 7, 1.49, 3.85, WSW, 21.5, 34.4, 3.52, -0.24, 10.63, -0.08, -0.02, -0.02
21/07/2026 15:49:36, -15838181, -47976529, 6, 2.34, 3.07, WSW, 21.4, 34.4, 3.51, -0.23, 10.61, -0.08, -0.02, -0.02
21/07/2026 15:49:47, -15838172, -47976464, 5, 1.20, 5.00, WSW, 21.4, 34.4, 3.51, -0.24, 10.64, -0.08, -0.02, -0.02
21/07/2026 15:49:57, -15838709, -47976851, 7, 2.33, 23.37, SW, 21.4, 34.4, 3.52, -0.22, 10.62, -0.08, -0.02, -0.02
21/07/2026 15:50:10, -15838976, -47977371, 7, 2.14, 9.82, SW, 21.3, 34.4, 3.51, -0.23, 10.63, -0.08, -0.02, -0.02
21/07/2026 15:50:21, -15838289, -47977070, 9, 1.18, 12.59, NNW, 21.3, 34.3, 3.52, -0.23, 10.61, -0.08, -0.02, -0.02
21/07/2026 15:50:31, -15838107, -47976856, 5, 4.48, 5.70, NNE, 21.3, 34.3, 3.51, -0.23, 10.61, -0.08, -0.02, -0.02
21/07/2026 15:50:42, -15837994, -47976707, 4, 4.44, 4.93, NNE, 21.2, 34.3, 3.51, -0.23, 10.63, -0.08, -0.02, -0.02
21/07/2026 15:50:56, -15838078, -47976565, 6, 2.16, 3.63, NNE, 21.2, 34.3, 3.50, -0.23, 10.63, -0.08, -0.02, -0.02
21/07/2026 15:51:06, -15838375, -47976649, 8, 1.84, 2.61, NNE, 21.2, 34.2, 3.53, -0.23, 10.63, -0.08, -0.02, -0.02
21/07/2026 15:51:17, -15838186, -47976467, 5, 2.32, 8.39, NE, 21.2, 34.2, 3.51, -0.23, 10.62, -0.08, -0.02, -0.02
21/07/2026 15:51:27, -15838116, -47976494, 6, 2.31, 3.74, NNE, 21.1, 34.2, 3.52, -0.23, 10.62, -0.08, -0.02, -0.02
21/07/2026 15:51:39, -15838213, -47976383, 5, 3.46, 2.28, NNE, 21.1, 34.2, 3.51, -0.23, 10.62, -0.08, -0.02, -0.02
21/07/2026 15:51:52, -15837878, -47976296, 4, 2.55, 5.93, NNE, 21.0, 34.2, 3.51, -0.23, 10.63, -0.08, -0.02, -0.02
21/07/2026 15:52:03, -15837939, -47976243, 7, 1.15, 3.67, N, 21.0, 34.2, 3.52, -0.24, 10.62, -0.08, -0.02, -0.02
21/07/2026 15:52:19, -15838108, -47976414, 6, 1.28, 2.02, N, 21.0, 34.1, 3.52, -0.23, 10.60, -0.08, -0.02, -0.02
21/07/2026 15:52:29, -15838166, -47976498, 7, 1.30, 2.72, N, 20.9, 34.2, 3.52, -0.23, 10.62, -0.08, -0.02, -0.02
21/07/2026 15:52:40, -15838248, -47976440, 5, 1.70, 3.85, N, 20.9, 34.1, 3.51, -0.24, 10.62, -0.08, -0.02, -0.02
21/07/2026 15:52:55, -15838226, -47976426, 5, 2.76, 2.39, N, 20.9, 34.1, 3.51, -0.24, 10.63, -0.08, -0.02, -0.02
21/07/2026 15:53:06, -15838219, -47976306, 6, 1.76, 2.26, N, 20.9, 34.0, 3.52, -0.22, 10.61, -0.08, -0.02, -0.02
21/07/2026 15:53:23, -15838224, -47976390, 8, 1.09, 2.26, N, 20.8, 34.1, 3.52, -0.23, 10.63, -0.08, -0.02, -0.02
21/07/2026 15:53:40, -15838172, -47976465, 6, 1.48, 2.69, N, 20.8, 34.0, 3.53, -0.23, 10.62, -0.08, -0.02, -0.02
21/07/2026 15:53:50, -15838347, -47976179, 7, 1.32, 9.26, ESE, 20.8, 34.0, 3.51, -0.23, 10.61, -0.08, -0.02, -0.02
21/07/2026 15:54:01, -15838259, -47976254, 6, 2.24, 2.00, ESE, 20.7, 34.0, 3.51, -0.23, 10.62, -0.08, -0.02, -0.02
21/07/2026 15:54:32, -15838127, -47976518, 10, 0.95, 1.72, ESE, 20.4, 33.9, 3.51, -0.22, 10.63, -0.08, -0.02, -0.02
21/07/2026 15:54:52, -15838168, -47976655, 6, 1.36, 3.72, ESE, 20.4, 33.8, 3.51, -0.23, 10.62, -0.08, -0.02, -0.02
21/07/2026 15:55:02, -15838192, -47976584, 4, 2.10, 2.83, NNW, 20.4, 33.9, 3.51, -0.24, 10.62, -0.08, -0.02, -0.02
21/07/2026 15:55:13, -15837941, -47976594, 5, 2.21, 7.67, N, 20.3, 33.8, 3.52, -0.23, 10.62, -0.08, -0.02, -0.02
21/07/2026 15:55:23, -15838298, -47976656, 5, 2.66, 3.11, N, 20.3, 33.8, 3.51, -0.24, 10.63, -0.08, -0.02, -0.02
21/07/2026 15:55:38, -15838302, -47976641, 8, 0.87, 3.02, N, 20.3, 33.8, 3.52, -0.23, 10.62, -0.08, -0.02, -0.02
21/07/2026 15:55:53, -15838314, -47976496, 6, 1.18, 2.52, N, 20.3, 33.7, 3.52, -0.23, 10.61, -0.08, -0.02, -0.02
21/07/2026 15:56:03, -15838347, -47976445, 6, 1.18, 3.02, N, 20.2, 33.7, 3.52, -0.23, 10.63, -0.08, -0.02, -0.02
21/07/2026 15:56:15, -15838371, -47976454, 5, 1.64, 3.44, N, 20.2, 33.7, 3.52, -0.23, 10.62, -0.08, -0.02, -0.02
21/07/2026 15:56:46, -15838372, -47976423, 8, 1.67, 2.28, N, 20.2, 33.7, 3.52, -0.23, 10.61, -0.08, -0.02, -0.02
21/07/2026 15:56:57, -15838281, -47976409, 5, 1.66, 3.50, N, 20.2, 33.6, 3.53, -0.23, 10.61, -0.08, -0.02, -0.02
21/07/2026 15:57:08, -15838616, -47976135, 7, 3.64, 13.41, SE, 20.2, 33.6, 3.52, -0.24, 10.62, -0.08, -0.02, -0.02
21/07/2026 15:57:18, -15839450, -47976447, 5, 1.21, 37.89, SSW, 20.2, 33.6, 3.52, -0.23, 10.61, -0.08, -0.02, -0.02
21/07/2026 15:57:29, -15841595, -47976116, 4, 6.50, 66.25, SSE, 20.2, 33.6, 3.52, -0.23, 10.61, -0.08, -0.02, -0.02
21/07/2026 15:58:35, -15837948, -47976677, 4, 1.86, 8.67, S, 20.3, 33.5, 3.52, -0.23, 10.62, -0.08, -0.02, -0.02
21/07/2026 15:58:50, -15838156, -47976884, 5, 2.68, 3.96, S, 20.3, 33.4, 3.52, -0.24, 10.61, -0.08, -0.02, -0.02
21/07/2026 15:59:01, -15838125, -47976806, 7, 0.99, 4.63, S, 20.3, 33.4, 3.53, -0.22, 10.61, -0.08, -0.02, -0.02
21/07/2026 15:59:18, -15838106, -47976588, 6, 1.41, 3.57, S, 20.3, 33.4, 3.52, -0.23, 10.62, -0.08, -0.02, -0.02
21/07/2026 15:59:36, -15838164, -47976571, 5, 1.18, 2.61, S, 20.4, 33.3, 3.52, -0.22, 10.61, -0.08, -0.02, -0.02
21/07/2026 15:59:47, -15838162, -47976520, 6, 4.14, 2.15, SE, 20.4, 33.3, 3.53, -0.22, 10.60, -0.08, -0.02, -0.02
21/07/2026 15:59:57, -15838134, -47976604, 6, 1.63, 4.37, SE, 20.4, 33.3, 3.53, -0.22, 10.63, -0.08, -0.02, -0.02
21/07/2026 16:00:08, -15838180, -47976618, 6, 4.11, 2.54, SE, 20.4, 33.2, 3.52, -0.22, 10.63, -0.08, -0.02, -0.02
21/07/2026 16:00:18, -15838195, -47976673, 5, 1.94, 2.35, SE, 20.4, 33.2, 3.53, -0.22, 10.60, -0.08, -0.02, -0.02
21/07/2026 16:00:29, -15838334, -47976667, 7, 1.33, 5.67, SE, 20.4, 33.2, 3.52, -0.22, 10.60, -0.08, -0.02, -0.02
21/07/2026 16:00:39, -15838516, -47976505, 6, 1.07, 4.87, SSE, 20.5, 33.2, 3.52, -0.23, 10.61, -0.08, -0.02, -0.02
21/07/2026 16:00:52, -15838377, -47976453, 8, 0.99, 2.17, SSE, 20.5, 33.2, 3.52, -0.24, 10.60, -0.08, -0.02, -0.02
21/07/2026 16:01:03, -15838403, -47976374, 8, 1.37, 2.13, SSE, 20.5, 33.2, 3.52, -0.23, 10.61, -0.08, -0.02, -0.02
21/07/2026 16:01:20, -15838296, -47976443, 7, 1.01, 2.06, SSE, 20.5, 33.1, 3.52, -0.23, 10.61, -0.08, -0.02, -0.02
21/07/2026 16:01:35, -15838323, -47976446, 5, 1.28, 2.59, SSE, 20.5, 33.1, 3.52, -0.23, 10.60, -0.08, -0.02, -0.02
21/07/2026 16:01:46, -15838225, -47976408, 7, 1.00, 4.43, SSE, 20.5, 33.1, 3.52, -0.23, 10.61, -0.08, -0.02, -0.02
21/07/2026 16:01:56, -15838243, -47976489, 7, 1.21, 2.04, SSE, 20.5, 33.0, 3.52, -0.23, 10.60, -0.08, -0.02, -0.02
21/07/2026 16:02:07, -15838276, -47976631, 10, 0.81, 2.39, SSE, 20.5, 33.0, 3.52, -0.23, 10.61, -0.08, -0.02, -0.02
21/07/2026 16:02:17, -15838325, -47976589, 7, 1.04, 3.41, SSE, 20.5, 33.0, 3.52, -0.23, 10.62, -0.08, -0.02, -0.02
21/07/2026 16:02:28, -15838318, -47976547, 7, 1.62, 2.82, SSE, 20.5, 33.0, 3.53, -0.23, 10.61, -0.08, -0.02, -0.02
21/07/2026 16:02:41, -15838247, -47976529, 8, 1.18, 2.91, SSE, 20.6, 33.0, 3.52, -0.22, 10.61, -0.08, -0.02, -0.02
21/07/2026 16:02:51, -15838230, -47976520, 6, 1.59, 2.59, SSE, 20.6, 33.0, 3.52, -0.23, 10.60, -0.08, -0.02, -0.02
21/07/2026 16:03:02, -15838295, -47976511, 6, 1.46, 2.22, SSE, 20.6, 33.0, 3.52, -0.23, 10.61, -0.08, -0.02, -0.02
21/07/2026 16:03:12, -15838528, -47976613, 5, 1.46, 7.37, SSW, 20.2, 32.9, 3.53, -0.22, 10.62, -0.08, -0.02, -0.02
21/07/2026 16:03:23, -15838468, -47976536, 8, 1.95, 3.35, SSW, 20.3, 32.9, 3.52, -0.22, 10.60, -0.08, -0.02, -0.02
21/07/2026 16:03:33, -15838426, -47976358, 6, 7.50, 3.54, SE, 20.3, 32.9, 3.53, -0.23, 10.61, -0.08, -0.02, -0.02
21/07/2026 16:03:44, -15838573, -47976143, 5, 1.08, 7.09, ESE, 20.3, 32.8, 3.52, -0.22, 10.60, -0.08, -0.02, -0.02
21/07/2026 16:03:54, -15838376, -47976176, 5, 1.25, 3.13, ESE, 20.3, 32.8, 3.53, -0.22, 10.63, -0.08, -0.02, -0.02
21/07/2026 16:04:05, -15838218, -47976112, 7, 1.05, 5.33, ESE, 20.3, 32.8, 3.52, -0.23, 10.61, -0.08, -0.02, -0.02
21/07/2026 16:04:16, -15837986, -47976005, 5, 1.75, 7.57, ENE, 20.3, 32.8, 3.53, -0.23, 10.61, -0.08, -0.02, -0.02
21/07/2026 16:04:26, -15837717, -47975917, 6, 3.71, 9.28, NNE, 20.3, 32.8, 3.52, -0.23, 10.61, -0.08, -0.02, -0.02
21/07/2026 16:04:37, -15838062, -47976270, 5, 1.89, 4.44, NNE, 20.3, 32.7, 3.53, -0.22, 10.59, -0.08, -0.02, -0.02
21/07/2026 16:04:47, -15838196, -47976399, 4, 1.98, 2.24, NW, 20.3, 32.8, 3.52, -0.23, 10.61, -0.08, -0.02, -0.02
21/07/2026 16:04:58, -15838070, -47976439, 5, 2.42, 6.06, NW, 20.3, 32.8, 3.53, -0.22, 10.60, -0.08, -0.02, -0.02
21/07/2026 16:05:08, -15837888, -47977255, 8, 1.57, 24.91, WNW, 20.3, 32.7, 3.53, -0.23, 10.61, -0.08, -0.02, -0.02
21/07/2026 16:05:19, -15837170, -47977904, 8, 1.33, 31.74, NW, 20.3, 32.7, 3.53, -0.22, 10.59, -0.08, -0.02, -0.02
21/07/2026 16:05:30, -15836970, -47978036, 4, 1.95, 7.98, NNW, 20.3, 32.7, 3.53, -0.23, 10.61, -0.08, -0.02, -0.02
21/07/2026 16:05:40, -15837375, -47977438, 6, 1.64, 8.52, NE, 20.3, 32.6, 3.52, -0.22, 10.60, -0.08, -0.02, -0.02
21/07/2026 16:05:51, -15837628, -47976727, 10, 1.32, 8.50, E, 20.3, 32.6, 3.52, -0.21, 10.60, -0.08, -0.02, -0.02
21/07/2026 16:06:01, -15837864, -47976554, 7, 1.38, 3.13, E, 20.3, 32.6, 3.52, -0.23, 10.61, -0.08, -0.02, -0.02
21/07/2026 16:06:12, -15838046, -47976418, 10, 1.21, 4.06, E, 20.3, 32.6, 3.54, -0.23, 10.62, -0.08, -0.02, -0.02
21/07/2026 16:06:27, -15838267, -47976541, 8, 1.65, 2.11, E, 20.3, 32.5, 3.53, -0.23, 10.62, -0.08, -0.02, -0.02
21/07/2026 16:06:39, -15838327, -47976553, 6, 1.38, 2.15, N, 20.3, 32.5, 3.53, -0.22, 10.61, -0.08, -0.02, -0.02
21/07/2026 16:07:00, -15838321, -47976514, 6, 1.22, 2.09, N, 20.4, 32.5, 3.53, -0.23, 10.61, -0.08, -0.02, -0.02
21/07/2026 16:07:17, -15838395, -47976448, 8, 0.94, 2.13, N, 20.4, 32.5, 3.52, -0.22, 10.60, -0.08, -0.02, -0.02
21/07/2026 16:07:28, -15838333, -47976567, 5, 2.20, 6.76, NW, 20.4, 32.4, 3.53, -0.22, 10.61, -0.08, -0.02, -0.02
21/07/2026 16:07:38, -15838457, -47976312, 6, 2.20, 5.61, S, 20.4, 32.4, 3.53, -0.23, 10.60, -0.08, -0.02, -0.02
21/07/2026 16:07:56, -15838423, -47976415, 8, 1.32, 2.20, SE, 20.5, 32.4, 3.52, -0.23, 10.60, -0.08, -0.02, -0.02
21/07/2026 16:08:14, -15838406, -47976506, 8, 1.32, 3.00, SE, 20.5, 32.3, 3.53, -0.22, 10.60, -0.08, -0.02, -0.02
21/07/2026 16:08:37, -15838366, -47976572, 6, 1.48, 2.76, SE, 20.5, 32.3, 3.54, -0.23, 10.62, -0.08, -0.02, -0.02
21/07/2026 16:08:51, -15838349, -47976545, 7, 1.34, 2.00, SE, 20.6, 32.3, 3.53, -0.22, 10.61, -0.08, -0.02, -0.02
21/07/2026 16:09:03, -15838333, -47976507, 6, 1.48, 2.52, SE, 20.6, 32.2, 3.53, -0.22, 10.60, -0.08, -0.02, -0.02
21/07/2026 16:09:13, -15838295, -47976489, 8, 1.18, 3.54, SE, 20.6, 32.2, 3.54, -0.23, 10.60, -0.08, -0.02, -0.02
21/07/2026 16:09:31, -15838257, -47976656, 6, 1.35, 2.28, SE, 20.6, 32.2, 3.53, -0.22, 10.61, -0.08, -0.02, -0.02
21/07/2026 16:09:41, -15838189, -47976740, 5, 1.40, 2.48, SE, 20.7, 32.2, 3.53, -0.22, 10.60, -0.08, -0.02, -0.02
21/07/2026 16:10:04, -15838220, -47976854, 9, 1.27, 2.46, SE, 20.7, 32.2, 3.54, -0.22, 10.60, -0.08, -0.02, -0.02
21/07/2026 16:10:18, -15838213, -47976762, 5, 1.27, 2.06, SE, 20.7, 32.2, 3.53, -0.22, 10.61, -0.08, -0.02, -0.02
21/07/2026 16:10:29, -15838241, -47976693, 5, 1.85, 2.67, SE, 20.8, 32.1, 3.53, -0.22, 10.59, -0.08, -0.02, -0.02
21/07/2026 16:10:43, -15838270, -47976605, 6, 1.27, 2.61, SE, 20.8, 32.1, 3.53, -0.22, 10.60, -0.08, -0.02, -0.02
21/07/2026 16:10:54, -15838329, -47976582, 8, 0.95, 2.74, SE, 20.8, 32.0, 3.53, -0.22, 10.59, -0.08, -0.02, -0.02
21/07/2026 16:11:08, -15838329, -47976559, 9, 0.91, 2.91, SE, 20.8, 32.0, 3.54, -0.22, 10.60, -0.08, -0.02, -0.02
21/07/2026 16:11:18, -15838066, -47976328, 7, 1.64, 11.13, NE, 20.8, 32.0, 3.54, -0.22, 10.60, -0.08, -0.02, -0.02
21/07/2026 16:11:29, -15838117, -47976353, 8, 1.95, 2.19, NE, 20.8, 32.0, 3.53, -0.22, 10.60, -0.08, -0.02, -0.02
21/07/2026 16:11:39, -15838354, -47976448, 6, 1.86, 3.02, NE, 20.8, 32.0, 3.53, -0.23, 10.60, -0.08, -0.02, -0.02
21/07/2026 16:11:50, -15838538, -47976492, 6, 3.06, 3.85, NE, 20.6, 31.9, 3.54, -0.22, 10.59, -0.08, -0.02, -0.02
21/07/2026 16:12:17, -15838488, -47976639, 7, 1.17, 2.33, NE, 20.6, 31.9, 3.53, -0.22, 10.60, -0.08, -0.02, -0.02
21/07/2026 16:12:30, -15838389, -47976595, 8, 1.30, 2.04, NE, 20.6, 31.9, 3.54, -0.22, 10.61, -0.08, -0.02, -0.02
21/07/2026 16:12:58, -15838469, -47976507, 8, 1.40, 2.32, NE, 20.6, 31.9, 3.53, -0.22, 10.59, -0.08, -0.02, -0.02
21/07/2026 16:13:29, -15838412, -47976536, 8, 1.34, 0.83, NE, 20.6, 31.8, 3.52, -0.22, 10.61, -0.08, -0.02, -0.02
21/07/2026 16:13:40, -15838359, -47976532, 5, 2.34, 3.67, NE, 20.7, 31.8, 3.53, -0.22, 10.60, -0.08, -0.02, -0.02
21/07/2026 16:13:58, -15838841, -47976472, 4, 4.51, 5.30, NE, 20.7, 31.8, 3.53, -0.23, 10.59, -0.08, -0.02, -0.02
21/07/2026 16:14:13, -15839016, -47976696, 7, 1.86, 2.59, NE, 20.7, 31.8, 3.54, -0.22, 10.61, -0.08, -0.02, -0.02
21/07/2026 16:14:24, -15838582, -47976557, 7, 1.86, 5.22, NNE, 20.7, 31.7, 3.54, -0.21, 10.60, -0.08, -0.02, -0.02
21/07/2026 16:14:35, -15838380, -47976540, 8, 1.18, 5.52, NNE, 20.7, 31.7, 3.54, -0.21, 10.60, -0.08, -0.02, -0.02
21/07/2026 16:14:49, -15838233, -47976699, 7, 2.35, 2.93, NNE, 20.7, 31.7, 3.53, -0.21, 10.59, -0.08, -0.02, -0.02
21/07/2026 16:15:00, -15838480, -47977163, 6, 1.78, 4.93, NNE, 20.7, 31.7, 3.53, -0.21, 10.61, -0.08, -0.02, -0.02
21/07/2026 16:15:14, -15838407, -47976945, 8, 1.45, 3.57, NNE, 20.7, 31.6, 3.53, -0.22, 10.60, -0.08, -0.02, -0.02
21/07/2026 16:15:24, -15838594, -47976909, 4, 1.62, 2.20, NNE, 20.7, 31.6, 3.53, -0.23, 10.60, -0.08, -0.02, -0.02
21/07/2026 16:15:37, -15838703, -47976964, 8, 0.92, 3.32, NNW, 20.7, 31.6, 3.54, -0.22, 10.60, -0.08, -0.02, -0.02
21/07/2026 16:15:48, -15838747, -47976799, 8, 1.12, 2.43, E, 20.7, 31.6, 3.53, -0.21, 10.61, -0.08, -0.02, -0.02
21/07/2026 16:15:58, -15838911, -47976864, 7, 1.14, 2.07, E, 20.7, 31.6, 3.54, -0.21, 10.60, -0.08, -0.02, -0.02
21/07/2026 16:16:09, -15838993, -47976860, 6, 1.14, 2.26, E, 20.7, 31.6, 3.53, -0.22, 10.60, -0.08, -0.02, -0.02
21/07/2026 16:16:19, -15839209, -47976796, 8, 1.10, 3.67, E, 20.8, 31.6, 3.55, -0.22, 10.59, -0.08, -0.02, -0.02
21/07/2026 16:16:30, -15839136, -47976777, 8, 1.25, 2.30, E, 20.8, 31.6, 3.54, -0.23, 10.60, -0.08, -0.02, -0.02
21/07/2026 16:16:40, -15838892, -47977021, 5, 1.79, 11.13, WNW, 20.8, 31.5, 3.54, -0.21, 10.61, -0.08, -0.02, -0.02
21/07/2026 16:16:51, -15838396, -47976799, 7, 1.14, 4.35, NW, 20.8, 31.5, 3.54, -0.21, 10.60, -0.08, -0.02, -0.02
21/07/2026 16:17:01, -15838272, -47976543, 4, 1.40, 6.78, ENE, 20.8, 31.5, 3.54, -0.22, 10.60, -0.08, -0.02, -0.02
21/07/2026 16:17:12, -15838348, -47976461, 4, 1.32, 5.50, ENE, 20.8, 31.5, 3.53, -0.21, 10.60, -0.08, -0.02, -0.02
21/07/2026 16:17:23, -15838450, -47976453, 6, 1.62, 5.04, ENE, 20.9, 31.4, 3.53, -0.22, 10.59, -0.08, -0.02, -0.02
21/07/2026 16:17:33, -15838435, -47976250, 4, 12.04, 8.80, ENE, 20.9, 31.5, 3.54, -0.21, 10.60, -0.08, -0.02, -0.02
21/07/2026 16:17:44, -15838701, -47975926, 4, 1.48, 8.15, ESE, 20.9, 31.5, 3.54, -0.22, 10.61, -0.08, -0.02, -0.02
21/07/2026 16:17:54, -15838558, -47976103, 6, 1.09, 2.67, SE, 20.9, 31.4, 3.54, -0.21, 10.60, -0.08, -0.02, -0.02
21/07/2026 16:18:05, -15838431, -47976182, 6, 7.26, 3.69, SE, 20.9, 31.4, 3.53, -0.21, 10.60, -0.08, -0.02, -0.02
21/07/2026 16:18:16, -15838491, -47976284, 7, 7.38, 4.20, SE, 20.9, 31.4, 3.54, -0.22, 10.59, -0.08, -0.02, -0.02
21/07/2026 16:18:35, -15838375, -47976389, 7, 1.07, 2.63, SE, 21.0, 31.4, 3.53, -0.22, 10.59, -0.08, -0.02, -0.02
21/07/2026 16:18:53, -15838348, -47976444, 7, 1.37, 3.00, SE, 21.0, 31.4, 3.54, -0.21, 10.60, -0.08, -0.02, -0.02
21/07/2026 16:19:04, -15838346, -47976446, 9, 0.93, 3.11, SE, 21.0, 31.3, 3.53, -0.22, 10.61, -0.08, -0.02, -0.02
21/07/2026 16:19:15, -15838357, -47976582, 9, 1.19, 6.17, W, 21.0, 31.3, 3.53, -0.22, 10.59, -0.08, -0.02, -0.02
21/07/2026 16:19:33, -15838375, -47976457, 7, 1.26, 2.15, W, 21.1, 31.3, 3.54, -0.21, 10.59, -0.08, -0.02, -0.02
21/07/2026 16:19:43, -15838340, -47976386, 6, 1.28, 4.87, SE, 21.1, 31.3, 3.53, -0.21, 10.60, -0.08, -0.02, -0.02
21/07/2026 16:19:54, -15838386, -47976404, 7, 1.17, 2.02, SE, 21.2, 31.2, 3.54, -0.23, 10.60, -0.08, -0.02, -0.02
21/07/2026 16:20:08, -15838314, -47976457, 10, 1.13, 2.65, SE, 21.2, 31.2, 3.53, -0.23, 10.59, -0.08, -0.02, -0.02
21/07/2026 16:20:21, -15838362, -47976344, 9, 0.94, 2.24, SE, 21.2, 31.2, 3.53, -0.22, 10.60, -0.08, -0.02, -0.02
21/07/2026 16:20:31, -15838425, -47976266, 9, 0.94, 4.41, SE, 21.2, 31.2, 3.53, -0.22, 10.59, -0.08, -0.02, -0.02
21/07/2026 16:20:42, -15838521, -47976170, 9, 1.06, 4.98, ESE, 21.2, 31.2, 3.53, -0.22, 10.58, -0.08, -0.02, -0.02
21/07/2026 16:20:53, -15838583, -47976136, 7, 1.62, 4.06, ESE, 21.2, 31.2, 3.53, -0.21, 10.61, -0.08, -0.02, -0.02
21/07/2026 16:21:03, -15838501, -47976293, 7, 1.36, 2.46, ESE, 21.3, 31.1, 3.53, -0.22, 10.60, -0.08, -0.02, -0.02
21/07/2026 16:21:17, -15838392, -47976464, 7, 1.04, 2.91, ESE, 21.3, 31.1, 3.53, -0.22, 10.61, -0.08, -0.02, -0.02
21/07/2026 16:21:27, -15838225, -47976631, 6, 1.51, 6.96, NNW, 21.3, 31.1, 3.53, -0.21, 10.59, -0.08, -0.02, -0.02
21/07/2026 16:21:40, -15838107, -47976875, 5, 1.14, 6.93, WNW, 21.3, 31.1, 3.53, -0.21, 10.60, -0.08, -0.02, -0.02
21/07/2026 16:21:51, -15838257, -47976781, 10, 0.94, 4.74, SW, 21.3, 31.1, 3.53, -0.22, 10.60, -0.08, -0.02, -0.02
21/07/2026 16:22:01, -15838360, -47976623, 7, 0.97, 7.74, ESE, 21.3, 31.1, 3.54, -0.21, 10.58, -0.08, -0.02, -0.02
21/07/2026 16:22:13, -15838352, -47976620, 6, 1.10, 2.04, ESE, 21.4, 31.0, 3.54, -0.21, 10.59, -0.08, -0.02, -0.02
21/07/2026 16:22:23, -15838360, -47976513, 9, 0.98, 2.46, ESE, 21.4, 31.1, 3.54, -0.21, 10.58, -0.08, -0.02, -0.02
21/07/2026 16:22:34, -15838470, -47976390, 7, 1.42, 3.96, SE, 21.4, 31.1, 3.54, -0.22, 10.59, -0.08, -0.02, -0.02
21/07/2026 16:22:46, -15838510, -47976427, 7, 1.02, 3.39, SE, 21.4, 31.0, 3.54, -0.23, 10.60, -0.08, -0.02, -0.02
21/07/2026 16:22:56, -15838594, -47976380, 7, 1.16, 2.72, SE, 21.4, 31.0, 3.53, -0.22, 10.60, -0.08, -0.02, -0.02
21/07/2026 16:23:07, -15838495, -47976559, 7, 1.67, 4.09, SE, 21.4, 31.0, 3.53, -0.22, 10.59, -0.08, -0.02, -0.02
21/07/2026 16:23:17, -15838122, -47977057, 7, 1.65, 14.17, WNW, 21.4, 31.0, 3.54, -0.22, 10.60, -0.08, -0.02, -0.02
21/07/2026 16:23:28, -15838350, -47976621, 7, 1.02, 4.20, NW, 21.1, 30.9, 3.54, -0.23, 10.61, -0.08, -0.02, -0.02
21/07/2026 16:23:45, -15838392, -47976540, 7, 0.97, 2.09, NW, 21.4, 31.0, 3.53, -0.22, 10.59, -0.08, -0.02, -0.02
21/07/2026 16:24:00, -15838371, -47976539, 7, 1.24, 2.07, NW, 21.1, 30.9, 3.54, -0.22, 10.59, -0.08, -0.02, -0.02
21/07/2026 16:24:11, -15838409, -47976625, 9, 0.93, 2.17, NW, 21.1, 30.9, 3.53, -0.21, 10.59, -0.08, -0.02, -0.02
21/07/2026 16:24:22, -15838355, -47976673, 8, 1.06, 3.41, NW, 21.1, 30.9, 3.54, -0.21, 10.60, -0.08, -0.02, -0.02
21/07/2026 16:24:32, -15838327, -47976558, 9, 0.93, 7.91, ENE, 21.1, 30.9, 3.54, -0.21, 10.60, -0.08, -0.02, -0.02
21/07/2026 16:24:43, -15838407, -47976247, 9, 1.82, 9.69, E, 21.2, 30.9, 3.53, -0.21, 10.59, -0.08, -0.02, -0.02
21/07/2026 16:24:53, -15838376, -47976423, 8, 1.01, 2.09, E, 21.2, 30.9, 3.54, -0.22, 10.59, -0.08, -0.02, -0.02
21/07/2026 16:25:04, -15838488, -47976350, 8, 1.27, 2.15, ESE, 21.2, 30.8, 3.53, -0.22, 10.59, -0.08, -0.02, -0.02
21/07/2026 16:25:32, -15838445, -47976510, 9, 0.95, 2.37, ESE, 21.2, 30.8, 3.55, -0.21, 10.60, -0.08, -0.02, -0.02
21/07/2026 16:25:45, -15838473, -47976482, 8, 1.28, 2.00, ESE, 21.2, 30.8, 3.54, -0.21, 10.62, -0.08, -0.02, -0.02
21/07/2026 16:25:59, -15838470, -47976462, 8, 1.31, 2.32, ESE, 21.2, 30.7, 3.54, -0.22, 10.60, -0.08, -0.02, -0.02
21/07/2026 16:26:09, -15838522, -47976444, 7, 1.14, 2.46, ESE, 21.2, 30.8, 3.54, -0.21, 10.59, -0.08, -0.02, -0.02
21/07/2026 16:26:38, -15838548, -47976440, 9, 0.86, 2.26, ESE, 21.2, 30.7, 3.54, -0.22, 10.60, -0.08, -0.02, -0.02
21/07/2026 16:26:50, -15838535, -47976453, 9, 0.86, 2.09, ESE, 21.2, 30.7, 3.54, -0.22, 10.59, -0.08, -0.02, -0.02
21/07/2026 16:27:20, -15838442, -47976441, 10, 0.89, 2.15, ESE, 21.3, 30.7, 3.55, -0.22, 10.59, -0.08, -0.02, -0.02
21/07/2026 16:27:30, -15838465, -47976290, 8, 1.03, 5.57, ESE, 21.3, 30.7, 3.55, -0.22, 10.59, -0.08, -0.02, -0.02
21/07/2026 16:27:41, -15838727, -47976119, 8, 1.13, 9.26, SE, 21.3, 30.6, 3.54, -0.22, 10.59, -0.08, -0.02, -0.02
21/07/2026 16:27:55, -15838677, -47976225, 8, 1.28, 2.82, SE, 21.4, 30.7, 3.54, -0.22, 10.58, -0.08, -0.02, -0.02
21/07/2026 16:28:05, -15838627, -47976232, 8, 1.15, 3.87, ESE, 21.4, 30.6, 3.54, -0.22, 10.59, -0.08, -0.02, -0.02
21/07/2026 16:28:16, -15838513, -47976381, 9, 0.92, 2.76, ESE, 21.4, 30.6, 3.54, -0.22, 10.59, -0.08, -0.02, -0.02
21/07/2026 16:28:26, -15838411, -47976432, 7, 1.04, 2.74, ESE, 21.4, 30.6, 3.54, -0.20, 10.61, -0.08, -0.02, -0.02
21/07/2026 16:28:57, -15838362, -47976604, 8, 1.04, 0.93, ESE, 21.5, 30.5, 3.54, -0.22, 10.59, -0.08, -0.02, -0.02
21/07/2026 16:29:12, -15838394, -47976544, 7, 1.17, 2.80, ESE, 21.5, 30.6, 3.54, -0.22, 10.58, -0.08, -0.02, -0.02
21/07/2026 16:29:38, -15838318, -47976571, 9, 0.91, 2.09, ESE, 21.5, 30.5, 3.54, -0.21, 10.60, -0.08, -0.02, -0.02
21/07/2026 16:30:08, -15838308, -47976591, 9, 1.05, 2.37, ESE, 21.6, 30.5, 3.54, -0.20, 10.60, -0.08, -0.02, -0.02
21/07/2026 16:30:20, -15838301, -47976534, 8, 0.97, 2.26, ESE, 21.6, 30.5, 3.55, -0.21, 10.58, -0.08, -0.02, -0.02
21/07/2026 16:30:31, -15838275, -47976573, 6, 1.33, 2.28, ESE, 21.7, 30.5, 3.54, -0.21, 10.59, -0.08, -0.02, -0.02
21/07/2026 16:30:50, -15838307, -47976640, 8, 1.33, 2.00, ESE, 21.7, 30.4, 3.54, -0.22, 10.59, -0.08, -0.02, -0.02
21/07/2026 16:31:03, -15838304, -47976485, 8, 1.02, 2.00, ESE, 21.7, 30.4, 3.54, -0.22, 10.59, -0.08, -0.02, -0.02
21/07/2026 16:31:13, -15838280, -47976461, 8, 0.98, 5.00, E, 21.7, 30.4, 3.54, -0.21, 10.58, -0.08, -0.02, -0.02
21/07/2026 16:31:32, -15838252, -47976547, 10, 0.94, 2.04, E, 21.8, 30.4, 3.54, -0.21, 10.59, -0.08, -0.02, -0.02
21/07/2026 16:31:56, -15838269, -47976524, 9, 0.92, 2.89, E, 21.8, 30.4, 3.54, -0.21, 10.60, -0.08, -0.02, -0.02
21/07/2026 16:32:23, -15838270, -47976548, 6, 1.03, 2.06, E, 21.9, 30.3, 3.54, -0.20, 10.59, -0.08, -0.02, -0.02
21/07/2026 16:32:53, -15838250, -47976529, 7, 1.23, 0.50, E, 21.9, 30.3, 3.54, -0.21, 10.60, -0.08, -0.02, -0.02
21/07/2026 16:33:05, -15838243, -47976533, 6, 1.76, 2.22, E, 21.9, 30.2, 3.55, -0.22, 10.61, -0.08, -0.02, -0.02
21/07/2026 16:33:16, -15838267, -47976586, 7, 2.23, 4.28, E, 21.9, 30.2, 3.54, -0.21, 10.58, -0.08, -0.02, -0.02
21/07/2026 16:33:26, -15838298, -47976468, 7, 4.71, 4.67, E, 21.9, 30.2, 3.55, -0.22, 10.60, -0.08, -0.02, -0.02
21/07/2026 16:33:37, -15838386, -47976454, 7, 1.73, 7.32, ESE, 21.9, 30.2, 3.55, -0.22, 10.59, -0.08, -0.02, -0.02
21/07/2026 16:33:47, -15838326, -47976465, 6, 1.77, 2.19, ESE, 21.9, 30.2, 3.53, -0.21, 10.59, -0.08, -0.02, -0.02
21/07/2026 16:33:58, -15838250, -47976467, 6, 1.44, 3.69, ESE, 22.0, 30.2, 3.54, -0.22, 10.58, -0.08, -0.02, -0.02
21/07/2026 16:34:08, -15838274, -47976422, 6, 1.31, 2.46, ESE, 22.0, 30.2, 3.53, -0.21, 10.60, -0.08, -0.02, -0.02
21/07/2026 16:34:19, -15838304, -47976407, 7, 1.72, 2.82, ESE, 22.0, 30.2, 3.55, -0.21, 10.59, -0.08, -0.02, -0.02
21/07/2026 16:34:29, -15838531, -47976311, 9, 1.37, 6.98, SE, 22.0, 30.2, 3.54, -0.21, 10.59, -0.08, -0.02, -0.02
21/07/2026 16:34:40, -15838563, -47976287, 9, 1.14, 4.46, SE, 22.0, 30.1, 3.54, -0.21, 10.60, -0.08, -0.02, -0.02
21/07/2026 16:34:50, -15838615, -47976322, 10, 1.17, 3.15, SE, 22.0, 30.1, 3.55, -0.21, 10.59, -0.08, -0.02, -0.02
21/07/2026 16:35:01, -15838731, -47976327, 8, 1.03, 4.11, SE, 22.0, 30.1, 3.54, -0.21, 10.59, -0.08, -0.02, -0.02
21/07/2026 16:35:13, -15838777, -47976323, 6, 1.39, 2.04, SE, 22.0, 30.1, 3.54, -0.21, 10.61, -0.08, -0.02, -0.02
21/07/2026 16:35:23, -15838785, -47976362, 5, 2.53, 6.02, SE, 22.0, 30.1, 3.53, -0.22, 10.58, -0.08, -0.02, -0.02
21/07/2026 16:35:34, -15838228, -47976407, 6, 2.01, 18.28, N, 22.0, 30.1, 3.55, -0.20, 10.59, -0.08, -0.02, -0.02
21/07/2026 16:35:44, -15838314, -47976638, 6, 4.21, 3.32, NNW, 22.0, 30.1, 3.55, -0.21, 10.59, -0.08, -0.02, -0.02
21/07/2026 16:35:55, -15838671, -47976429, 4, 2.52, 8.35, SSE, 22.0, 30.1, 3.54, -0.21, 10.58, -0.08, -0.02, -0.02
21/07/2026 16:36:06, -15838556, -47976254, 7, 2.11, 3.80, SSE, 22.0, 30.1, 3.54, -0.21, 10.59, -0.08, -0.02, -0.02
21/07/2026 16:36:16, -15838527, -47976024, 7, 1.79, 7.35, ESE, 22.0, 30.1, 3.54, -0.22, 10.60, -0.08, -0.02, -0.02
21/07/2026 16:36:28, -15838406, -47976156, 6, 1.30, 2.04, ESE, 22.0, 30.0, 3.54, -0.21, 10.58, -0.08, -0.02, -0.02
21/07/2026 16:36:38, -15838287, -47976282, 5, 1.67, 2.76, ESE, 22.0, 30.0, 3.54, -0.21, 10.60, -0.08, -0.02, -0.02
21/07/2026 16:36:49, -15838219, -47976337, 5, 1.67, 3.94, ESE, 22.1, 30.0, 3.56, -0.21, 10.59, -0.08, -0.02, -0.02
21/07/2026 16:36:59, -15838385, -47976284, 7, 1.35, 2.63, ESE, 22.1, 30.0, 3.55, -0.22, 10.59, -0.08, -0.02, -0.02
21/07/2026 16:37:10, -15838470, -47976223, 8, 1.35, 5.30, ESE, 22.1, 30.0, 3.55, -0.21, 10.59, -0.08, -0.02, -0.02
21/07/2026 16:37:20, -15838393, -47976200, 7, 1.22, 2.96, ESE, 22.1, 30.0, 3.55, -0.22, 10.58, -0.08, -0.02, -0.02
21/07/2026 16:37:32, -15838397, -47976308, 6, 1.76, 2.19, ESE, 22.1, 30.0, 3.55, -0.21, 10.58, -0.08, -0.02, -0.02
21/07/2026 16:37:44, -15838313, -47976331, 7, 1.49, 2.48, NW, 22.1, 30.0, 3.54, -0.22, 10.58, -0.08, -0.02, -0.02
21/07/2026 16:37:54, -15838286, -47976539, 7, 1.34, 2.26, NW, 21.9, 29.9, 3.54, -0.21, 10.58, -0.08, -0.02, -0.02
21/07/2026 16:38:07, -15838358, -47976490, 6, 1.48, 2.65, NW, 21.9, 29.9, 3.55, -0.21, 10.59, -0.08, -0.02, -0.02
21/07/2026 16:38:22, -15838318, -47976498, 8, 1.11, 2.48, NE, 21.9, 29.9, 3.54, -0.22, 10.59, -0.08, -0.02, -0.02
21/07/2026 16:38:33, -15838347, -47976431, 8, 1.30, 2.09, NE, 21.9, 29.9, 3.53, -0.21, 10.59, -0.08, -0.02, -0.02
21/07/2026 16:38:44, -15838474, -47976285, 9, 0.89, 2.89, NE, 21.9, 29.9, 3.55, -0.22, 10.60, -0.08, -0.02, -0.02
21/07/2026 16:38:54, -15838507, -47976228, 8, 1.33, 2.11, NE, 22.0, 29.9, 3.54, -0.22, 10.58, -0.08, -0.02, -0.02
21/07/2026 16:39:11, -15838461, -47976324, 9, 1.11, 2.50, NE, 22.0, 29.9, 3.55, -0.22, 10.59, -0.08, -0.02, -0.02
21/07/2026 16:39:22, -15838450, -47976310, 6, 1.29, 4.07, NE, 22.0, 29.9, 3.54, -0.22, 10.58, -0.08, -0.02, -0.02
21/07/2026 16:39:32, -15838469, -47976279, 8, 1.07, 2.91, NE, 22.0, 29.8, 3.54, -0.21, 10.60, -0.08, -0.02, -0.02
21/07/2026 16:39:44, -15838498, -47976308, 8, 1.12, 2.96, NE, 22.0, 29.8, 3.54, -0.22, 10.60, -0.08, -0.02, -0.02
21/07/2026 16:40:01, -15838458, -47976415, 9, 1.33, 2.06, NE, 22.1, 29.8, 3.54, -0.21, 10.58, -0.08, -0.02, -0.02
21/07/2026 16:40:14, -15838418, -47976389, 7, 1.20, 2.07, NE, 22.1, 29.8, 3.55, -0.21, 10.58, -0.08, -0.02, -0.02
21/07/2026 16:40:43, -15838365, -47976492, 9, 0.94, 2.13, NE, 22.2, 29.8, 3.54, -0.22, 10.59, -0.08, -0.02, -0.02
21/07/2026 16:40:53, -15838393, -47976288, 7, 1.43, 7.02, E, 22.2, 29.8, 3.55, -0.22, 10.60, -0.08, -0.02, -0.02
21/07/2026 16:41:04, -15838428, -47975996, 7, 1.74, 6.04, ESE, 22.2, 29.7, 3.55, -0.21, 10.59, -0.08, -0.02, -0.02
21/07/2026 16:41:23, -15838331, -47976214, 7, 1.17, 3.91, E, 22.2, 29.7, 3.54, -0.21, 10.58, -0.08, -0.02, -0.02
21/07/2026 16:41:33, -15838306, -47976138, 6, 1.39, 2.65, ESE, 22.3, 29.7, 3.54, -0.21, 10.60, -0.08, -0.02, -0.02
21/07/2026 16:41:44, -15838130, -47976365, 7, 1.23, 11.39, NW, 22.3, 29.7, 3.53, -0.21, 10.59, -0.08, -0.02, -0.02
21/07/2026 16:41:54, -15837763, -47977166, 7, 1.18, 24.96, WNW, 22.3, 29.7, 3.54, -0.21, 10.59, -0.08, -0.02, -0.02
21/07/2026 16:42:05, -15837521, -47977777, 8, 1.27, 13.33, WNW, 22.3, 29.7, 3.55, -0.21, 10.59, -0.08, -0.02, -0.02
21/07/2026 16:42:16, -15837735, -47977411, 9, 1.04, 2.87, WNW, 22.3, 29.7, 3.54, -0.21, 10.59, -0.08, -0.02, -0.02
21/07/2026 16:42:26, -15837948, -47976970, 7, 1.16, 2.70, E, 22.3, 29.7, 3.55, -0.20, 10.59, -0.08, -0.02, -0.02
21/07/2026 16:42:38, -15838022, -47976839, 8, 1.21, 2.28, E, 22.4, 29.6, 3.54, -0.21, 10.59, -0.08, -0.02, -0.02
21/07/2026 16:42:48, -15838086, -47976703, 8, 1.21, 3.43, ESE, 22.4, 29.6, 3.54, -0.21, 10.60, -0.08, -0.02, -0.02
21/07/2026 16:43:00, -15838121, -47976648, 9, 1.30, 2.28, ESE, 22.4, 29.6, 3.55, -0.21, 10.58, -0.08, -0.02, -0.02
21/07/2026 16:43:30, -15838227, -47976553, 9, 1.20, 0.56, ESE, 22.4, 29.6, 3.55, -0.21, 10.59, -0.08, -0.02, -0.02
21/07/2026 16:43:41, -15838269, -47976484, 8, 1.05, 2.04, ESE, 22.4, 29.6, 3.54, -0.20, 10.57, -0.08, -0.02, -0.02
21/07/2026 16:43:57, -15838258, -47976501, 6, 1.42, 2.00, ESE, 22.4, 29.6, 3.56, -0.21, 10.58, -0.08, -0.02, -0.02
21/07/2026 16:44:07, -15838272, -47976446, 8, 1.20, 3.98, ESE, 22.5, 29.6, 3.55, -0.21, 10.58, -0.08, -0.02, -0.02
21/07/2026 16:44:22, -15838295, -47976365, 8, 1.20, 2.13, ESE, 22.5, 29.6, 3.54, -0.21, 10.57, -0.08, -0.02, -0.02
21/07/2026 16:44:33, -15838240, -47976449, 5, 2.88, 5.15, ESE, 22.5, 29.6, 3.55, -0.20, 10.58, -0.08, -0.02, -0.02
21/07/2026 16:44:50, -15838130, -47976695, 6, 1.37, 2.13, WNW, 22.5, 29.6, 3.54, -0.21, 10.58, -0.08, -0.02, -0.02
21/07/2026 16:45:09, -15838213, -47976646, 4, 1.82, 2.20, WNW, 22.5, 29.5, 3.55, -0.22, 10.58, -0.08, -0.02, -0.02
21/07/2026 16:45:20, -15838304, -47976479, 5, 1.28, 2.28, WNW, 22.5, 29.5, 3.55, -0.20, 10.58, -0.08, -0.02, -0.02
21/07/2026 16:45:31, -15838275, -47976521, 4, 1.81, 4.24, WNW, 22.5, 29.5, 3.55, -0.20, 10.58, -0.08, -0.02, -0.02
21/07/2026 16:45:41, -15838223, -47976626, 6, 1.40, 5.24, WNW, 22.5, 29.5, 3.55, -0.21, 10.60, -0.08, -0.02, -0.02
21/07/2026 16:45:52, -15838042, -47976912, 6, 8.68, 11.87, WNW, 22.5, 29.5, 3.55, -0.20, 10.57, -0.08, -0.02, -0.02
21/07/2026 16:46:02, -15838135, -47976689, 7, 1.06, 2.78, NW, 22.5, 29.5, 3.55, -0.21, 10.59, -0.08, -0.02, -0.02
21/07/2026 16:46:13, -15838255, -47976456, 7, 1.18, 4.85, ESE, 22.5, 29.5, 3.55, -0.21, 10.59, -0.08, -0.02, -0.02
21/07/2026 16:46:31, -15838320, -47976475, 8, 0.89, 2.39, ESE, 22.5, 29.5, 3.55, -0.22, 10.60, -0.08, -0.02, -0.02
21/07/2026 16:46:55, -15838366, -47976430, 8, 1.05, 2.19, SE, 22.5, 29.5, 3.55, -0.22, 10.59, -0.08, -0.02, -0.02
21/07/2026 16:47:13, -15838318, -47976473, 6, 1.34, 2.35, SE, 22.5, 29.4, 3.55, -0.21, 10.60, -0.08, -0.02, -0.02
21/07/2026 16:47:25, -15838372, -47976463, 6, 7.93, 2.89, SE, 22.6, 29.4, 3.54, -0.21, 10.58, -0.08, -0.02, -0.02
21/07/2026 16:47:35, -15838365, -47976515, 4, 3.88, 2.80, SE, 22.6, 29.4, 3.54, -0.21, 10.58, -0.08, -0.02, -0.02
21/07/2026 16:47:45, -15838684, -47976399, 5, 7.49, 11.35, SSE, 22.6, 29.4, 3.54, -0.20, 10.58, -0.08, -0.02, -0.02
21/07/2026 16:47:56, -15838211, -47976129, 5, 2.36, 6.46, NE, 22.6, 29.4, 3.55, -0.22, 10.59, -0.08, -0.02, -0.02
21/07/2026 16:48:11, -15838091, -47976073, 5, 2.35, 2.85, NE, 22.6, 29.4, 3.55, -0.21, 10.59, -0.08, -0.02, -0.02
21/07/2026 16:48:24, -15838143, -47976072, 7, 2.37, 2.43, ENE, 22.6, 29.4, 3.55, -0.22, 10.58, -0.08, -0.02, -0.02
21/07/2026 16:48:35, -15838102, -47975982, 6, 1.66, 2.52, ENE, 22.7, 29.4, 3.55, -0.21, 10.58, -0.08, -0.02, -0.02
21/07/2026 16:48:56, -15838342, -47976374, 7, 1.67, 2.02, ENE, 22.7, 29.3, 3.55, -0.20, 10.58, -0.08, -0.02, -0.02
21/07/2026 16:49:07, -15838343, -47976469, 6, 1.20, 2.96, ENE, 22.7, 29.4, 3.54, -0.20, 10.58, -0.08, -0.02, -0.02
21/07/2026 16:49:17, -15838321, -47976511, 6, 1.26, 3.20, ENE, 22.7, 29.3, 3.53, -0.22, 10.59, -0.08, -0.02, -0.02
21/07/2026 16:49:28, -15838288, -47976508, 5, 1.47, 3.46, ENE, 22.7, 29.3, 3.55, -0.21, 10.59, -0.08, -0.02, -0.02
21/07/2026 16:49:38, -15838186, -47976583, 4, 2.40, 2.06, ENE, 22.8, 29.3, 3.54, -0.21, 10.57, -0.08, -0.02, -0.02
21/07/2026 16:49:56, -15838243, -47976719, 5, 1.77, 2.02, ENE, 22.8, 29.3, 3.55, -0.21, 10.59, -0.08, -0.02, -0.02
21/07/2026 16:50:07, -15838380, -47976680, 6, 1.18, 2.00, ENE, 22.8, 29.3, 3.55, -0.20, 10.59, -0.08, -0.02, -0.02
21/07/2026 16:50:17, -15838566, -47976682, 6, 1.18, 3.04, ENE, 22.8, 29.3, 3.55, -0.21, 10.59, -0.08, -0.02, -0.02
21/07/2026 16:50:28, -15838598, -47976591, 6, 1.18, 3.07, ENE, 22.9, 29.3, 3.55, -0.21, 10.59, -0.08, -0.02, -0.02
21/07/2026 16:50:46, -15838641, -47976531, 6, 1.48, 2.24, ENE, 22.9, 29.2, 3.55, -0.20, 10.59, -0.08, -0.02, -0.02
21/07/2026 16:51:00, -15838604, -47976537, 5, 1.43, 3.59, ENE, 22.9, 29.2, 3.55, -0.21, 10.59, -0.08, -0.02, -0.02
21/07/2026 16:51:11, -15838546, -47976563, 6, 1.32, 2.32, ENE, 23.0, 29.2, 3.54, -0.21, 10.59, -0.08, -0.02, -0.02
21/07/2026 16:51:21, -15838397, -47976549, 6, 1.13, 2.78, ENE, 23.0, 29.2, 3.54, -0.20, 10.58, -0.08, -0.02, -0.02
21/07/2026 16:51:36, -15838319, -47976578, 8, 1.11, 2.48, ENE, 23.0, 29.2, 3.54, -0.20, 10.60, -0.08, -0.02, -0.02
21/07/2026 16:51:47, -15838335, -47976520, 7, 1.13, 3.15, ENE, 23.0, 29.2, 3.55, -0.21, 10.60, -0.08, -0.02, -0.02
21/07/2026 16:52:11, -15838395, -47976613, 7, 1.04, 2.48, ENE, 23.1, 29.2, 3.55, -0.20, 10.58, -0.08, -0.02, -0.02
21/07/2026 16:52:21, -15838426, -47976642, 8, 1.04, 3.15, ENE, 23.1, 29.1, 3.54, -0.20, 10.58, -0.08, -0.02, -0.02
21/07/2026 16:52:32, -15838477, -47976539, 6, 1.24, 2.41, SE, 23.1, 29.1, 3.54, -0.20, 10.59, -0.08, -0.02, -0.02
21/07/2026 16:52:43, -15838386, -47976668, 5, 2.11, 3.93, SE, 23.1, 29.1, 3.55, -0.20, 10.60, -0.08, -0.02, -0.02
21/07/2026 16:52:59, -15838504, -47976447, 6, 1.35, 2.54, SE, 23.2, 29.1, 3.54, -0.21, 10.59, -0.08, -0.02, -0.02
21/07/2026 16:53:10, -15838234, -47976340, 8, 1.50, 5.52, NNE, 23.2, 29.1, 3.55, -0.22, 10.60, -0.08, -0.02, -0.02
21/07/2026 16:53:30, -15838342, -47976302, 5, 2.10, 2.52, NNE, 23.2, 29.1, 3.54, -0.20, 10.58, -0.08, -0.02, -0.02
21/07/2026 16:53:41, -15838242, -47976360, 7, 1.04, 2.80, NNE, 23.2, 29.1, 3.54, -0.21, 10.58, -0.08, -0.02, -0.02
21/07/2026 16:53:56, -15838141, -47976419, 7, 1.18, 2.33, NNE, 23.2, 29.1, 3.55, -0.20, 10.59, -0.08, -0.02, -0.02
21/07/2026 16:54:07, -15838126, -47976397, 7, 1.04, 2.15, NNE, 23.2, 29.1, 3.56, -0.21, 10.58, -0.08, -0.02, -0.02
21/07/2026 16:54:30, -15838181, -47976406, 6, 1.46, 2.13, NNE, 23.3, 29.0, 3.56, -0.20, 10.58, -0.08, -0.02, -0.02
21/07/2026 16:54:42, -15838164, -47976447, 7, 1.04, 2.13, NNE, 23.3, 29.0, 3.54, -0.21, 10.58, -0.08, -0.02, -0.02
21/07/2026 16:55:06, -15838072, -47976474, 6, 1.08, 2.65, NNE, 23.3, 29.0, 3.55, -0.20, 10.59, -0.08, -0.02, -0.02
21/07/2026 16:55:31, -15838134, -47976564, 9, 1.01, 2.17, NNE, 23.3, 29.0, 3.54, -0.21, 10.57, -0.08, -0.02, -0.02
21/07/2026 16:55:53, -15838175, -47976579, 7, 0.99, 2.65, NNE, 23.3, 29.0, 3.55, -0.21, 10.58, -0.08, -0.02, -0.02
21/07/2026 16:56:03, -15838270, -47976630, 9, 0.89, 5.28, NNE, 23.3, 29.0, 3.54, -0.21, 10.59, -0.08, -0.02, -0.02
21/07/2026 16:56:14, -15838175, -47976634, 5, 1.29, 2.59, NNE, 23.0, 28.9, 3.54, -0.21, 10.56, -0.08, -0.02, -0.02
21/07/2026 16:56:24, -15838125, -47976461, 7, 1.03, 5.22, NE, 23.0, 28.9, 3.55, -0.20, 10.59, -0.08, -0.02, -0.02
21/07/2026 16:56:35, -15838185, -47976478, 8, 1.22, 2.30, NE, 23.0, 28.9, 3.55, -0.21, 10.58, -0.08, -0.02, -0.02
21/07/2026 16:56:46, -15838223, -47976504, 7, 1.21, 2.07, NE, 23.3, 29.0, 3.54, -0.20, 10.58, -0.08, -0.02, -0.02
21/07/2026 16:56:57, -15838342, -47976469, 7, 1.21, 2.56, NE, 23.3, 29.0, 3.54, -0.21, 10.58, -0.08, -0.02, -0.02
21/07/2026 16:57:07, -15838364, -47976479, 7, 1.28, 2.52, NE, 23.0, 28.9, 3.55, -0.20, 10.59, -0.08, -0.02, -0.02
21/07/2026 16:57:19, -15838277, -47976481, 8, 1.01, 2.50, NE, 23.0, 28.9, 3.54, -0.21, 10.59, -0.08, -0.02, -0.02
21/07/2026 16:57:30, -15838219, -47976588, 5, 1.70, 3.15, NE, 23.0, 28.9, 3.54, -0.20, 10.59, -0.08, -0.02, -0.02
21/07/2026 16:57:41, -15838214, -47976585, 6, 1.11, 2.30, NE, 23.0, 28.9, 3.55, -0.21, 10.58, -0.08, -0.02, -0.02
21/07/2026 16:57:58, -15838185, -47976607, 7, 1.11, 2.06, NE, 23.0, 28.9, 3.56, -0.21, 10.57, -0.08, -0.02, -0.02
21/07/2026 16:58:08, -15838195, -47976547, 6, 1.39, 2.32, NE, 23.0, 28.9, 3.55, -0.21, 10.57, -0.08, -0.02, -0.02
21/07/2026 16:58:20, -15838150, -47976642, 5, 1.39, 3.41, NE, 23.0, 28.9, 3.54, -0.21, 10.58, -0.08, -0.02, -0.02
21/07/2026 16:58:31, -15838036, -47976738, 6, 1.91, 4.33, NW, 23.1, 28.9, 3.54, -0.21, 10.59, -0.08, -0.02, -0.02
21/07/2026 16:58:43, -15838047, -47976733, 8, 1.03, 3.11, NW, 23.1, 28.9, 3.55, -0.20, 10.58, -0.08, -0.02, -0.02
21/07/2026 16:59:06, -15838306, -47976682, 7, 1.03, 2.63, SSE, 23.1, 28.9, 3.54, -0.21, 10.59, -0.08, -0.02, -0.02
21/07/2026 16:59:19, -15838226, -47976622, 7, 1.39, 2.04, SSE, 23.1, 28.8, 3.55, -0.20, 10.57, -0.08, -0.02, -0.02
21/07/2026 16:59:45, -15838372, -47976540, 8, 0.97, 2.98, SSE, 23.1, 28.8, 3.55, -0.20, 10.58, -0.08, -0.02, -0.02
21/07/2026 16:59:55, -15838271, -47976639, 3, 4.60, 5.52, SSE, 23.2, 28.8, 3.55, -0.21, 10.59, -0.08, -0.02, -0.02
21/07/2026 17:00:08, -15838224, -47976605, 5, 1.62, 2.04, SSE, 23.2, 28.8, 3.56, -0.20, 10.58, -0.08, -0.02, -0.02
21/07/2026 17:00:18, -15838249, -47976489, 6, 4.75, 4.37, SSE, 23.2, 28.8, 3.55, -0.21, 10.59, -0.08, -0.02, -0.02
21/07/2026 17:00:33, -15838177, -47976668, 6, 1.26, 2.37, ESE, 23.2, 28.8, 3.56, -0.21, 10.57, -0.08, -0.02, -0.02
21/07/2026 17:00:45, -15838227, -47976560, 7, 1.26, 2.24, ESE, 23.2, 28.8, 3.55, -0.20, 10.57, -0.08, -0.02, -0.02
21/07/2026 17:00:58, -15838233, -47976592, 6, 1.86, 2.83, ESE, 23.2, 28.8, 3.55, -0.21, 10.58, -0.08, -0.02, -0.02
21/07/2026 17:01:09, -15838285, -47976519, 6, 1.22, 3.59, ESE, 23.3, 28.8, 3.55, -0.21, 10.58, -0.08, -0.02, -0.02
21/07/2026 17:01:21, -15838302, -47976475, 8, 1.16, 3.13, ESE, 23.3, 28.8, 3.55, -0.22, 10.56, -0.08, -0.02, -0.02
21/07/2026 17:01:39, -15838297, -47976439, 7, 1.17, 2.52, ESE, 23.3, 28.8, 3.55, -0.20, 10.57, -0.08, -0.02, -0.02
21/07/2026 17:02:04, -15838243, -47976428, 7, 1.32, 2.11, ESE, 23.4, 28.7, 3.55, -0.21, 10.59, -0.08, -0.02, -0.02
21/07/2026 17:02:14, -15838210, -47976568, 5, 2.20, 2.32, ESE, 23.4, 28.7, 3.54, -0.22, 10.58, -0.08, -0.02, -0.02
21/07/2026 17:02:32, -15838230, -47976633, 8, 1.85, 2.11, ESE, 23.4, 28.7, 3.56, -0.22, 10.58, -0.08, -0.02, -0.02
21/07/2026 17:02:43, -15838084, -47976729, 7, 1.18, 2.82, ESE, 23.4, 28.7, 3.55, -0.21, 10.59, -0.08, -0.02, -0.02
21/07/2026 17:02:56, -15837958, -47976827, 5, 1.25, 2.63, ESE, 23.5, 28.7, 3.54, -0.21, 10.58, -0.08, -0.02, -0.02
21/07/2026 17:03:20, -15838182, -47976879, 6, 1.61, 2.89, ESE, 23.5, 28.7, 3.54, -0.22, 10.59, -0.08, -0.02, -0.02
21/07/2026 17:03:30, -15838173, -47976856, 7, 1.29, 2.44, ESE, 23.5, 28.7, 3.55, -0.21, 10.58, -0.08, -0.02, -0.02
21/07/2026 17:03:43, -15838263, -47976772, 6, 1.17, 2.04, ESE, 23.6, 28.7, 3.54, -0.21, 10.58, -0.08, -0.02, -0.02
21/07/2026 17:04:13, -15838320, -47976676, 7, 1.09, 1.67, ESE, 23.6, 28.7, 3.54, -0.21, 10.58, -0.08, -0.02, -0.02
21/07/2026 17:04:24, -15838201, -47976550, 7, 1.32, 2.56, ESE, 23.6, 28.7, 3.55, -0.21, 10.57, -0.08, -0.02, -0.02
21/07/2026 17:04:34, -15838241, -47976430, 8, 1.02, 2.04, ESE, 23.6, 28.6, 3.55, -0.20, 10.58, -0.08, -0.02, -0.02
21/07/2026 17:04:47, -15838308, -47976355, 7, 1.37, 2.17, ESE, 23.7, 28.6, 3.54, -0.20, 10.57, -0.08, -0.02, -0.02
21/07/2026 17:04:59, -15838399, -47976350, 6, 1.09, 2.50, ESE, 23.7, 28.6, 3.55, -0.20, 10.60, -0.08, -0.02, -0.02
21/07/2026 17:05:10, -15838407, -47976373, 7, 1.17, 4.30, ESE, 23.7, 28.6, 3.54, -0.20, 10.59, -0.08, -0.02, -0.02
21/07/2026 17:05:22, -15838459, -47976379, 5, 1.30, 2.46, NW, 23.7, 28.6, 3.55, -0.20, 10.58, -0.08, -0.02, -0.02
21/07/2026 17:05:32, -15838449, -47976227, 5, 1.30, 7.67, E, 23.7, 28.6, 3.55, -0.20, 10.58, -0.08, -0.02, -0.02
21/07/2026 17:05:43, -15838356, -47976277, 6, 1.30, 3.35, E, 23.7, 28.6, 3.54, -0.21, 10.58, -0.08, -0.02, -0.02
21/07/2026 17:06:03, -15838321, -47976476, 7, 1.06, 2.46, N, 23.7, 28.6, 3.54, -0.20, 10.57, -0.08, -0.02, -0.02
21/07/2026 17:06:15, -15838293, -47976518, 7, 1.06, 2.35, N, 23.7, 28.6, 3.54, -0.20, 10.56, -0.08, -0.02, -0.02
21/07/2026 17:06:26, -15838235, -47976561, 6, 1.23, 2.24, N, 23.7, 28.6, 3.54, -0.19, 10.59, -0.08, -0.02, -0.02
21/07/2026 17:06:36, -15838010, -47976592, 7, 1.65, 6.74, N, 23.7, 28.6, 3.55, -0.20, 10.59, -0.08, -0.02, -0.02
21/07/2026 17:06:47, -15837990, -47976500, 5, 4.15, 3.65, N, 23.7, 28.6, 3.55, -0.21, 10.59, -0.08, -0.02, -0.02
21/07/2026 17:06:57, -15838290, -47976546, 7, 1.60, 5.09, N, 23.7, 28.6, 3.55, -0.20, 10.57, -0.08, -0.02, -0.02
21/07/2026 17:07:11, -15838564, -47976496, 7, 1.15, 2.85, N, 23.7, 28.6, 3.55, -0.21, 10.59, -0.08, -0.02, -0.02
21/07/2026 17:07:23, -15838675, -47976486, 4, 5.03, 5.89, N, 23.7, 28.5, 3.55, -0.20, 10.58, -0.08, -0.02, -0.02
21/07/2026 17:07:33, -15838723, -47976588, 6, 1.33, 2.59, N, 23.7, 28.5, 3.54, -0.21, 10.58, -0.08, -0.02, -0.02
21/07/2026 17:07:44, -15838613, -47976628, 7, 1.24, 2.72, N, 23.8, 28.5, 3.55, -0.20, 10.58, -0.08, -0.02, -0.02
21/07/2026 17:07:59, -15838528, -47976803, 7, 1.22, 2.96, N, 23.7, 28.5, 3.55, -0.21, 10.58, -0.08, -0.02, -0.02
21/07/2026 17:08:09, -15838461, -47976942, 5, 1.30, 2.44, N, 23.7, 28.5, 3.55, -0.21, 10.57, -0.08, -0.02, -0.02
21/07/2026 17:08:21, -15838398, -47977017, 6, 1.30, 2.85, N, 23.7, 28.5, 3.53, -0.21, 10.58, -0.08, -0.02, -0.02
21/07/2026 17:08:40, -15838359, -47977010, 7, 1.16, 3.09, N, 23.8, 28.5, 3.55, -0.21, 10.57, -0.08, -0.02, -0.02
21/07/2026 17:08:50, -15838210, -47977073, 5, 12.07, 5.39, N, 23.8, 28.5, 3.55, -0.20, 10.58, -0.08, -0.02, -0.02
21/07/2026 17:09:09, -15838152, -47976755, 4, 1.92, 2.50, N, 23.8, 28.5, 3.54, -0.20, 10.58, -0.08, -0.02, -0.02
21/07/2026 17:09:20, -15838181, -47976616, 5, 1.84, 2.91, N, 23.8, 28.5, 3.54, -0.21, 10.58, -0.08, -0.02, -0.02
21/07/2026 17:09:32, -15838215, -47976501, 6, 1.84, 2.63, N, 23.8, 28.5, 3.55, -0.20, 10.60, -0.08, -0.02, -0.02
21/07/2026 17:10:03, -15838197, -47976494, 7, 1.32, 1.74, N, 23.8, 28.5, 3.55, -0.21, 10.59, -0.08, -0.02, -0.02
21/07/2026 17:10:33, -15838120, -47976555, 8, 1.14, 1.89, N, 23.9, 28.5, 3.55, -0.21, 10.59, -0.08, -0.02, -0.02
21/07/2026 17:10:44, -15838250, -47976492, 7, 1.07, 5.57, N, 23.9, 28.4, 3.55, -0.21, 10.59, -0.08, -0.02, -0.02
21/07/2026 17:10:55, -15838216, -47976504, 7, 1.37, 3.00, N, 23.9, 28.4, 3.54, -0.21, 10.57, -0.08, -0.02, -0.02
21/07/2026 17:11:05, -15838199, -47976479, 8, 1.37, 2.37, N, 23.9, 28.4, 3.54, -0.20, 10.58, -0.08, -0.02, -0.02
21/07/2026 17:11:19, -15838253, -47976460, 8, 1.06, 2.06, N, 24.0, 28.4, 3.54, -0.21, 10.58, -0.08, -0.02, -0.02
21/07/2026 17:11:29, -15838254, -47976325, 5, 3.13, 3.06, E, 24.0, 28.4, 3.55, -0.20, 10.59, -0.08, -0.02, -0.02
21/07/2026 17:11:40, -15838222, -47976365, 6, 1.70, 3.98, E, 24.0, 28.4, 3.55, -0.21, 10.58, -0.08, -0.02, -0.02
21/07/2026 17:11:52, -15838267, -47976360, 9, 1.25, 2.19, E, 24.0, 28.4, 3.55, -0.21, 10.56, -0.08, -0.02, -0.02
21/07/2026 17:12:22, -15838255, -47976503, 6, 1.19, 7.39, NNW, 24.1, 28.4, 3.56, -0.21, 10.58, -0.08, -0.02, -0.02
21/07/2026 17:12:37, -15838413, -47976449, 7, 1.32, 2.06, NW, 24.1, 28.4, 3.55, -0.20, 10.58, -0.08, -0.02, -0.02
21/07/2026 17:12:49, -15838400, -47976551, 6, 1.32, 2.76, NW, 24.1, 28.3, 3.53, -0.16, 10.59, -0.08, -0.02, -0.02
21/07/2026 17:13:20, -15838398, -47976457, 7, 1.16, 1.83, NW, 24.2, 28.3, 3.53, -0.16, 10.59, -0.08, -0.02, -0.02
21/07/2026 17:13:51, -15838379, -47976455, 8, 1.13, 0.57, NW, 24.2, 28.4, 3.53, -0.16, 10.59, -0.08, -0.02, -0.02
21/07/2026 17:14:21, -15838305, -47976452, 7, 1.00, 1.28, NW, 24.3, 28.3, 3.53, -0.16, 10.59, -0.08, -0.02, -0.02
21/07/2026 17:14:36, -15838251, -47976447, 7, 1.00, 2.56, NW, 24.3, 28.3, 3.53, -0.16, 10.59, -0.08, -0.02, -0.02
21/07/2026 17:14:54, -15838238, -47976480, 8, 0.97, 2.59, NW, 24.3, 28.3, 3.54, -0.17, 10.58, -0.08, -0.02, -0.02
21/07/2026 17:15:18, -15838265, -47976418, 8, 1.04, 2.11, NW, 24.3, 28.3, 3.53, -0.17, 10.58, -0.08, -0.02, -0.02
21/07/2026 17:15:37, -15838275, -47976438, 6, 1.18, 2.43, NW, 24.3, 28.3, 3.54, -0.15, 10.59, -0.08, -0.02, -0.02
21/07/2026 17:16:02, -15838296, -47976463, 7, 1.12, 2.20, NW, 24.4, 28.2, 3.53, -0.15, 10.58, -0.08, -0.02, -0.02
21/07/2026 17:16:32, -15838315, -47976437, 6, 1.33, 1.07, NW, 24.4, 28.2, 3.52, -0.17, 10.59, -0.08, -0.02, -0.02
21/07/2026 17:16:46, -15838330, -47976406, 8, 1.06, 3.30, NW, 24.4, 28.2, 3.53, -0.15, 10.59, -0.08, -0.02, -0.02
21/07/2026 17:16:57, -15838369, -47976351, 8, 1.00, 2.20, NW, 24.4, 28.3, 3.53, -0.16, 10.59, -0.08, -0.02, -0.02
21/07/2026 17:17:08, -15838375, -47976371, 8, 0.96, 2.37, NW, 24.4, 28.2, 3.52, -0.16, 10.59, -0.08, -0.02, -0.02
21/07/2026 17:17:39, -15838458, -47976350, 7, 1.10, 0.19, SE, 24.4, 28.2, 3.54, -0.16, 10.59, -0.08, -0.02, -0.02
21/07/2026 17:18:09, -15838353, -47976415, 9, 0.92, 0.28, SE, 24.4, 28.2, 3.54, -0.16, 10.58, -0.08, -0.02, -0.02
21/07/2026 17:18:26, -15838323, -47976438, 6, 5.71, 2.28, SE, 24.4, 28.2, 3.53, -0.16, 10.58, -0.08, -0.02, -0.02
21/07/2026 17:18:39, -15838343, -47976460, 4, 2.30, 2.43, SE, 24.4, 28.2, 3.53, -0.16, 10.58, -0.08, -0.02, -0.02
21/07/2026 17:18:50, -15838399, -47976434, 4, 5.36, 2.46, SE, 24.4, 28.2, 3.53, -0.17, 10.59, -0.08, -0.02, -0.02
21/07/2026 17:19:01, -15838209, -47976691, 4, 3.82, 3.20, SE, 24.4, 28.2, 3.53, -0.16, 10.59, -0.08, -0.02, -0.02
21/07/2026 17:19:14, -15838179, -47976745, 6, 1.61, 2.32, SE, 24.4, 28.2, 3.54, -0.15, 10.60, -0.08, -0.02, -0.02
21/07/2026 17:19:24, -15838296, -47976783, 4, 2.21, 3.17, SE, 24.4, 28.2, 3.53, -0.17, 10.59, -0.08, -0.02, -0.02
21/07/2026 17:19:35, -15838273, -47976990, 5, 2.16, 3.09, S, 24.4, 28.2, 3.53, -0.16, 10.58, -0.08, -0.02, -0.02
21/07/2026 17:19:45, -15838547, -47976727, 6, 1.74, 5.61, S, 24.4, 28.2, 3.53, -0.17, 10.59, -0.08, -0.02, -0.02
21/07/2026 17:19:56, -15838513, -47976609, 8, 1.53, 4.98, SSE, 24.4, 28.2, 3.54, -0.16, 10.59, -0.08, -0.02, -0.02
21/07/2026 17:20:06, -15838190, -47976555, 5, 5.71, 3.78, SSE, 24.4, 28.2, 3.53, -0.16, 10.59, -0.08, -0.02, -0.02
21/07/2026 17:20:17, -15838317, -47976287, 7, 5.13, 7.11, SE, 24.4, 28.2, 3.52, -0.16, 10.59, -0.08, -0.02, -0.02
21/07/2026 17:20:31, -15838203, -47976449, 7, 1.28, 2.57, SE, 24.4, 28.2, 3.53, -0.16, 10.59, -0.08, -0.02, -0.02
21/07/2026 17:20:42, -15838252, -47976423, 5, 1.39, 2.15, SE, 24.5, 28.2, 3.53, -0.16, 10.60, -0.08, -0.02, -0.02
21/07/2026 17:20:53, -15838316, -47976386, 4, 1.42, 2.02, SE, 24.5, 28.2, 3.52, -0.16, 10.57, -0.08, -0.02, -0.02
21/07/2026 17:21:23, -15838323, -47976422, 7, 1.16, 1.50, SE, 24.5, 28.1, 3.53, -0.16, 10.58, -0.08, -0.02, -0.02
21/07/2026 17:21:49, -15838382, -47976506, 7, 1.11, 2.48, SE, 24.5, 28.1, 3.53, -0.16, 10.59, -0.08, -0.02, -0.02
21/07/2026 17:21:59, -15838471, -47976486, 8, 1.05, 2.26, SE, 24.6, 28.1, 3.54, -0.16, 10.58, -0.08, -0.02, -0.02
21/07/2026 17:22:13, -15838483, -47976558, 7, 1.14, 2.06, SE, 24.6, 28.2, 3.53, -0.16, 10.59, -0.08, -0.02, -0.02
21/07/2026 17:22:35, -15838422, -47976562, 9, 1.01, 2.07, SE, 24.6, 28.1, 3.54, -0.16, 10.58, -0.08, -0.02, -0.02
21/07/2026 17:22:46, -15838354, -47976585, 8, 1.26, 2.06, SE, 24.6, 28.1, 3.53, -0.16, 10.58, -0.08, -0.02, -0.02
21/07/2026 17:23:03, -15838307, -47976636, 8, 1.05, 2.11, SE, 24.6, 28.1, 3.52, -0.16, 10.58, -0.08, -0.02, -0.02
21/07/2026 17:23:27, -15838273, -47976596, 6, 1.17, 2.89, SE, 24.7, 28.1, 3.53, -0.16, 10.58, -0.08, -0.02, -0.02
21/07/2026 17:23:37, -15838328, -47976550, 7, 1.03, 2.07, SE, 24.7, 28.1, 3.54, -0.16, 10.59, -0.08, -0.02, -0.02
21/07/2026 17:23:51, -15838321, -47976537, 8, 1.03, 2.30, SE, 24.7, 28.1, 3.53, -0.16, 10.57, -0.08, -0.02, -0.02
21/07/2026 17:24:22, -15838346, -47976559, 8, 0.96, 2.46, SE, 24.7, 28.1, 3.52, -0.16, 10.58, -0.08, -0.02, -0.02
21/07/2026 17:24:44, -15838329, -47976583, 8, 1.04, 2.67, SE, 24.8, 28.0, 3.53, -0.17, 10.58, -0.08, -0.02, -0.02
21/07/2026 17:24:55, -15838340, -47976523, 8, 1.03, 2.30, SE, 24.8, 28.0, 3.52, -0.16, 10.60, -0.08, -0.02, -0.02
21/07/2026 17:25:09, -15838410, -47976523, 8, 0.98, 2.54, SE, 24.8, 28.0, 3.53, -0.16, 10.59, -0.08, -0.02, -0.02
21/07/2026 17:25:20, -15838407, -47976498, 8, 0.97, 2.91, SE, 24.8, 28.0, 3.53, -0.16, 10.58, -0.08, -0.02, -0.02
21/07/2026 17:25:37, -15838395, -47976557, 7, 1.16, 3.13, SSW, 24.8, 28.0, 3.52, -0.17, 10.60, -0.08, -0.02, -0.02
21/07/2026 17:25:55, -15838381, -47976615, 8, 1.25, 2.00, SSW, 24.8, 28.0, 3.52, -0.17, 10.59, -0.08, -0.02, -0.02
21/07/2026 17:26:05, -15838341, -47976578, 6, 1.25, 3.52, SSW, 24.8, 28.0, 3.53, -0.17, 10.59, -0.08, -0.02, -0.02
21/07/2026 17:26:16, -15838342, -47976516, 7, 1.29, 2.80, SSW, 24.8, 28.0, 3.55, -0.16, 10.58, -0.08, -0.02, -0.02
21/07/2026 17:26:36, -15838303, -47976411, 8, 1.04, 2.02, SSW, 24.8, 28.0, 3.52, -0.16, 10.59, -0.08, -0.02, -0.02
21/07/2026 17:27:06, -15838374, -47976341, 8, 0.95, 0.78, SSW, 24.8, 28.0, 3.54, -0.16, 10.59, -0.08, -0.02, -0.02
21/07/2026 17:27:17, -15838422, -47976374, 8, 1.08, 2.78, SSW, 24.8, 28.0, 3.53, -0.16, 10.58, -0.08, -0.02, -0.02
21/07/2026 17:27:36, -15838494, -47976387, 7, 1.19, 2.37, SSW, 24.5, 27.9, 3.54, -0.16, 10.59, -0.08, -0.02, -0.02
21/07/2026 17:27:53, -15838547, -47976452, 6, 1.35, 2.83, SSW, 24.8, 28.0, 3.53, -0.16, 10.59, -0.08, -0.02, -0.02
21/07/2026 17:28:23, -15838360, -47976484, 9, 1.04, 1.35, SSW, 24.5, 27.9, 3.53, -0.17, 10.59, -0.08, -0.02, -0.02
21/07/2026 17:28:34, -15838349, -47976359, 7, 1.30, 3.91, SSW, 24.5, 27.9, 3.53, -0.17, 10.58, -0.08, -0.02, -0.02
21/07/2026 17:28:51, -15838328, -47976336, 6, 1.30, 2.02, SSW, 24.5, 27.9, 3.53, -0.17, 10.58, -0.08, -0.02, -0.02
21/07/2026 17:29:10, -15838303, -47976390, 9, 1.05, 2.07, SSW, 24.5, 27.9, 3.53, -0.17, 10.58, -0.08, -0.02, -0.02
21/07/2026 17:29:25, -15838303, -47976417, 7, 1.13, 2.26, SSW, 24.5, 27.9, 3.53, -0.16, 10.59, -0.08, -0.02, -0.02
21/07/2026 17:29:40, -15838321, -47976437, 8, 1.44, 2.37, SSW, 24.5, 27.9, 3.53, -0.17, 10.58, -0.08, -0.02, -0.02
21/07/2026 17:29:51, -15838323, -47976397, 8, 0.94, 2.50, SSW, 24.5, 27.9, 3.54, -0.15, 10.58, -0.08, -0.02, -0.02
21/07/2026 17:30:22, -15838374, -47976387, 8, 1.03, 0.56, SSW, 24.6, 27.9, 3.53, -0.16, 10.59, -0.08, -0.02, -0.02
21/07/2026 17:30:33, -15838384, -47976356, 8, 1.03, 2.57, SSW, 24.6, 27.9, 3.53, -0.16, 10.59, -0.08, -0.02, -0.02
21/07/2026 17:30:44, -15838418, -47976306, 9, 0.90, 2.13, SSW, 24.6, 27.9, 3.54, -0.16, 10.58, -0.08, -0.02, -0.02
21/07/2026 17:31:02, -15838378, -47976355, 8, 0.94, 2.06, SSW, 24.6, 27.9, 3.53, -0.17, 10.58, -0.08, -0.02, -0.02
21/07/2026 17:31:14, -15838379, -47976359, 7, 1.00, 2.00, SSW, 24.6, 27.9, 3.54, -0.16, 10.60, -0.08, -0.02, -0.02
21/07/2026 17:31:25, -15838339, -47976365, 9, 1.00, 2.15, SSW, 24.6, 27.9, 3.54, -0.17, 10.59, -0.08, -0.02, -0.02
21/07/2026 17:31:36, -15838317, -47976375, 7, 1.00, 2.39, SSW, 24.6, 27.8, 3.53, -0.16, 10.58, -0.08, -0.02, -0.02
21/07/2026 17:31:50, -15838343, -47976372, 9, 0.90, 3.20, SSW, 24.6, 27.9, 3.54, -0.17, 10.59, -0.08, -0.02, -0.02
21/07/2026 17:32:03, -15838544, -47976303, 7, 1.12, 2.74, SSW, 24.7, 27.8, 3.53, -0.17, 10.58, -0.08, -0.02, -0.02
21/07/2026 17:32:14, -15838538, -47976320, 8, 1.35, 2.28, SSW, 24.7, 27.9, 3.53, -0.17, 10.59, -0.08, -0.02, -0.02
21/07/2026 17:32:25, -15838516, -47976319, 6, 1.39, 2.17, SSW, 24.7, 27.9, 3.53, -0.17, 10.59, -0.08, -0.02, -0.02
21/07/2026 17:32:35, -15838487, -47976325, 7, 1.04, 2.59, SSW, 24.7, 27.9, 3.53, -0.16, 10.58, -0.08, -0.02, -0.02
21/07/2026 17:33:06, -15838445, -47976348, 9, 0.90, 0.50, SSW, 24.7, 27.8, 3.53, -0.16, 10.58, -0.08, -0.02, -0.02
21/07/2026 17:33:37, -15838370, -47976365, 9, 0.90, 1.46, SSW, 24.8, 27.8, 3.54, -0.16, 10.58, -0.08, -0.02, -0.02
21/07/2026 17:33:49, -15838386, -47976352, 9, 0.97, 2.91, SSW, 24.8, 27.8, 3.53, -0.16, 10.58, -0.08, -0.02, -0.02
21/07/2026 17:34:09, -15838342, -47976394, 7, 1.09, 3.41, SSW, 24.8, 27.8, 3.53, -0.17, 10.58, -0.08, -0.02, -0.02
21/07/2026 17:34:21, -15838295, -47976476, 7, 1.85, 2.56, WNW, 24.8, 27.8, 3.53, -0.16, 10.58, -0.08, -0.02, -0.02
21/07/2026 17:34:45, -15838281, -47976481, 9, 1.34, 2.41, WNW, 24.9, 27.8, 3.53, -0.16, 10.58, -0.08, -0.02, -0.02
21/07/2026 17:35:08, -15838300, -47976434, 8, 1.09, 2.28, WNW, 24.9, 27.8, 3.54, -0.15, 10.59, -0.08, -0.02, -0.02
21/07/2026 17:35:27, -15838274, -47976419, 5, 1.94, 2.07, WNW, 25.0, 27.7, 3.54, -0.16, 10.58, -0.08, -0.02, -0.02
21/07/2026 17:35:44, -15838249, -47976411, 9, 1.02, 2.37, WNW, 25.0, 27.8, 3.54, -0.16, 10.58, -0.08, -0.02, -0.02
21/07/2026 17:36:02, -15838265, -47976347, 9, 1.11, 2.19, WNW, 25.0, 27.8, 3.53, -0.16, 10.59, -0.08, -0.02, -0.02
21/07/2026 17:36:21, -15838294, -47976328, 7, 1.54, 2.32, WNW, 25.0, 27.7, 3.54, -0.17, 10.59, -0.08, -0.02, -0.02
21/07/2026 17:36:52, -15838373, -47976357, 6, 1.17, 2.09, WNW, 25.0, 27.8, 3.53, -0.16, 10.58, -0.08, -0.02, -0.02
21/07/2026 17:37:06, -15838401, -47976320, 6, 1.95, 2.02, WNW, 25.0, 27.8, 3.54, -0.16, 10.58, -0.08, -0.02, -0.02
21/07/2026 17:37:17, -15838335, -47976323, 7, 1.09, 2.09, WNW, 25.0, 27.8, 3.54, -0.17, 10.59, -0.08, -0.02, -0.02
21/07/2026 17:37:39, -15838444, -47976329, 8, 1.14, 2.33, WNW, 25.0, 27.7, 3.53, -0.16, 10.59, -0.08, -0.02, -0.02
21/07/2026 17:37:50, -15838504, -47976328, 9, 1.02, 2.33, WNW, 25.0, 27.7, 3.53, -0.17, 10.57, -0.08, -0.02, -0.02
21/07/2026 17:38:01, -15838420, -47976335, 8, 0.93, 2.59, WNW, 25.0, 27.7, 3.54, -0.16, 10.58, -0.08, -0.02, -0.02
21/07/2026 17:38:32, -15838287, -47976367, 8, 0.93, 1.52, WNW, 25.0, 27.7, 3.54, -0.17, 10.57, -0.08, -0.02, -0.02
21/07/2026 17:39:03, -15838292, -47976346, 8, 1.09, 1.11, WNW, 25.0, 27.7, 3.53, -0.17, 10.57, -0.08, -0.02, -0.02
21/07/2026 17:39:21, -15838299, -47976365, 8, 0.93, 2.93, WNW, 25.0, 27.7, 3.53, -0.17, 10.59, -0.08, -0.02, -0.02
21/07/2026 17:39:51, -15838269, -47976364, 8, 0.97, 1.46, WNW, 25.0, 27.7, 3.54, -0.16, 10.59, -0.08, -0.02, -0.02
21/07/2026 17:40:12, -15838150, -47976325, 9, 0.89, 3.57, WNW, 25.0, 27.7, 3.52, -0.16, 10.58, -0.08, -0.02, -0.02
21/07/2026 17:40:22, -15838211, -47976331, 8, 0.98, 2.02, WNW, 25.0, 27.7, 3.54, -0.16, 10.58, -0.08, -0.02, -0.02
21/07/2026 17:40:51, -15838281, -47976353, 7, 0.98, 2.54, WNW, 25.0, 27.7, 3.54, -0.16, 10.59, -0.08, -0.02, -0.02
21/07/2026 17:41:03, -15838306, -47976279, 9, 1.05, 3.15, WNW, 25.0, 27.7, 3.53, -0.16, 10.57, -0.08, -0.02, -0.02
21/07/2026 17:41:34, -15838353, -47976269, 6, 1.64, 0.59, E, 25.0, 27.7, 3.53, -0.16, 10.58, -0.08, -0.02, -0.02
21/07/2026 17:41:51, -15838338, -47976259, 7, 1.22, 2.15, E, 25.0, 27.7, 3.53, -0.17, 10.58, -0.08, -0.02, -0.02
21/07/2026 17:42:03, -15838393, -47976222, 6, 1.62, 2.06, E, 25.0, 27.7, 3.54, -0.17, 10.57, -0.08, -0.02, -0.02
21/07/2026 17:42:33, -15838307, -47976082, 8, 0.99, 0.20, E, 25.0, 27.7, 3.53, -0.17, 10.59, -0.08, -0.02, -0.02
21/07/2026 17:42:49, -15838372, -47976250, 9, 1.09, 2.32, E, 25.0, 27.7, 3.53, -0.17, 10.57, -0.08, -0.02, -0.02
21/07/2026 17:43:10, -15838360, -47976291, 8, 1.01, 2.32, E, 25.0, 27.7, 3.53, -0.16, 10.58, -0.08, -0.02, -0.02
21/07/2026 17:43:24, -15838366, -47976332, 9, 0.89, 2.19, E, 25.0, 27.7, 3.53, -0.16, 10.59, -0.08, -0.02, -0.02
21/07/2026 17:43:39, -15838336, -47976344, 9, 0.89, 2.06, E, 25.0, 27.7, 3.53, -0.17, 10.57, -0.08, -0.02, -0.02
21/07/2026 17:44:09, -15838338, -47976375, 8, 1.23, 1.17, E, 25.0, 27.7, 3.54, -0.17, 10.58, -0.08, -0.02, -0.02
21/07/2026 17:44:40, -15838326, -47976361, 8, 1.00, 0.81, E, 25.1, 27.6, 3.53, -0.16, 10.57, -0.08, -0.02, -0.02
21/07/2026 17:45:11, -15838381, -47976600, 7, 1.15, 2.44, E, 25.1, 27.6, 3.53, -0.16, 10.58, -0.08, -0.02, -0.02
21/07/2026 17:45:41, -15838344, -47976596, 6, 1.28, 1.39, E, 25.1, 27.6, 3.53, -0.16, 10.59, -0.08, -0.02, -0.02
21/07/2026 17:45:58, -15838324, -47976474, 9, 1.01, 2.19, E, 25.2, 27.6, 3.53, -0.17, 10.57, -0.08, -0.02, -0.02
21/07/2026 17:46:14, -15838258, -47976457, 8, 0.94, 2.33, E, 25.2, 27.6, 3.54, -0.16, 10.60, -0.08, -0.02, -0.02
21/07/2026 17:46:25, -15838281, -47976440, 8, 1.22, 4.06, E, 25.2, 27.6, 3.53, -0.17, 10.59, -0.08, -0.02, -0.02
21/07/2026 17:46:54, -15838242, -47976457, 7, 1.28, 2.00, E, 25.3, 27.6, 3.54, -0.16, 10.58, -0.08, -0.02, -0.02
21/07/2026 17:47:14, -15838277, -47976421, 7, 1.17, 2.41, E, 25.3, 27.5, 3.53, -0.16, 10.56, -0.08, -0.02, -0.02
21/07/2026 17:47:45, -15838315, -47976386, 7, 1.09, 1.30, E, 25.3, 27.5, 3.54, -0.16, 10.59, -0.08, -0.02, -0.02
21/07/2026 17:48:16, -15838343, -47976385, 7, 1.09, 0.87, E, 25.3, 27.5, 3.54, -0.16, 10.58, -0.08, -0.02, -0.02
21/07/2026 17:48:41, -15838351, -47976581, 7, 1.09, 2.32, E, 25.4, 27.5, 3.54, -0.17, 10.59, -0.08, -0.02, -0.02
21/07/2026 17:48:56, -15838372, -47976581, 9, 0.89, 3.72, E, 25.4, 27.5, 3.53, -0.15, 10.57, -0.08, -0.02, -0.02
21/07/2026 17:49:26, -15838420, -47976457, 8, 1.01, 0.80, E, 25.4, 27.5, 3.54, -0.17, 10.58, -0.08, -0.02, -0.02
21/07/2026 17:49:44, -15838376, -47976411, 9, 0.89, 2.04, E, 25.4, 27.5, 3.53, -0.16, 10.59, -0.08, -0.02, -0.02
21/07/2026 17:50:15, -15838343, -47976352, 8, 1.15, 1.91, E, 25.4, 27.5, 3.54, -0.17, 10.59, -0.08, -0.02, -0.02
21/07/2026 17:50:26, -15838359, -47976293, 9, 0.89, 2.00, E, 25.4, 27.5, 3.54, -0.16, 10.59, -0.08, -0.02, -0.02
21/07/2026 17:50:56, -15838335, -47976258, 7, 1.16, 1.13, E, 25.4, 27.5, 3.54, -0.16, 10.58, -0.08, -0.02, -0.02
21/07/2026 17:51:08, -15838376, -47976290, 8, 1.08, 2.67, E, 25.4, 27.5, 3.53, -0.16, 10.58, -0.08, -0.02, -0.02
21/07/2026 17:51:39, -15838324, -47976449, 8, 1.16, 0.39, E, 25.4, 27.5, 3.54, -0.16, 10.59, -0.08, -0.02, -0.02
21/07/2026 17:51:58, -15838308, -47976436, 9, 0.89, 2.07, E, 25.4, 27.5, 3.54, -0.16, 10.59, -0.08, -0.02, -0.02
21/07/2026 17:52:08, -15838345, -47976428, 8, 1.09, 2.48, E, 25.4, 27.5, 3.54, -0.14, 10.58, -0.08, -0.02, -0.02
21/07/2026 17:52:19, -15838415, -47976438, 8, 0.93, 4.46, SSE, 25.4, 27.5, 3.53, -0.16, 10.58, -0.08, -0.02, -0.02
21/07/2026 17:52:36, -15838470, -47976451, 8, 1.26, 2.94, S, 25.3, 27.5, 3.53, -0.15, 10.58, -0.08, -0.02, -0.02
21/07/2026 17:52:49, -15838478, -47976512, 5, 1.71, 2.02, S, 25.4, 27.4, 3.53, -0.15, 10.58, -0.08, -0.02, -0.02
21/07/2026 17:53:01, -15838505, -47976478, 7, 1.26, 2.26, S, 25.4, 27.5, 3.53, -0.15, 10.58, -0.08, -0.02, -0.02
21/07/2026 17:53:12, -15838487, -47976447, 6, 1.34, 2.96, S, 25.4, 27.5, 3.54, -0.15, 10.57, -0.08, -0.02, -0.02
21/07/2026 17:53:36, -15838370, -47976375, 5, 3.63, 2.39, S, 25.4, 27.4, 3.54, -0.15, 10.59, -0.08, -0.02, -0.02
21/07/2026 17:53:47, -15838336, -47976416, 7, 3.64, 2.46, S, 25.4, 27.4, 3.54, -0.15, 10.58, -0.08, -0.02, -0.02
21/07/2026 17:54:04, -15838235, -47976417, 8, 1.01, 2.19, S, 25.4, 27.4, 3.54, -0.15, 10.57, -0.08, -0.02, -0.02
21/07/2026 17:54:25, -15838172, -47976438, 7, 1.17, 2.24, S, 25.4, 27.4, 3.54, -0.15, 10.57, -0.08, -0.02, -0.02
21/07/2026 17:54:44, -15838227, -47976428, 4, 8.15, 2.46, S, 25.5, 27.4, 3.55, -0.16, 10.57, -0.08, -0.02, -0.02
21/07/2026 17:54:55, -15838210, -47976435, 4, 8.15, 3.93, NNW, 25.5, 27.4, 3.54, -0.15, 10.58, -0.08, -0.02, -0.02
21/07/2026 17:55:07, -15838318, -47976382, 5, 3.96, 2.19, NNW, 25.5, 27.4, 3.53, -0.15, 10.58, -0.08, -0.02, -0.02
21/07/2026 17:55:31, -15838160, -47976533, 7, 1.34, 2.06, NNW, 25.5, 27.4, 3.53, -0.15, 10.58, -0.08, -0.02, -0.02
21/07/2026 17:55:43, -15838135, -47976570, 6, 2.38, 2.48, NNW, 25.5, 27.4, 3.54, -0.14, 10.58, -0.08, -0.02, -0.02
21/07/2026 17:55:54, -15838099, -47976606, 6, 1.61, 2.46, NNW, 25.5, 27.4, 3.54, -0.15, 10.59, -0.08, -0.02, -0.02
21/07/2026 17:56:07, -15838081, -47976636, 5, 2.39, 3.41, NNW, 25.5, 27.3, 3.53, -0.15, 10.59, -0.08, -0.02, -0.02
21/07/2026 17:56:18, -15838108, -47976590, 6, 1.99, 2.56, NNW, 25.6, 27.4, 3.53, -0.15, 10.58, -0.08, -0.02, -0.02
21/07/2026 17:56:33, -15838233, -47976463, 8, 0.94, 3.22, NNW, 25.6, 27.4, 3.53, -0.16, 10.59, -0.08, -0.02, -0.02
21/07/2026 17:57:03, -15838190, -47976406, 8, 0.93, 0.65, NNW, 25.6, 27.4, 3.54, -0.15, 10.57, -0.08, -0.02, -0.02
21/07/2026 17:57:14, -15838256, -47976399, 8, 0.97, 2.11, NNW, 25.6, 27.4, 3.54, -0.15, 10.59, -0.08, -0.02, -0.02
21/07/2026 17:57:26, -15838262, -47976394, 6, 1.18, 2.26, NNW, 25.7, 27.3, 3.54, -0.14, 10.57, -0.08, -0.02, -0.02
21/07/2026 17:57:40, -15838324, -47976385, 8, 1.00, 2.28, NNW, 25.7, 27.4, 3.53, -0.15, 10.57, -0.08, -0.02, -0.02
21/07/2026 17:58:08, -15838345, -47976397, 8, 1.00, 2.11, NNW, 25.7, 27.3, 3.53, -0.15, 10.58, -0.08, -0.02, -0.02
21/07/2026 17:58:18, -15838400, -47976425, 8, 1.18, 2.50, NNW, 25.8, 27.3, 3.53, -0.15, 10.58, -0.08, -0.02, -0.02
21/07/2026 17:58:30, -15838428, -47976400, 7, 1.48, 2.19, NNW, 25.8, 27.3, 3.54, -0.15, 10.58, -0.08, -0.02, -0.02
21/07/2026 17:58:40, -15838451, -47976546, 3, 2.66, 5.39, NNW, 25.8, 27.3, 3.53, -0.15, 10.58, -0.08, -0.02, -0.02
21/07/2026 17:58:51, -15838501, -47976701, 7, 1.57, 3.96, W, 25.8, 27.3, 3.55, -0.15, 10.58, -0.08, -0.02, -0.02
21/07/2026 17:59:01, -15838561, -47976745, 6, 1.56, 3.52, W, 25.8, 27.3, 3.54, -0.15, 10.58, -0.08, -0.02, -0.02
21/07/2026 17:59:12, -15838580, -47976725, 6, 1.56, 2.41, W, 25.8, 27.3, 3.53, -0.15, 10.58, -0.08, -0.02, -0.02
21/07/2026 17:59:26, -15838622, -47976656, 7, 3.97, 2.48, W, 25.8, 27.3, 3.53, -0.15, 10.60, -0.08, -0.02, -0.02
21/07/2026 17:59:36, -15838622, -47976559, 6, 1.98, 3.65, W, 25.9, 27.3, 3.54, -0.15, 10.59, -0.08, -0.02, -0.02
21/07/2026 17:59:47, -15838824, -47976401, 5, 3.99, 4.56, S, 25.9, 27.3, 3.54, -0.15, 10.58, -0.08, -0.02, -0.02
21/07/2026 17:59:58, -15838690, -47976371, 5, 4.00, 2.19, S, 25.9, 27.3, 3.54, -0.15, 10.58, -0.08, -0.02, -0.02
21/07/2026 18:00:09, -15838457, -47976341, 5, 4.01, 4.57, S, 25.9, 27.3, 3.53, -0.16, 10.58, -0.08, -0.02, -0.02
21/07/2026 18:00:19, -15838330, -47976287, 6, 1.55, 3.41, S, 25.9, 27.3, 3.53, -0.15, 10.59, -0.08, -0.02, -0.02
21/07/2026 18:00:45, -15838302, -47976328, 9, 1.01, 2.02, S, 25.9, 27.3, 1.16, -1.86, 10.97, 0.08, -0.10, 1.58
21/07/2026 18:01:04, -15838408, -47976370, 9, 2.55, 2.07, S, 25.9, 27.3, 0.05, -1.57, 11.39, -0.05, 0.06, -0.03
21/07/2026 18:01:20, -15838404, -47976284, 9, 0.90, 2.07, S, 25.9, 27.3, -2.11, 2.43, 10.52, -0.06, -0.03, 0.04
21/07/2026 18:01:31, -15838301, -47976200, 8, 1.03, 2.96, S, 25.9, 27.3, -1.81, 0.34, 11.15, -0.22, -0.10, 0.15
21/07/2026 18:01:42, -15838248, -47976284, 9, 0.90, 2.78, W, 26.2, 27.3, -1.08, 5.18, 10.07, 0.25, -0.96, 0.21
21/07/2026 18:01:55, -15838207, -47976366, 9, 0.90, 2.20, WNW, 26.3, 27.2, -1.88, 5.46, 8.92, -0.47, -0.20, -0.04
21/07/2026 18:02:06, -15838178, -47976473, 9, 0.90, 4.04, WNW, 26.4, 27.2, 2.65, 0.30, 10.64, -0.16, -0.06, -0.12
21/07/2026 18:02:16, -15838120, -47976558, 9, 1.18, 4.46, WNW, 26.5, 27.2, 2.56, -0.07, 10.31, -0.13, -0.02, -0.22
21/07/2026 18:02:47, -15838135, -47976652, 9, 0.90, 0.15, WSW, 26.6, 27.2, 3.15, 6.66, 7.65, -0.08, -0.02, -0.02
21/07/2026 18:03:18, -15838146, -47976667, 10, 0.88, 0.09, WSW, 26.8, 27.1, 3.08, 6.71, 7.65, -0.08, -0.02, -0.02
21/07/2026 18:03:49, -15838143, -47976675, 11, 0.86, 0.09, WSW, 26.9, 27.1, 3.11, 6.74, 7.60, -0.08, -0.02, -0.02
21/07/2026 18:04:19, -15838137, -47976655, 12, 0.69, 0.11, WSW, 27.1, 27.1, 3.09, 6.79, 7.56, -0.08, -0.02, -0.02
21/07/2026 18:04:50, -15838104, -47976641, 12, 0.70, 0.06, WSW, 27.3, 27.1, 3.06, 6.58, 7.52, -0.08, -0.01, -0.03
21/07/2026 18:05:21, -15838086, -47976634, 12, 0.69, 0.22, WSW, 27.5, 27.1, 3.12, 6.78, 7.57, -0.08, -0.02, -0.01
21/07/2026 18:05:52, -15838098, -47976653, 12, 0.73, 0.06, WSW, 27.8, 27.1, 3.07, 6.84, 7.58, -0.08, -0.02, -0.02
21/07/2026 18:06:22, -15838120, -47976688, 12, 0.74, 0.17, WSW, 28.0, 27.1, 3.12, 6.82, 7.55, -0.08, -0.02, -0.01
21/07/2026 18:06:53, -15838138, -47976676, 12, 0.69, 0.19, WSW, 28.3, 27.1, 3.05, 6.84, 7.55, -0.08, -0.02, -0.02
21/07/2026 18:07:07, -15838143, -47976700, 12, 0.69, 3.43, NW, 28.4, 27.1, 2.62, 7.24, 7.06, -0.06, 0.07, 0.03
21/07/2026 18:07:18, -15838257, -47976664, 12, 0.69, 14.41, SW, 28.4, 27.1, 3.47, 6.84, 7.41, -0.12, -0.03, 0.00
21/07/2026 18:07:28, -15838508, -47976820, 12, 0.69, 9.96, SW, 28.6, 27.1, 3.06, 6.92, 7.62, -0.06, 0.01, 0.01
21/07/2026 18:07:40, -15838576, -47976856, 11, 0.76, 3.00, SSW, 28.6, 27.1, 3.18, 7.21, 6.89, -0.07, -0.01, 0.00
21/07/2026 18:07:50, -15838610, -47977013, 11, 0.76, 13.96, NW, 28.7, 27.1, 3.13, 7.15, 7.15, -0.11, -0.08, -0.09
21/07/2026 18:08:01, -15838725, -47977514, 11, 0.91, 25.21, SW, 28.7, 27.1, 3.34, 6.78, 7.51, -0.10, -0.03, 0.04
21/07/2026 18:08:12, -15838695, -47978040, 12, 0.75, 34.58, NNW, 28.7, 27.1, 2.43, 7.76, 6.36, -0.07, -0.02, -0.07
21/07/2026 18:08:22, -15837686, -47978501, 11, 1.20, 48.28, NNW, 28.8, 27.1, 2.91, 6.92, 6.88, -0.10, -0.02, -0.01
21/07/2026 18:08:33, -15836407, -47978940, 11, 0.85, 47.30, NNW, 28.9, 27.1, 3.43, 6.91, 6.85, -0.08, -0.02, -0.02
21/07/2026 18:08:43, -15835271, -47979354, 12, 0.70, 48.56, NNW, 28.9, 27.1, 2.99, 7.23, 6.86, -0.04, -0.03, -0.03
21/07/2026 18:08:54, -15834022, -47979811, 11, 1.20, 46.11, NNW, 29.0, 27.1, 3.08, 7.31, 7.42, -0.08, -0.02, 0.00
21/07/2026 18:09:05, -15833015, -47980203, 11, 0.73, 30.35, NNW, 29.0, 27.1, 3.02, 6.27, 7.93, -0.12, -0.01, -0.03
21/07/2026 18:09:15, -15832575, -47980281, 12, 0.83, 15.00, NNE, 29.0, 27.1, 3.91, 7.45, 6.18, -0.15, -0.19, -0.12
21/07/2026 18:09:26, -15832191, -47979817, 12, 0.70, 25.72, N, 29.0, 27.1, 1.00, 7.98, 6.85, -0.04, 0.09, 0.11
21/07/2026 18:09:36, -15831524, -47980034, 12, 0.73, 18.22, NNW, 29.1, 27.1, 2.37, 7.21, 7.02, -0.12, -0.00, -0.06
21/07/2026 18:09:47, -15830798, -47980266, 12, 0.70, 33.52, NNW, 29.0, 27.1, 2.80, 7.27, 7.30, -0.08, -0.02, -0.02
21/07/2026 18:09:58, -15830435, -47980780, 11, 0.74, 29.09, WSW, 29.1, 27.2, 2.94, 7.15, 6.99, -0.09, -0.02, -0.01
21/07/2026 18:10:08, -15830650, -47981446, 12, 0.82, 28.98, WSW, 29.1, 27.1, 3.50, 6.21, 8.16, -0.12, -0.05, -0.05
21/07/2026 18:10:19, -15830510, -47981871, 12, 0.77, 24.52, NNW, 29.1, 27.1, 3.03, 7.60, 6.86, -0.05, -0.01, 0.03
21/07/2026 18:10:29, -15830020, -47982032, 12, 0.77, 23.09, NNW, 29.1, 27.2, 2.70, 7.52, 6.95, -0.07, 0.01, -0.01
21/07/2026 18:10:40, -15829394, -47982256, 12, 0.83, 17.28, NNW, 29.2, 27.2, 4.19, 6.86, 7.15, -0.12, -0.12, -0.05
21/07/2026 18:10:51, -15829032, -47982434, 11, 0.83, 16.93, NW, 29.2, 27.2, 0.36, 7.27, 7.64, 0.06, 0.34, 0.23
21/07/2026 18:11:01, -15828748, -47982749, 12, 0.77, 19.85, NNW, 29.2, 27.2, 3.02, 6.75, 8.14, -0.12, 0.02, 0.01
21/07/2026 18:11:12, -15828349, -47982863, 12, 0.70, 22.30, NNW, 29.2, 27.2, 2.68, 6.40, 6.72, -0.14, -0.00, 0.03
21/07/2026 18:11:22, -15827886, -47983024, 11, 0.73, 7.33, NNW, 29.2, 27.2, 2.66, 6.77, 6.98, -0.07, -0.02, -0.01
21/07/2026 18:11:33, -15827449, -47983159, 12, 0.70, 19.58, NNW, 29.2, 27.2, 2.96, 7.14, 7.31, -0.08, -0.03, -0.01
21/07/2026 18:11:44, -15827367, -47983606, 12, 0.70, 19.82, WSW, 29.2, 27.2, 3.05, 6.91, 6.78, -0.05, -0.06, -0.06
21/07/2026 18:11:54, -15827495, -47983970, 12, 0.70, 13.00, WSW, 29.2, 27.2, 2.17, 7.73, 6.45, -0.16, -0.00, -0.07
21/07/2026 18:12:05, -15827743, -47984565, 12, 0.70, 23.28, WSW, 29.2, 27.3, 3.09, 7.12, 7.99, -0.08, -0.05, 0.07
21/07/2026 18:12:15, -15827883, -47984872, 12, 0.73, 3.70, WSW, 29.2, 27.3, 2.76, 7.66, 6.36, -0.09, -0.05, -0.03
21/07/2026 18:12:26, -15827722, -47984983, 12, 0.70, 18.93, NNE, 29.1, 27.3, 5.25, 7.63, 5.24, -0.21, -0.37, -0.25
21/07/2026 18:12:36, -15827321, -47984185, 12, 0.70, 39.78, ENE, 29.1, 27.3, 1.85, 6.75, 8.53, -0.06, 0.07, 0.03
21/07/2026 18:12:57, -15827138, -47983906, 12, 0.70, 2.30, NE, 29.2, 27.3, 2.67, 7.71, 6.67, -0.04, 0.13, 0.07
