data_hora, lat, lon, sat, hdop, kmh, direcao, umidade, temp_dht, ac_x, ac_y, ac_z, gy_x, gy_y, gy_z
# BOOT bootCount=1 reset_reason=1
21/07/2026 19:03:34, -15826097, -47987392, 0, 0.00, 2.02, N, 36.1, 25.7, 2.54, -0.71, 10.87, -0.08, -0.02, -0.01
21/07/2026 19:04:04, -15826381, -47987192, 4, 2.10, 0.76, N, 35.7, 25.8, 2.53, -0.71, 10.87, -0.08, -0.02, -0.01
21/07/2026 19:04:17, -15826363, -47987148, 4, 2.11, 8.30, NE, 35.6, 25.8, 7.69, 2.14, 6.82, -0.77, -0.32, -0.70
21/07/2026 19:04:27, -15826350, -47987148, 4, 2.11, 2.76, NE, 35.5, 25.8, 7.03, 2.69, 7.79, -0.14, -0.03, -0.06
21/07/2026 19:04:50, -15826361, -47987154, 4, 2.12, 2.07, NE, 35.4, 25.8, 6.41, 1.84, 8.64, -0.47, -0.20, -0.53
21/07/2026 19:05:03, -15826367, -47987196, 4, 2.13, 2.00, NE, 35.3, 25.8, 4.33, 2.48, 9.86, 0.01, -0.08, 0.23
21/07/2026 19:05:14, -15826369, -47987180, 4, 2.13, 2.22, S, 35.3, 25.8, 1.27, -3.49, 10.53, -0.18, 0.06, -0.21
21/07/2026 19:05:25, -15826368, -47987199, 4, 2.14, 2.91, S, 35.2, 25.8, 0.44, -6.12, 8.72, 0.25, -0.37, -0.29
21/07/2026 19:05:43, -15826374, -47987188, 4, 2.15, 2.19, S, 35.1, 25.8, 4.72, 1.81, 9.74, -0.12, 0.06, 0.01
21/07/2026 19:05:56, -15826368, -47987146, 4, 2.15, 7.83, S, 35.0, 25.9, 5.52, 2.77, 7.77, -0.59, -0.25, -0.81
21/07/2026 19:06:06, -15826434, -47987146, 4, 2.16, 2.19, SSW, 34.9, 25.9, 5.53, 2.77, 9.56, -0.42, -0.16, -0.51
21/07/2026 19:06:17, -15826431, -47987073, 4, 2.17, 2.76, SSW, 34.7, 25.9, 5.42, 2.90, 9.04, -0.52, -0.32, -0.89
21/07/2026 19:06:27, -15826364, -47986981, 4, 2.17, 2.54, SSW, 34.9, 26.0, 5.03, 1.92, 9.23, -0.38, -0.08, -0.50
21/07/2026 19:06:38, -15826501, -47987148, 4, 2.18, 5.02, SSW, 34.8, 26.0, 4.57, 2.32, 9.59, -0.11, -0.02, -0.09
21/07/2026 19:06:50, -15826512, -47987262, 4, 2.18, 3.83, SSW, 34.5, 26.0, 4.63, 2.67, 10.13, -0.07, -0.03, 0.03
21/07/2026 19:07:01, -15826244, -47987355, 4, 2.19, 4.52, SSW, 34.5, 26.0, 5.09, 2.50, 9.37, -0.16, -0.08, -0.08
21/07/2026 19:07:11, -15826198, -47987470, 4, 2.19, 2.78, SSW, 34.4, 26.0, 2.27, 1.70, 10.68, -0.09, 0.11, 0.05
21/07/2026 19:07:27, -15826165, -47987495, 4, 2.20, 2.00, SSW, 34.2, 26.0, 4.26, 1.38, 10.22, -0.09, -0.01, -0.01
21/07/2026 19:07:58, -15826245, -47987455, 9, 1.17, 0.13, SSW, 34.0, 26.1, 4.28, 1.33, 10.06, -0.08, -0.02, -0.01
21/07/2026 19:08:28, -15826256, -47987393, 11, 0.80, 0.09, SSW, 33.9, 26.1, 4.29, 1.21, 10.23, -0.08, -0.02, -0.02
21/07/2026 19:08:56, -15826259, -47987374, 11, 0.90, 0.07, SSW, 33.8, 26.2, 4.26, 1.23, 10.17, -0.08, -0.02, -0.01
21/07/2026 19:09:27, -15826254, -47987417, 11, 0.84, 0.13, SSW, 33.7, 26.2, 4.28, 1.16, 10.10, -0.08, -0.02, -0.01
21/07/2026 19:09:37, -15826254, -47987432, 11, 0.95, 2.43, SW, 33.7, 26.2, 4.49, 0.94, 10.08, -0.18, -0.04, -0.20
21/07/2026 19:09:48, -15826335, -47987406, 10, 0.99, 7.15, SSE, 33.7, 26.2, 4.45, 0.82, 9.96, -0.09, -0.01, 0.02
21/07/2026 19:09:59, -15826581, -47987279, 11, 1.20, 11.13, SSE, 33.6, 26.2, 5.98, 1.07, 9.59, 0.00, -0.00, 0.22
21/07/2026 19:10:09, -15826607, -47987079, 11, 0.80, 8.43, ENE, 33.6, 26.3, 4.63, 0.77, 10.02, -0.10, -0.01, -0.02
21/07/2026 19:10:20, -15826596, -47986874, 10, 0.84, 12.45, ESE, 33.6, 26.3, 2.45, 1.16, 11.09, -0.25, -0.06, -0.37
21/07/2026 19:10:30, -15826894, -47986731, 11, 0.80, 10.87, SSE, 33.5, 26.3, 4.03, -0.00, 10.02, -0.09, -0.02, -0.01
21/07/2026 19:10:41, -15827231, -47986602, 11, 0.80, 20.43, SSE, 33.5, 26.3, 4.24, 0.01, 10.18, -0.09, -0.02, -0.01
21/07/2026 19:10:52, -15827818, -47986352, 11, 0.81, 19.74, SSE, 33.4, 26.4, 4.53, 0.90, 10.04, -0.09, -0.02, -0.01
21/07/2026 19:11:02, -15828068, -47986280, 11, 0.81, 3.69, S, 33.3, 26.4, 3.78, -0.04, 10.51, -0.12, -0.01, -0.08
21/07/2026 19:11:13, -15828500, -47986843, 11, 0.81, 40.37, SW, 33.3, 26.4, 4.19, 0.50, 10.07, -0.05, 0.01, 0.03
21/07/2026 19:11:23, -15829402, -47987490, 11, 0.81, 44.00, SSW, 33.3, 26.4, 4.10, 1.25, 10.37, -0.07, -0.01, 0.01
21/07/2026 19:11:34, -15830269, -47987828, 10, 0.93, 31.85, WSW, 33.2, 26.4, 3.48, 2.02, 10.97, -0.11, -0.07, -0.12
21/07/2026 19:11:44, -15830396, -47988368, 11, 0.84, 12.09, W, 33.1, 26.4, 4.05, 0.16, 10.13, -0.06, -0.00, 0.01
21/07/2026 19:11:55, -15830581, -47989156, 11, 0.95, 30.13, WSW, 33.1, 26.5, 5.46, 2.28, 9.56, -0.03, -0.02, -0.00
21/07/2026 19:12:06, -15830471, -47989567, 11, 0.95, 21.52, NNW, 33.0, 26.4, 3.29, 0.75, 11.05, -0.11, -0.04, 0.01
21/07/2026 19:12:16, -15830000, -47989708, 9, 0.99, 13.32, NNW, 32.9, 26.5, 3.82, -0.37, 10.74, -0.09, -0.03, 0.03
21/07/2026 19:12:27, -15829293, -47990014, 11, 0.81, 31.98, NNW, 32.8, 26.5, 4.32, 1.12, 10.06, -0.06, -0.02, 0.04
21/07/2026 19:12:37, -15829246, -47990619, 11, 0.81, 32.00, WSW, 32.7, 26.5, 4.16, 1.67, 10.26, -0.08, -0.02, -0.01
21/07/2026 19:12:48, -15829543, -47991111, 11, 0.81, 24.22, SW, 32.7, 26.5, 3.86, 0.92, 10.37, -0.08, -0.03, -0.03
21/07/2026 19:12:59, -15829830, -47991541, 11, 0.81, 16.37, WSW, 32.6, 26.5, 3.72, 1.09, 10.39, -0.06, -0.03, -0.04
21/07/2026 19:13:09, -15829535, -47991941, 11, 0.81, 35.19, NNW, 32.6, 26.5, 3.44, 0.38, 10.67, -0.08, -0.02, -0.00
21/07/2026 19:13:20, -15828476, -47992227, 11, 0.81, 39.43, NNW, 32.6, 26.6, 4.16, 1.11, 10.30, -0.09, -0.01, -0.01
21/07/2026 19:13:30, -15827699, -47992442, 11, 0.82, 16.52, NNW, 32.6, 26.5, 4.56, 2.62, 9.85, -0.08, -0.01, -0.01
21/07/2026 19:13:41, -15827210, -47992574, 11, 0.81, 30.06, NNW, 32.6, 26.6, 3.65, 0.58, 10.62, -0.07, -0.01, -0.03
21/07/2026 19:13:52, -15826381, -47992800, 11, 0.81, 31.50, NNW, 32.5, 26.6, 4.02, 0.33, 9.94, -0.06, 0.00, 0.02
21/07/2026 19:14:02, -15825541, -47993048, 10, 0.82, 31.87, NNW, 32.5, 26.7, 4.34, 0.54, 10.56, -0.07, -0.03, -0.02
21/07/2026 19:14:13, -15824705, -47993277, 10, 0.84, 13.13, NNW, 32.5, 26.7, 4.66, 2.98, 9.73, -0.09, -0.01, -0.01
21/07/2026 19:14:23, -15824211, -47993428, 10, 0.97, 35.50, NNW, 32.4, 26.7, 3.35, 0.44, 10.35, -0.11, -0.01, -0.01
21/07/2026 19:14:34, -15823355, -47993682, 11, 0.82, 16.76, NNW, 32.4, 26.7, 3.74, 0.84, 9.62, -0.04, -0.05, -0.02
21/07/2026 19:14:45, -15822638, -47993885, 11, 0.81, 16.06, NNW, 32.3, 26.7, 4.48, 2.84, 9.93, -0.08, -0.02, -0.03
21/07/2026 19:14:55, -15822205, -47994058, 11, 0.81, 29.43, NW, 32.3, 26.7, 4.47, 0.37, 10.16, -0.04, -0.01, 0.02
21/07/2026 19:15:06, -15821773, -47994472, 11, 0.81, 19.98, NW, 32.2, 26.7, 3.30, -0.10, 10.84, -0.10, -0.01, -0.02
21/07/2026 19:15:16, -15821185, -47995011, 11, 0.88, 34.15, NW, 32.2, 26.8, 4.07, 1.19, 10.44, -0.09, -0.02, -0.01
21/07/2026 19:15:27, -15820607, -47995561, 11, 0.81, 18.89, NW, 32.1, 26.8, 3.07, -0.53, 10.53, -0.09, -0.03, -0.02
21/07/2026 19:15:38, -15820054, -47996082, 11, 0.88, 23.09, NW, 32.1, 26.8, 3.36, -0.29, 10.83, -0.21, 0.04, 0.03
21/07/2026 19:15:48, -15819423, -47996638, 11, 0.81, 34.84, NW, 32.1, 26.8, 3.74, 0.98, 10.12, -0.08, -0.02, -0.02
21/07/2026 19:15:59, -15818813, -47997095, 11, 0.81, 20.11, NW, 32.0, 26.8, 3.69, 0.64, 10.08, -0.02, -0.01, -0.05
21/07/2026 19:16:09, -15818146, -47997519, 11, 0.81, 36.35, NNW, 32.0, 26.8, 3.99, 0.29, 10.47, -0.06, -0.01, 0.02
21/07/2026 19:16:20, -15817288, -47998049, 11, 0.81, 32.93, NNW, 32.0, 26.8, 2.57, 1.42, 8.96, -0.09, 0.03, -0.01
21/07/2026 19:16:30, -15816594, -47998450, 11, 0.81, 35.00, NNW, 31.9, 26.8, 4.17, 0.38, 10.65, -0.07, -0.02, -0.00
21/07/2026 19:16:41, -15815416, -47998931, 11, 0.85, 50.43, N, 31.9, 26.8, 3.85, 0.55, 10.72, -0.09, -0.02, -0.06
21/07/2026 19:16:52, -15814027, -47999078, 11, 0.81, 52.63, NNW, 31.9, 26.8, 4.17, 0.28, 9.47, -0.06, -0.05, 0.04
21/07/2026 19:17:02, -15812687, -47999663, 9, 1.02, 53.67, NNW, 31.8, 26.9, 4.70, 1.14, 9.58, -0.07, -0.04, -0.02
21/07/2026 19:17:13, -15811566, -47999909, 11, 0.81, 40.21, NE, 31.8, 26.9, 1.23, 1.29, 11.93, -0.16, -0.03, -0.28
21/07/2026 19:17:23, -15811906, -47999232, 11, 0.81, 38.32, SSW, 31.7, 26.9, 2.32, 2.27, 10.94, -0.18, -0.03, -0.24
21/07/2026 19:17:34, -15812492, -48000249, 11, 0.81, 54.47, WSW, 32.2, 27.0, 4.45, 1.00, 10.22, -0.08, -0.02, -0.01
21/07/2026 19:17:45, -15813033, -48001675, 11, 0.81, 50.91, WSW, 31.6, 26.9, 3.73, 1.55, 9.77, -0.08, 0.01, -0.03
21/07/2026 19:17:55, -15813359, -48002594, 11, 0.81, 30.13, WSW, 31.6, 26.9, 4.72, 2.34, 10.07, -0.09, -0.01, -0.02
21/07/2026 19:18:06, -15813524, -48003064, 11, 0.81, 16.95, WSW, 32.1, 27.0, 3.64, 0.39, 10.68, -0.10, -0.02, -0.01
21/07/2026 19:18:16, -15813741, -48003655, 11, 0.81, 16.39, WSW, 32.1, 27.0, 4.54, 1.98, 9.96, -0.09, -0.02, -0.01
21/07/2026 19:18:27, -15813877, -48004048, 11, 0.81, 14.15, WSW, 32.1, 27.0, 4.10, 1.28, 10.46, -0.10, -0.02, -0.00
21/07/2026 19:18:38, -15814055, -48004533, 11, 0.81, 24.11, WSW, 32.1, 27.0, 3.74, 1.73, 9.89, -0.09, -0.03, -0.02
21/07/2026 19:18:48, -15814304, -48005210, 9, 0.88, 37.67, WSW, 32.1, 27.0, 3.72, 0.71, 10.71, -0.08, -0.01, -0.03
21/07/2026 19:18:59, -15814717, -48006381, 11, 0.81, 44.76, WSW, 32.0, 27.1, 3.48, 0.80, 10.00, -0.10, -0.05, -0.02
21/07/2026 19:19:09, -15815090, -48007476, 11, 0.81, 44.93, WSW, 32.1, 27.1, 4.66, 1.11, 10.88, -0.06, -0.00, -0.03
21/07/2026 19:19:20, -15815513, -48008726, 11, 0.81, 47.60, WSW, 32.2, 27.1, 3.90, 0.78, 9.92, -0.08, -0.02, -0.02
21/07/2026 19:19:31, -15815907, -48009883, 11, 0.81, 37.54, WSW, 32.2, 27.1, 4.48, 1.51, 10.05, -0.08, -0.04, -0.02
21/07/2026 19:19:41, -15816222, -48010763, 11, 0.81, 34.63, WSW, 32.2, 27.1, 4.58, 1.24, 10.18, -0.07, -0.02, -0.01
21/07/2026 19:19:52, -15816570, -48011749, 10, 0.85, 42.02, WSW, 32.2, 27.1, 3.72, 1.16, 10.30, -0.10, -0.02, -0.04
21/07/2026 19:20:02, -15816913, -48012819, 8, 0.95, 43.41, WSW, 32.2, 27.1, 4.22, 1.05, 10.29, -0.08, -0.00, -0.02
21/07/2026 19:20:13, -15817407, -48013992, 9, 0.88, 50.89, WSW, 32.2, 27.1, 3.96, 0.30, 10.02, -0.09, -0.03, -0.01
21/07/2026 19:20:24, -15817949, -48015253, 9, 0.88, 43.47, WSW, 32.1, 27.1, 4.24, 0.52, 10.07, -0.07, 0.01, -0.01
21/07/2026 19:20:34, -15818039, -48015982, 10, 0.88, 25.28, NNW, 32.0, 27.1, 2.51, 0.45, 11.44, -0.18, -0.08, -0.22
21/07/2026 19:20:45, -15817171, -48015989, 9, 0.88, 28.74, N, 32.0, 27.1, 4.62, 0.94, 10.27, -0.08, -0.01, -0.01
21/07/2026 19:20:55, -15816570, -48016000, 9, 0.88, 15.30, N, 32.0, 27.2, 7.62, 0.21, 8.95, 0.15, 0.02, 0.46
21/07/2026 19:21:06, -15816680, -48016424, 9, 1.18, 30.00, WSW, 31.9, 27.2, 4.38, 1.18, 11.11, -0.07, 0.01, -0.02
21/07/2026 19:21:17, -15816575, -48016825, 11, 0.83, 24.24, N, 31.8, 27.2, 4.41, 0.41, 10.40, -0.07, -0.03, 0.01
21/07/2026 19:21:27, -15816014, -48016827, 11, 0.85, 18.39, N, 31.7, 27.2, 4.45, 0.80, 10.05, -0.08, -0.03, -0.02
21/07/2026 19:21:38, -15815662, -48016842, 10, 0.95, 2.46, NNW, 31.7, 27.2, 4.88, 0.74, 9.71, -0.08, -0.00, 0.17
21/07/2026 19:21:48, -15815653, -48016947, 10, 0.96, 3.15, WSW, 31.7, 27.3, 4.12, 0.84, 10.33, -0.06, -0.01, 0.04
21/07/2026 19:22:00, -15815626, -48016939, 10, 0.88, 2.02, NW, 31.7, 27.2, 4.00, 1.02, 10.39, -0.07, -0.01, 0.01
21/07/2026 19:22:12, -15815624, -48016925, 10, 0.88, 2.24, WNW, 31.6, 27.2, 4.08, 1.17, 10.23, -0.07, -0.02, 0.00
21/07/2026 19:22:43, -15815626, -48016918, 10, 0.85, 0.04, NW, 31.5, 27.3, 4.06, 1.19, 10.29, -0.08, -0.02, -0.02
21/07/2026 19:23:14, -15815657, -48016929, 12, 0.85, 0.15, NW, 31.5, 27.3, 4.05, 1.19, 10.27, -0.08, -0.02, -0.02
21/07/2026 19:23:44, -15815661, -48016944, 10, 0.85, 0.59, NW, 31.5, 27.3, 4.01, 1.22, 10.24, -0.08, -0.02, -0.02
21/07/2026 19:24:15, -15815664, -48016942, 11, 0.75, 0.33, NW, 31.4, 27.3, 4.01, 1.21, 10.22, -0.08, -0.02, -0.02
21/07/2026 19:24:37, -15815632, -48016924, 11, 0.89, 2.26, SW, 31.4, 27.4, 6.27, 2.55, 8.27, -0.34, -0.01, -0.34
21/07/2026 19:24:49, -15815643, -48016994, 9, 0.89, 3.35, WSW, 31.4, 27.4, 5.63, 2.23, 9.59, 0.03, 0.00, 0.13
21/07/2026 19:24:59, -15815676, -48017056, 10, 0.85, 3.56, W, 31.3, 27.4, 5.42, 1.93, 9.01, -0.42, 0.01, -0.57
21/07/2026 19:25:30, -15815665, -48017103, 11, 0.96, 0.24, NNW, 31.0, 27.4, 5.57, 3.20, 8.84, -0.09, -0.05, -0.04
21/07/2026 19:26:01, -15815651, -48017101, 11, 0.86, 0.20, NNW, 30.9, 27.5, 4.38, 3.96, 9.38, 0.15, -0.05, 0.32
21/07/2026 19:26:31, -15815646, -48017095, 10, 0.86, 0.04, NNE, 30.9, 27.5, 4.83, 3.57, 9.16, -0.07, -0.01, -0.00
21/07/2026 19:26:43, -15815632, -48017101, 11, 0.86, 2.44, NNE, 30.9, 27.5, 6.40, 4.10, 7.17, 1.57, 0.26, 1.51
21/07/2026 19:27:14, -15815630, -48017175, 11, 0.96, 0.11, NNE, 30.8, 27.5, 4.01, 0.72, 10.37, -0.08, -0.02, -0.02
21/07/2026 19:27:45, -15815632, -48017179, 10, 0.89, 0.07, NNE, 30.7, 27.5, 3.99, 0.73, 10.36, -0.08, -0.02, -0.02
21/07/2026 19:28:15, -15815614, -48017195, 11, 0.89, 0.02, NNE, 30.7, 27.5, 3.99, 0.72, 10.37, -0.08, -0.02, -0.02
21/07/2026 19:28:46, -15815628, -48017180, 10, 0.90, 0.04, NNE, 30.7, 27.5, 4.00, 0.73, 10.37, -0.08, -0.02, -0.02
21/07/2026 19:29:17, -15815650, -48017166, 12, 0.96, 0.11, NNE, 30.6, 27.6, 4.00, 0.72, 10.37, -0.08, -0.02, -0.02
21/07/2026 19:29:47, -15815663, -48017173, 10, 0.92, 0.04, NNE, 30.5, 27.6, 4.00, 0.73, 10.37, -0.08, -0.02, -0.02
21/07/2026 19:30:18, -15815646, -48017194, 11, 0.86, 0.06, NNE, 30.5, 27.6, 4.00, 0.73, 10.37, -0.08, -0.02, -0.02
21/07/2026 19:30:49, -15815649, -48017203, 10, 1.16, 0.04, NNE, 30.4, 27.6, 4.00, 0.72, 10.36, -0.08, -0.02, -0.02
21/07/2026 19:31:20, -15815645, -48017183, 10, 0.90, 0.06, NNE, 30.4, 27.6, 3.99, 0.72, 10.38, -0.08, -0.02, -0.02
21/07/2026 19:31:50, -15815640, -48017166, 10, 0.90, 0.00, NNE, 30.3, 27.7, 3.99, 0.72, 10.38, -0.08, -0.02, -0.02
21/07/2026 19:32:21, -15815653, -48017157, 10, 0.99, 0.02, NNE, 30.2, 27.7, 4.00, 0.73, 10.37, -0.08, -0.02, -0.02
21/07/2026 19:32:52, -15815645, -48017168, 10, 0.90, 0.04, NNE, 30.1, 27.7, 4.00, 0.72, 10.37, -0.08, -0.02, -0.02
21/07/2026 19:33:22, -15815631, -48017166, 9, 1.02, 0.17, NNE, 30.0, 27.8, 3.99, 0.72, 10.38, -0.08, -0.02, -0.02
21/07/2026 19:33:53, -15815637, -48017162, 11, 0.91, 0.04, NNE, 30.0, 27.8, 3.99, 0.73, 10.37, -0.08, -0.02, -0.02
21/07/2026 19:34:24, -15815651, -48017153, 9, 0.97, 0.06, NNE, 30.0, 27.8, 4.00, 0.73, 10.36, -0.08, -0.02, -0.02
21/07/2026 19:34:55, -15815652, -48017135, 10, 0.87, 0.00, NNE, 30.0, 27.8, 3.99, 0.72, 10.37, -0.08, -0.02, -0.02
21/07/2026 19:35:25, -15815642, -48017132, 9, 0.97, 0.09, NNE, 29.9, 27.9, 3.99, 0.73, 10.37, -0.08, -0.02, -0.02
21/07/2026 19:35:56, -15815654, -48017130, 9, 0.91, 0.00, NNE, 29.9, 27.9, 3.99, 0.73, 10.37, -0.08, -0.02, -0.02
21/07/2026 19:36:27, -15815667, -48017143, 9, 0.91, 0.06, NNE, 29.8, 27.9, 3.99, 0.73, 10.36, -0.08, -0.02, -0.02
21/07/2026 19:36:57, -15815651, -48017157, 9, 0.97, 0.06, NNE, 29.8, 27.9, 3.99, 0.73, 10.37, -0.08, -0.02, -0.02
21/07/2026 19:37:28, -15815655, -48017138, 9, 0.97, 0.04, NNE, 29.7, 27.9, 3.99, 0.74, 10.36, -0.08, -0.02, -0.02
21/07/2026 19:37:59, -15815648, -48017121, 9, 0.98, 0.04, NNE, 29.7, 27.9, 3.99, 0.73, 10.38, -0.08, -0.02, -0.02
21/07/2026 19:38:30, -15815649, -48017134, 10, 1.00, 0.04, NNE, 29.9, 28.0, 3.99, 0.73, 10.37, -0.08, -0.02, -0.02
21/07/2026 19:39:00, -15815675, -48017153, 10, 0.92, 0.02, NNE, 29.9, 28.0, 4.00, 0.73, 10.37, -0.08, -0.02, -0.02
21/07/2026 19:39:31, -15815690, -48017146, 10, 1.03, 0.15, NNE, 29.9, 28.0, 3.99, 0.73, 10.39, -0.08, -0.02, -0.02
21/07/2026 19:40:02, -15815667, -48017146, 10, 0.88, 0.00, NNE, 29.5, 27.9, 3.99, 0.74, 10.37, -0.08, -0.02, -0.02
21/07/2026 19:40:32, -15815646, -48017160, 9, 1.03, 0.02, NNE, 29.8, 28.0, 3.99, 0.72, 10.37, -0.08, -0.02, -0.02
21/07/2026 19:41:03, -15815649, -48017178, 9, 0.92, 0.20, NNE, 29.8, 28.0, 3.98, 0.73, 10.37, -0.08, -0.02, -0.02
21/07/2026 19:41:34, -15815645, -48017180, 10, 0.92, 0.11, NNE, 29.8, 28.0, 3.98, 0.73, 10.36, -0.08, -0.02, -0.02
21/07/2026 19:42:05, -15815679, -48017162, 9, 0.92, 0.33, NNE, 29.8, 28.0, 3.99, 0.73, 10.38, -0.08, -0.02, -0.02
21/07/2026 19:42:35, -15815685, -48017170, 9, 0.91, 0.04, NNE, 29.7, 28.0, 4.00, 0.73, 10.37, -0.08, -0.02, -0.02
21/07/2026 19:43:06, -15815675, -48017167, 11, 0.93, 0.07, NNE, 29.7, 28.0, 3.99, 0.73, 10.38, -0.08, -0.02, -0.02
21/07/2026 19:43:37, -15815638, -48017188, 9, 0.98, 0.19, NNE, 29.7, 28.0, 3.98, 0.73, 10.37, -0.08, -0.02, -0.02
21/07/2026 19:44:07, -15815630, -48017185, 10, 0.80, 0.04, NNE, 29.7, 28.0, 3.98, 0.72, 10.37, -0.08, -0.02, -0.02
21/07/2026 19:44:38, -15815636, -48017175, 10, 0.99, 0.04, NNE, 29.7, 28.1, 3.98, 0.73, 10.37, -0.08, -0.02, -0.02
21/07/2026 19:45:09, -15815660, -48017159, 10, 0.87, 0.02, NNE, 29.6, 28.0, 3.98, 0.72, 10.36, -0.08, -0.02, -0.02
21/07/2026 19:45:39, -15815661, -48017149, 11, 0.80, 0.09, NNE, 29.6, 28.0, 3.98, 0.73, 10.38, -0.08, -0.02, -0.02
21/07/2026 19:46:10, -15815650, -48017161, 9, 0.93, 0.02, NNE, 29.6, 28.1, 3.98, 0.73, 10.36, -0.08, -0.02, -0.02
21/07/2026 19:46:41, -15815648, -48017166, 9, 0.93, 0.07, NNE, 29.6, 28.1, 3.99, 0.73, 10.37, -0.08, -0.02, -0.02
21/07/2026 19:47:12, -15815642, -48017171, 10, 0.99, 0.02, NNE, 29.6, 28.1, 3.99, 0.74, 10.36, -0.08, -0.02, -0.02
21/07/2026 19:47:42, -15815644, -48017179, 9, 0.86, 0.00, NNE, 29.6, 28.1, 3.99, 0.72, 10.37, -0.08, -0.02, -0.02
21/07/2026 19:48:13, -15815649, -48017172, 10, 0.86, 0.22, NNE, 29.6, 28.0, 3.98, 0.73, 10.38, -0.08, -0.02, -0.02
21/07/2026 19:48:44, -15815670, -48017161, 9, 0.99, 0.04, NNE, 29.5, 28.1, 3.99, 0.73, 10.38, -0.08, -0.02, -0.02
21/07/2026 19:49:14, -15815670, -48017158, 8, 0.99, 0.07, NNE, 29.5, 28.1, 3.98, 0.73, 10.37, -0.08, -0.02, -0.02
21/07/2026 19:49:45, -15815669, -48017157, 10, 0.87, 0.02, NNE, 29.5, 28.1, 3.98, 0.74, 10.37, -0.08, -0.02, -0.02
21/07/2026 19:50:16, -15815670, -48017155, 9, 0.87, 0.02, NNE, 29.4, 28.0, 3.99, 0.73, 10.37, -0.08, -0.02, -0.02
21/07/2026 19:50:47, -15815654, -48017166, 9, 0.99, 0.02, NNE, 29.4, 28.1, 3.98, 0.73, 10.37, -0.08, -0.02, -0.02
21/07/2026 19:51:17, -15815650, -48017175, 9, 0.87, 0.09, NNE, 29.4, 28.1, 3.99, 0.74, 10.36, -0.08, -0.02, -0.02
21/07/2026 19:51:48, -15815658, -48017169, 9, 0.87, 0.06, NNE, 29.4, 28.0, 3.99, 0.73, 10.37, -0.08, -0.02, -0.02
21/07/2026 19:52:19, -15815664, -48017167, 10, 0.80, 0.06, NNE, 29.4, 28.1, 3.99, 0.72, 10.38, -0.08, -0.02, -0.02
21/07/2026 19:52:49, -15815665, -48017163, 10, 0.88, 0.13, NNE, 29.3, 28.1, 3.46, 0.99, 10.54, -0.08, -0.02, -0.02
21/07/2026 19:53:20, -15815666, -48017147, 10, 0.88, 0.06, NNE, 29.2, 28.0, 3.31, 0.78, 10.62, -0.08, -0.02, -0.02
21/07/2026 19:53:51, -15815643, -48017147, 9, 0.88, 0.11, NNE, 29.3, 28.1, 3.21, 0.66, 10.75, -0.09, -0.00, -0.01
21/07/2026 19:54:04, -15815627, -48017146, 9, 0.88, 3.26, N, 29.3, 28.0, 2.98, 3.05, 9.53, 0.26, -0.12, 1.14
21/07/2026 19:54:34, -15815638, -48017224, 10, 0.80, 0.24, N, 29.2, 28.0, 2.12, -0.32, 10.97, -0.08, -0.02, -0.02
21/07/2026 19:55:05, -15815641, -48017235, 9, 0.90, 0.44, N, 29.2, 28.0, 1.96, -0.38, 11.00, -0.08, -0.02, -0.02
21/07/2026 19:55:36, -15815637, -48017241, 11, 0.81, 0.17, N, 29.2, 28.0, 1.88, -0.41, 11.01, -0.08, -0.02, -0.02
21/07/2026 19:56:06, -15815683, -48017241, 9, 0.88, 0.13, N, 29.1, 28.0, 1.83, -0.46, 11.01, -0.08, -0.02, -0.02
21/07/2026 19:56:37, -15815713, -48017263, 9, 0.88, 0.44, N, 29.0, 28.0, 1.78, -0.50, 11.04, -0.08, -0.02, -0.02
21/07/2026 19:57:08, -15815702, -48017242, 10, 0.88, 0.54, N, 29.0, 28.0, 1.75, -0.53, 11.04, -0.08, -0.02, -0.02
21/07/2026 19:57:39, -15815678, -48017245, 9, 0.88, 0.39, N, 28.9, 28.0, 1.73, -0.53, 11.03, -0.08, -0.02, -0.02
21/07/2026 19:58:09, -15815653, -48017259, 10, 1.20, 0.06, N, 28.5, 27.9, 1.73, -0.55, 11.03, -0.08, -0.02, -0.02
21/07/2026 19:58:40, -15815639, -48017270, 9, 1.19, 0.04, N, 28.5, 27.9, 1.71, -0.55, 11.03, -0.08, -0.02, -0.02
21/07/2026 19:59:11, -15815641, -48017252, 9, 1.19, 0.33, N, 28.4, 27.9, 1.71, -0.55, 11.04, -0.08, -0.02, -0.02
21/07/2026 19:59:41, -15815648, -48017252, 8, 1.28, 0.22, N, 28.3, 27.9, 1.70, -0.56, 11.03, -0.08, -0.02, -0.02
21/07/2026 20:00:10, -15815673, -48017233, 10, 0.88, 2.15, N, 28.2, 27.9, 2.89, 5.79, 9.04, -0.24, 0.10, -0.35
21/07/2026 20:00:41, -15815660, -48017237, 10, 0.88, 0.15, N, 28.0, 27.9, 0.42, 1.47, 11.00, -0.08, -0.02, -0.02
21/07/2026 20:01:11, -15815656, -48017258, 10, 0.88, 0.11, N, 27.9, 27.9, 0.39, 1.45, 11.01, -0.08, -0.02, -0.02
21/07/2026 20:01:42, -15815657, -48017290, 10, 0.88, 0.06, N, 27.8, 27.9, 0.37, 1.44, 11.00, -0.08, -0.02, -0.02
21/07/2026 20:02:13, -15815666, -48017285, 10, 0.88, 0.13, N, 27.8, 27.9, 0.36, 1.43, 10.99, -0.08, -0.02, -0.02
21/07/2026 20:02:44, -15815685, -48017283, 10, 0.88, 0.33, N, 27.7, 27.8, 0.36, 1.43, 11.02, -0.08, -0.02, -0.02
21/07/2026 20:03:15, -15815685, -48017260, 10, 0.88, 0.13, N, 27.6, 27.8, 0.36, 1.43, 10.99, -0.08, -0.02, -0.02
21/07/2026 20:03:39, -15815656, -48017235, 10, 0.88, 5.57, NE, 27.6, 27.7, 0.35, 1.43, 10.99, -0.08, -0.02, -0.02
21/07/2026 20:04:10, -15815671, -48017224, 10, 0.94, 0.11, NE, 27.6, 27.7, 0.34, 1.42, 11.00, -0.08, -0.02, -0.02
21/07/2026 20:04:40, -15815676, -48017238, 10, 0.89, 0.28, NE, 27.5, 27.7, 0.35, 1.42, 11.00, -0.08, -0.02, -0.02
21/07/2026 20:05:11, -15815656, -48017236, 9, 0.95, 0.31, NE, 27.5, 27.7, 0.33, 1.43, 11.00, -0.08, -0.02, -0.02
21/07/2026 20:05:42, -15815632, -48017230, 8, 0.95, 0.22, NE, 27.5, 27.6, 0.34, 1.43, 11.00, -0.08, -0.02, -0.02
21/07/2026 20:06:13, -15815650, -48017212, 8, 0.95, 0.37, NE, 27.5, 27.6, 0.34, 1.42, 11.00, -0.08, -0.02, -0.02
21/07/2026 20:06:43, -15815648, -48017222, 9, 0.89, 0.20, NE, 27.5, 27.6, 0.34, 1.42, 11.02, -0.08, -0.02, -0.02
21/07/2026 20:07:14, -15815631, -48017232, 8, 0.95, 0.46, NE, 27.4, 27.5, 0.33, 1.42, 11.01, -0.08, -0.02, -0.02
21/07/2026 20:07:45, -15815638, -48017230, 9, 0.89, 0.06, NE, 27.4, 27.5, -0.11, 0.01, 11.13, -0.08, -0.02, -0.02
21/07/2026 20:08:16, -15815624, -48017226, 9, 0.89, 0.30, NE, 27.4, 27.5, -0.11, -0.03, 11.14, -0.08, -0.02, -0.02
21/07/2026 20:08:26, -15815626, -48017223, 9, 0.89, 2.04, NE, 27.4, 27.5, 0.92, 2.56, 10.71, -0.08, -0.02, -0.02
21/07/2026 20:08:57, -15815649, -48017249, 9, 1.01, 0.35, NE, 27.4, 27.5, 0.88, 2.59, 10.71, -0.08, -0.02, -0.02
21/07/2026 20:09:28, -15815663, -48017253, 9, 0.89, 0.19, NE, 27.3, 27.4, 0.88, 2.61, 10.70, -0.08, -0.02, -0.02
21/07/2026 20:09:59, -15815670, -48017237, 9, 0.89, 0.11, NE, 27.3, 27.4, 0.88, 2.62, 10.70, -0.08, -0.02, -0.02
21/07/2026 20:10:29, -15815692, -48017222, 9, 0.89, 0.17, NE, 27.3, 27.3, 0.87, 2.62, 10.70, -0.08, -0.02, -0.02
21/07/2026 20:11:00, -15815709, -48017236, 9, 0.93, 0.07, NE, 27.3, 27.3, 0.87, 2.63, 10.70, -0.08, -0.02, -0.01
21/07/2026 20:11:31, -15815706, -48017238, 9, 0.93, 0.07, NE, 27.3, 27.3, 0.86, 2.64, 10.69, -0.08, -0.02, -0.02
21/07/2026 20:12:02, -15815699, -48017242, 9, 0.93, 0.13, NE, 27.2, 27.3, 0.87, 2.64, 10.69, -0.08, -0.02, -0.01
21/07/2026 20:12:32, -15815681, -48017239, 9, 0.93, 0.81, NE, 27.2, 27.3, 0.45, 1.57, 10.97, -0.08, -0.02, -0.02
21/07/2026 20:13:03, -15815662, -48017235, 9, 0.90, 0.13, NE, 27.2, 27.3, 1.01, 3.66, 10.29, -0.08, -0.02, -0.02
21/07/2026 20:13:34, -15815643, -48017235, 9, 0.90, 0.04, NE, 27.2, 27.3, 0.86, 3.52, 10.37, -0.08, -0.02, -0.02
21/07/2026 20:14:04, -15815653, -48017248, 9, 0.90, 0.43, NE, 27.1, 27.2, 0.86, 3.52, 10.38, -0.08, -0.02, -0.01
21/07/2026 20:14:35, -15815666, -48017256, 8, 0.93, 0.13, NE, 27.1, 27.2, 0.84, 3.54, 10.37, -0.09, -0.02, -0.01
21/07/2026 20:15:06, -15815667, -48017240, 8, 1.08, 0.46, NE, 27.1, 27.2, 0.88, 3.55, 10.36, -0.08, -0.02, -0.02
21/07/2026 20:15:37, -15815686, -48017228, 9, 0.90, 0.22, NE, 27.2, 27.2, 0.79, 2.78, 10.66, -0.08, -0.02, -0.01
21/07/2026 20:16:07, -15815697, -48017199, 9, 0.90, 0.09, NE, 27.1, 27.1, 0.60, 1.47, 10.99, -0.08, -0.02, -0.02
21/07/2026 20:16:38, -15815708, -48017197, 9, 0.90, 0.13, NE, 27.2, 27.1, 0.60, 1.52, 10.98, -0.08, -0.02, -0.02
21/07/2026 20:17:09, -15815703, -48017192, 8, 0.93, 0.04, NE, 27.2, 27.1, 0.61, 1.52, 10.98, -0.08, -0.02, -0.02
21/07/2026 20:17:39, -15815716, -48017197, 9, 0.93, 0.07, NE, 27.1, 27.1, 0.61, 1.52, 10.99, -0.08, -0.02, -0.02
21/07/2026 20:18:10, -15815718, -48017185, 8, 0.93, 0.11, NE, 27.1, 27.1, 0.61, 1.52, 10.98, -0.08, -0.02, -0.02
21/07/2026 20:18:41, -15815687, -48017173, 9, 0.91, 0.02, NE, 27.1, 27.1, 0.62, 1.53, 10.99, -0.08, -0.02, -0.02
21/07/2026 20:19:11, -15815687, -48017178, 9, 0.91, 0.11, NE, 27.0, 27.1, 0.60, 1.63, 10.96, -0.08, -0.02, -0.02
21/07/2026 20:19:42, -15815710, -48017189, 9, 0.91, 0.19, NE, 27.0, 27.1, 0.61, 1.63, 10.96, -0.08, -0.02, -0.02
21/07/2026 20:20:13, -15815700, -48017189, 10, 0.91, 0.15, NE, 27.0, 27.0, 0.61, 1.63, 10.96, -0.08, -0.02, -0.02
21/07/2026 20:20:44, -15815700, -48017213, 10, 0.91, 0.06, NE, 27.0, 27.0, 0.60, 1.63, 10.98, -0.08, -0.02, -0.02
21/07/2026 20:21:14, -15815698, -48017211, 10, 0.91, 0.15, NE, 27.0, 27.0, 0.60, 1.64, 10.96, -0.08, -0.02, -0.02
21/07/2026 20:21:45, -15815707, -48017215, 8, 0.93, 0.30, NE, 27.0, 27.0, 0.60, 1.63, 10.95, -0.08, -0.02, -0.01
21/07/2026 20:22:16, -15815703, -48017212, 10, 0.93, 0.15, NE, 26.9, 27.0, 0.60, 1.64, 10.96, -0.08, -0.02, -0.02
21/07/2026 20:22:46, -15815693, -48017207, 10, 0.94, 0.19, NE, 26.9, 27.0, 0.60, 1.64, 10.96, -0.08, -0.02, -0.02
21/07/2026 20:23:17, -15815712, -48017201, 10, 0.91, 0.50, NE, 26.5, 26.9, 0.60, 1.64, 10.96, -0.08, -0.02, -0.02
21/07/2026 20:23:48, -15815719, -48017220, 9, 0.94, 0.37, W, 26.5, 26.9, 0.60, 1.63, 10.96, -0.08, -0.02, -0.02
21/07/2026 20:24:19, -15815725, -48017254, 9, 0.94, 0.59, W, 26.5, 26.9, 0.61, 1.63, 10.96, -0.08, -0.02, -0.02
21/07/2026 20:24:49, -15815733, -48017255, 9, 0.94, 0.33, W, 26.5, 26.9, 0.60, 1.62, 10.96, -0.08, -0.02, -0.02
21/07/2026 20:25:20, -15815740, -48017197, 8, 0.94, 0.07, W, 26.5, 26.8, 0.61, 1.63, 10.97, -0.08, -0.02, -0.01
21/07/2026 20:25:39, -15815753, -48017224, 8, 0.94, 2.22, W, 26.5, 26.8, 0.61, 1.64, 10.96, -0.08, -0.02, -0.02
21/07/2026 20:26:10, -15815741, -48017246, 8, 0.94, 0.15, W, 26.5, 26.8, 0.61, 1.64, 10.96, -0.08, -0.02, -0.02
21/07/2026 20:26:41, -15815746, -48017231, 8, 0.94, 0.33, W, 26.4, 26.8, 0.61, 1.64, 10.96, -0.08, -0.02, -0.02
21/07/2026 20:27:11, -15815737, -48017218, 8, 0.94, 0.13, W, 26.4, 26.8, 0.61, 1.65, 10.96, -0.08, -0.02, -0.01
21/07/2026 20:27:42, -15815726, -48017224, 9, 0.94, 0.28, W, 26.4, 26.7, 0.60, 1.64, 10.96, -0.08, -0.02, -0.02
21/07/2026 20:28:13, -15815714, -48017224, 10, 0.94, 0.09, W, 26.4, 26.8, 0.61, 1.64, 10.95, -0.08, -0.02, -0.02
21/07/2026 20:28:44, -15815709, -48017227, 9, 0.94, 0.13, W, 26.4, 26.7, 0.62, 1.63, 10.97, -0.08, -0.02, -0.02
21/07/2026 20:29:14, -15815689, -48017201, 9, 0.94, 0.06, W, 26.4, 26.7, 0.60, 1.63, 10.96, -0.08, -0.02, -0.01
21/07/2026 20:29:45, -15815689, -48017195, 8, 0.94, 0.31, W, 26.3, 26.7, 0.61, 1.63, 10.96, -0.08, -0.02, -0.02
21/07/2026 20:30:16, -15815700, -48017200, 9, 0.94, 0.07, W, 26.2, 26.7, 0.57, 1.88, 10.91, -0.08, -0.02, -0.02
21/07/2026 20:30:47, -15815706, -48017204, 9, 0.94, 0.00, W, 26.2, 26.7, 0.57, 1.89, 10.90, -0.08, -0.02, -0.02
21/07/2026 20:31:17, -15815678, -48017220, 9, 0.94, 0.13, W, 26.3, 26.6, 0.58, 1.88, 10.91, -0.08, -0.02, -0.01
21/07/2026 20:31:48, -15815680, -48017224, 8, 0.95, 0.41, W, 26.3, 26.6, 0.56, 1.88, 10.91, -0.08, -0.02, -0.01
21/07/2026 20:32:19, -15815668, -48017214, 8, 0.95, 0.07, W, 26.2, 26.7, 0.56, 1.87, 10.89, -0.08, -0.02, -0.02
21/07/2026 20:32:49, -15815673, -48017210, 8, 0.95, 0.37, W, 26.2, 26.6, 0.61, 1.95, 10.89, -0.08, -0.02, -0.01
21/07/2026 20:33:20, -15815674, -48017214, 9, 0.91, 0.33, W, 26.2, 26.6, 0.61, 1.95, 10.89, -0.08, -0.02, -0.02
21/07/2026 20:33:51, -15815662, -48017201, 8, 0.95, 0.11, W, 26.1, 26.6, 0.60, 1.96, 10.90, -0.08, -0.02, -0.02
21/07/2026 20:34:22, -15815703, -48017229, 7, 1.05, 0.43, W, 26.1, 26.5, 0.60, 1.96, 10.88, -0.08, -0.02, -0.01
21/07/2026 20:34:52, -15815703, -48017241, 8, 0.95, 0.11, W, 26.1, 26.6, 0.60, 1.95, 10.89, -0.08, -0.02, -0.01
21/07/2026 20:35:23, -15815674, -48017230, 8, 0.95, 0.02, W, 26.1, 26.5, 0.61, 1.96, 10.88, -0.08, -0.02, -0.01
21/07/2026 20:35:54, -15815668, -48017236, 9, 0.95, 0.30, W, 26.1, 26.5, 0.60, 1.96, 10.88, -0.08, -0.02, -0.02
21/07/2026 20:36:24, -15815684, -48017217, 8, 0.95, 0.09, W, 26.0, 26.5, 0.61, 1.96, 10.88, -0.08, -0.02, -0.01
21/07/2026 20:36:55, -15815692, -48017200, 8, 0.95, 0.07, W, 26.0, 26.5, 0.60, 1.96, 10.90, -0.08, -0.02, -0.02
21/07/2026 20:37:26, -15815706, -48017203, 8, 0.96, 0.11, W, 26.0, 26.4, 0.61, 1.97, 10.87, -0.08, -0.02, -0.01
21/07/2026 20:37:56, -15815702, -48017203, 9, 0.96, 0.11, W, 26.0, 26.5, 0.61, 1.95, 10.89, -0.08, -0.02, -0.01
21/07/2026 20:38:27, -15815690, -48017204, 9, 0.96, 0.09, W, 26.0, 26.4, 0.61, 1.96, 10.88, -0.08, -0.02, -0.02
21/07/2026 20:38:58, -15815690, -48017203, 9, 0.96, 0.24, W, 26.0, 26.4, 0.60, 1.96, 10.90, -0.08, -0.02, -0.02
21/07/2026 20:39:29, -15815695, -48017218, 9, 0.96, 0.09, W, 26.0, 26.4, 0.60, 1.97, 10.88, -0.08, -0.02, -0.02
21/07/2026 20:39:59, -15815723, -48017205, 9, 0.96, 0.04, W, 25.9, 26.4, 0.61, 1.96, 10.89, -0.08, -0.02, -0.02
21/07/2026 20:40:30, -15815733, -48017205, 9, 0.92, 0.28, W, 25.9, 26.4, 0.61, 1.96, 10.89, -0.08, -0.02, -0.02
21/07/2026 20:41:01, -15815731, -48017206, 9, 0.92, 0.19, W, 25.9, 26.3, 0.61, 1.95, 10.88, -0.08, -0.02, -0.02
21/07/2026 20:41:31, -15815729, -48017219, 9, 0.92, 0.26, W, 25.9, 26.3, 0.60, 1.96, 10.89, -0.08, -0.02, -0.01
21/07/2026 20:42:02, -15815736, -48017238, 9, 0.93, 1.02, W, 25.9, 26.3, 0.60, 1.96, 10.89, -0.08, -0.02, -0.01
21/07/2026 20:42:33, -15815756, -48017264, 9, 0.93, 0.24, W, 25.9, 26.3, 0.61, 1.96, 10.89, -0.08, -0.02, -0.01
21/07/2026 20:43:04, -15815751, -48017240, 9, 0.93, 0.31, W, 25.9, 26.2, 0.61, 1.96, 10.89, -0.08, -0.02, -0.02
21/07/2026 20:43:34, -15815745, -48017202, 9, 0.93, 0.15, W, 25.9, 26.2, 0.61, 1.96, 10.89, -0.08, -0.02, -0.01
21/07/2026 20:44:05, -15815760, -48017189, 9, 0.93, 0.24, W, 25.9, 26.2, 0.61, 1.95, 10.89, -0.08, -0.02, -0.01
21/07/2026 20:44:36, -15815767, -48017213, 9, 0.93, 0.31, W, 25.9, 26.2, 0.60, 1.96, 10.88, -0.08, -0.02, -0.01
21/07/2026 20:45:06, -15815756, -48017218, 9, 0.93, 0.31, W, 25.9, 26.2, 0.60, 1.97, 10.89, -0.08, -0.02, -0.01
21/07/2026 20:45:37, -15815764, -48017235, 8, 0.97, 0.61, W, 25.9, 26.2, 0.61, 1.97, 10.88, -0.08, -0.02, -0.01
21/07/2026 20:46:08, -15815757, -48017244, 9, 0.94, 0.81, W, 25.9, 26.1, 0.61, 1.96, 10.88, -0.08, -0.02, -0.02
21/07/2026 20:46:38, -15815765, -48017207, 8, 0.97, 0.48, W, 25.8, 26.1, 0.61, 1.97, 10.88, -0.08, -0.02, -0.01
21/07/2026 20:47:09, -15815749, -48017207, 8, 0.97, 0.11, W, 25.8, 26.1, 0.62, 1.97, 10.89, -0.08, -0.02, -0.01
21/07/2026 20:47:40, -15815744, -48017180, 8, 0.97, 0.11, W, 25.8, 26.1, 0.60, 1.96, 10.89, -0.08, -0.02, -0.01
21/07/2026 20:48:11, -15815733, -48017184, 8, 0.97, 0.37, W, 25.9, 26.1, 0.61, 1.96, 10.88, -0.08, -0.02, -0.01
21/07/2026 20:48:41, -15815735, -48017198, 9, 0.98, 0.43, W, 25.8, 26.0, 0.60, 1.96, 10.89, -0.08, -0.02, -0.01
21/07/2026 20:49:12, -15815749, -48017180, 8, 0.98, 0.44, W, 25.9, 26.0, 0.59, 1.97, 10.87, -0.08, -0.02, -0.01
21/07/2026 20:49:43, -15815747, -48017177, 9, 0.94, 0.28, W, 25.8, 26.1, 0.60, 1.96, 10.88, -0.08, -0.02, -0.01
21/07/2026 20:50:13, -15815730, -48017190, 8, 0.98, 0.44, W, 25.8, 26.0, 0.61, 1.97, 10.88, -0.08, -0.02, -0.01
21/07/2026 20:50:44, -15815726, -48017210, 9, 0.95, 0.33, W, 25.8, 26.0, 0.61, 1.96, 10.88, -0.08, -0.02, -0.01
21/07/2026 20:51:15, -15815718, -48017188, 9, 0.98, 0.37, W, 25.8, 26.0, 0.60, 1.98, 10.88, -0.08, -0.02, -0.01
21/07/2026 20:51:46, -15815700, -48017190, 9, 0.98, 0.19, W, 25.8, 26.0, 0.62, 1.97, 10.89, -0.08, -0.02, -0.01
21/07/2026 20:52:16, -15815715, -48017201, 9, 0.98, 0.17, W, 25.6, 25.9, 0.65, 2.25, 10.81, -0.08, -0.02, -0.01
21/07/2026 20:52:47, -15815744, -48017180, 9, 0.95, 0.30, W, 25.6, 25.9, 0.65, 2.26, 10.81, -0.08, -0.02, -0.01
21/07/2026 20:53:18, -15815717, -48017182, 9, 0.95, 0.61, W, 25.6, 25.9, 0.65, 2.25, 10.80, -0.08, -0.02, -0.01
21/07/2026 20:53:48, -15815699, -48017163, 9, 0.95, 0.09, W, 25.6, 25.9, 0.66, 2.26, 10.82, -0.08, -0.02, -0.01
21/07/2026 20:54:19, -15815722, -48017195, 9, 0.98, 0.39, W, 25.5, 25.9, 0.67, 2.26, 10.79, -0.08, -0.02, -0.01
21/07/2026 20:54:50, -15815668, -48017185, 9, 0.96, 0.24, W, 25.5, 25.8, 0.67, 2.25, 10.82, -0.08, -0.02, -0.01
21/07/2026 20:55:21, -15815642, -48017165, 8, 1.03, 0.37, W, 25.6, 25.8, 0.67, 2.26, 10.82, -0.08, -0.02, -0.01
21/07/2026 20:55:51, -15815666, -48017188, 8, 0.96, 0.04, W, 25.5, 25.8, 0.67, 2.25, 10.80, -0.08, -0.02, -0.01
21/07/2026 20:56:22, -15815705, -48017215, 8, 0.99, 0.43, W, 25.5, 25.8, 0.66, 2.26, 10.80, -0.08, -0.02, -0.02
21/07/2026 20:56:53, -15815685, -48017224, 9, 0.96, 0.22, W, 25.5, 25.8, 0.68, 2.27, 10.81, -0.08, -0.02, -0.01
21/07/2026 20:57:23, -15815713, -48017233, 8, 0.99, 0.41, W, 25.5, 25.8, 0.67, 2.26, 10.82, -0.08, -0.02, -0.01
21/07/2026 20:57:54, -15815726, -48017231, 8, 0.99, 0.11, W, 25.5, 25.8, 0.67, 2.26, 10.81, -0.08, -0.02, -0.01
21/07/2026 20:58:25, -15815724, -48017225, 8, 0.99, 0.37, W, 25.5, 25.7, 0.68, 2.26, 10.80, -0.08, -0.02, -0.01
21/07/2026 20:58:55, -15815697, -48017234, 9, 0.99, 0.39, W, 25.5, 25.7, 0.67, 2.27, 10.79, -0.08, -0.02, -0.01
21/07/2026 20:59:26, -15815690, -48017239, 9, 0.99, 0.28, W, 25.5, 25.8, 0.68, 2.28, 10.81, -0.08, -0.02, -0.02
21/07/2026 20:59:57, -15815697, -48017202, 9, 0.97, 0.00, W, 25.4, 25.7, 0.77, 2.51, 10.73, -0.08, -0.02, -0.01
21/07/2026 21:00:28, -15815700, -48017178, 9, 0.99, 0.30, W, 25.5, 25.8, 0.76, 2.51, 10.74, -0.08, -0.02, -0.01
21/07/2026 21:00:58, -15815704, -48017194, 8, 0.99, 0.22, W, 25.5, 25.7, 0.77, 2.50, 10.72, -0.08, -0.02, -0.01
21/07/2026 21:01:29, -15815698, -48017215, 9, 0.97, 1.93, W, 25.5, 25.7, 0.76, 2.52, 10.72, -0.08, -0.02, -0.01
21/07/2026 21:02:00, -15815687, -48017204, 9, 0.97, 0.17, W, 25.5, 25.7, 0.76, 2.52, 10.73, -0.08, -0.02, -0.01
21/07/2026 21:02:30, -15815676, -48017176, 9, 0.97, 0.15, W, 25.4, 25.7, 0.76, 2.53, 10.74, -0.08, -0.02, -0.01
21/07/2026 21:03:01, -15815676, -48017182, 9, 0.97, 0.22, W, 25.4, 25.7, 0.77, 2.52, 10.73, -0.08, -0.02, -0.01
21/07/2026 21:03:32, -15815682, -48017204, 8, 0.99, 0.52, W, 25.4, 25.7, 0.77, 2.53, 10.73, -0.08, -0.02, -0.01
21/07/2026 21:04:03, -15815682, -48017216, 9, 0.97, 0.48, W, 25.4, 25.6, 0.77, 2.52, 10.74, -0.08, -0.02, -0.01
21/07/2026 21:04:33, -15815677, -48017185, 9, 0.98, 0.22, W, 25.4, 25.6, 0.77, 2.52, 10.72, -0.08, -0.02, -0.01
21/07/2026 21:05:04, -15815682, -48017147, 9, 1.00, 0.52, W, 25.4, 25.6, 0.78, 2.52, 10.74, -0.08, -0.02, -0.01
21/07/2026 21:05:35, -15815681, -48017158, 9, 1.11, 0.33, W, 25.4, 25.6, 0.75, 2.52, 10.73, -0.08, -0.02, -0.01
21/07/2026 21:06:06, -15815689, -48017164, 9, 0.98, 0.15, W, 25.4, 25.6, 0.77, 2.53, 10.72, -0.08, -0.02, -0.01
21/07/2026 21:06:36, -15815717, -48017185, 9, 0.98, 0.63, W, 25.4, 25.6, 0.77, 2.53, 10.74, -0.08, -0.02, -0.01
21/07/2026 21:07:07, -15815722, -48017201, 7, 1.09, 0.33, W, 25.4, 25.6, 0.77, 2.53, 10.72, -0.08, -0.02, -0.01
21/07/2026 21:07:38, -15815686, -48017206, 9, 0.98, 0.44, W, 25.3, 25.6, 0.77, 2.53, 10.72, -0.08, -0.02, -0.01
21/07/2026 21:08:08, -15815685, -48017191, 9, 0.98, 0.17, W, 25.3, 25.6, 0.76, 2.53, 10.74, -0.08, -0.02, -0.01
21/07/2026 21:08:39, -15815680, -48017189, 9, 0.98, 0.15, W, 25.3, 25.5, 0.77, 2.54, 10.73, -0.08, -0.02, -0.01
21/07/2026 21:09:10, -15815672, -48017197, 8, 1.00, 0.11, W, 25.3, 25.5, 0.78, 2.53, 10.72, -0.08, -0.02, -0.01
21/07/2026 21:09:41, -15815684, -48017192, 8, 1.11, 0.06, W, 25.3, 25.5, 0.77, 2.53, 10.73, -0.08, -0.02, -0.02
21/07/2026 21:10:11, -15815725, -48017199, 8, 1.00, 0.09, W, 25.3, 25.5, 0.77, 2.53, 10.73, -0.08, -0.02, -0.01
21/07/2026 21:10:42, -15815732, -48017189, 8, 1.00, 0.41, W, 25.3, 25.5, 0.77, 2.53, 10.75, -0.08, -0.02, -0.01
21/07/2026 21:11:13, -15815684, -48017191, 9, 1.05, 0.44, W, 25.3, 25.5, 0.77, 2.53, 10.72, -0.08, -0.02, -0.01
21/07/2026 21:11:43, -15815732, -48017195, 8, 1.09, 0.41, W, 25.3, 25.5, 0.77, 2.54, 10.73, -0.08, -0.02, -0.01
21/07/2026 21:12:14, -15815752, -48017176, 9, 0.99, 0.11, W, 25.3, 25.5, 0.78, 2.55, 10.71, -0.08, -0.02, -0.01
21/07/2026 21:12:45, -15815740, -48017166, 9, 0.99, 0.15, W, 25.4, 25.5, 0.76, 2.54, 10.72, -0.08, -0.02, -0.01
21/07/2026 21:13:16, -15815707, -48017207, 9, 0.99, 0.39, W, 25.4, 25.4, 0.76, 2.54, 10.73, -0.08, -0.02, -0.01
21/07/2026 21:13:46, -15815695, -48017174, 9, 0.99, 0.28, W, 25.4, 25.4, 0.77, 2.54, 10.74, -0.08, -0.02, -0.01
21/07/2026 21:14:17, -15815679, -48017181, 8, 1.01, 0.30, W, 25.4, 25.4, 0.76, 2.54, 10.72, -0.08, -0.02, -0.01
21/07/2026 21:14:48, -15815698, -48017183, 9, 0.99, 0.24, W, 25.4, 25.4, 0.78, 2.55, 10.73, -0.08, -0.02, -0.01
21/07/2026 21:15:18, -15815692, -48017182, 9, 0.99, 0.09, W, 25.4, 25.4, 0.76, 2.54, 10.74, -0.08, -0.02, -0.01
21/07/2026 21:15:49, -15815692, -48017179, 9, 0.99, 0.04, W, 25.4, 25.4, 0.76, 2.54, 10.72, -0.08, -0.02, -0.01
21/07/2026 21:16:20, -15815690, -48017194, 9, 1.01, 0.39, W, 25.5, 25.4, 0.77, 2.54, 10.73, -0.08, -0.02, -0.01
21/07/2026 21:16:51, -15815706, -48017203, 8, 1.06, 0.02, W, 25.5, 25.4, 0.76, 2.55, 10.73, -0.08, -0.02, -0.01
21/07/2026 21:17:21, -15815697, -48017217, 9, 1.06, 0.19, W, 25.5, 25.4, 0.76, 2.55, 10.74, -0.08, -0.02, -0.01
21/07/2026 21:17:52, -15815674, -48017248, 9, 0.99, 0.31, W, 25.5, 25.4, 0.76, 2.54, 10.73, -0.08, -0.02, -0.01
21/07/2026 21:18:23, -15815641, -48017212, 9, 0.99, 0.87, W, 25.6, 25.4, 0.76, 2.55, 10.73, -0.08, -0.02, -0.01
21/07/2026 21:18:53, -15815638, -48017215, 9, 1.03, 0.17, W, 25.6, 25.4, 0.77, 2.53, 10.72, -0.08, -0.02, -0.01
21/07/2026 21:19:24, -15815642, -48017233, 8, 1.09, 0.57, W, 25.7, 25.4, 0.76, 2.86, 10.62, -0.08, -0.02, -0.01
21/07/2026 21:19:55, -15815658, -48017317, 8, 1.09, 0.67, W, 25.7, 25.4, 0.76, 2.86, 10.62, -0.08, -0.02, -0.01
21/07/2026 21:20:26, -15815690, -48017313, 8, 1.07, 0.15, W, 25.7, 25.4, 0.76, 2.87, 10.61, -0.08, -0.02, -0.01
21/07/2026 21:20:56, -15815700, -48017273, 9, 1.00, 0.24, W, 25.7, 25.4, 0.76, 2.86, 10.62, -0.08, -0.02, -0.01
21/07/2026 21:21:27, -15815738, -48017256, 9, 1.03, 0.31, W, 25.7, 25.4, 0.76, 2.86, 10.62, -0.08, -0.02, -0.01
21/07/2026 21:21:58, -15815737, -48017240, 9, 1.00, 1.11, W, 25.7, 25.4, 0.77, 2.87, 10.61, -0.08, -0.02, -0.01
21/07/2026 21:22:28, -15815730, -48017222, 9, 1.03, 0.07, W, 25.7, 25.4, 0.76, 2.86, 10.62, -0.08, -0.02, -0.01
21/07/2026 21:22:59, -15815713, -48017203, 9, 1.00, 0.20, W, 25.7, 25.4, 0.77, 2.87, 10.62, -0.08, -0.02, -0.01
21/07/2026 21:23:30, -15815714, -48017206, 9, 1.07, 0.09, W, 25.7, 25.4, 0.76, 2.87, 10.62, -0.08, -0.02, -0.02
21/07/2026 21:24:01, -15815711, -48017212, 10, 0.87, 0.24, W, 25.7, 25.4, 0.75, 2.87, 10.62, -0.08, -0.02, -0.01
21/07/2026 21:24:31, -15815697, -48017210, 10, 0.80, 0.31, W, 25.7, 25.4, 0.76, 2.88, 10.61, -0.08, -0.02, -0.01
21/07/2026 21:25:02, -15815654, -48017197, 10, 0.80, 0.30, W, 25.7, 25.4, 0.75, 2.88, 10.62, -0.08, -0.02, -0.01
21/07/2026 21:25:33, -15815659, -48017206, 9, 0.84, 0.26, W, 25.7, 25.4, 0.77, 2.88, 10.62, -0.08, -0.02, -0.01
21/07/2026 21:26:03, -15815688, -48017217, 10, 0.93, 0.52, W, 25.7, 25.4, 0.75, 2.87, 10.63, -0.08, -0.02, -0.01
21/07/2026 21:26:34, -15815696, -48017218, 10, 0.80, 0.15, W, 25.7, 25.4, 0.76, 2.88, 10.62, -0.08, -0.02, -0.01
21/07/2026 21:27:05, -15815681, -48017221, 10, 0.81, 0.33, W, 25.7, 25.4, 0.75, 2.89, 10.61, -0.08, -0.02, -0.01
21/07/2026 21:27:35, -15815671, -48017221, 9, 0.84, 0.24, W, 25.7, 25.4, 0.81, 3.06, 10.55, -0.08, -0.02, -0.01
21/07/2026 21:28:06, -15815672, -48017216, 9, 0.84, 0.35, W, 25.7, 25.4, 0.82, 3.07, 10.55, -0.08, -0.02, -0.01
21/07/2026 21:28:37, -15815659, -48017176, 10, 0.84, 0.19, W, 25.7, 25.4, 0.82, 3.06, 10.54, -0.08, -0.02, -0.01
21/07/2026 21:29:08, -15815667, -48017160, 9, 0.84, 0.39, W, 25.7, 25.4, 0.81, 3.06, 10.55, -0.08, -0.02, -0.01
21/07/2026 21:29:38, -15815676, -48017195, 9, 0.84, 0.24, W, 25.7, 25.4, 0.80, 3.07, 10.54, -0.08, -0.02, -0.01
21/07/2026 21:30:09, -15815662, -48017204, 9, 0.93, 0.87, W, 25.7, 25.4, 0.82, 3.06, 10.56, -0.08, -0.02, -0.01
21/07/2026 21:30:40, -15815681, -48017229, 10, 0.84, 0.13, W, 25.7, 25.4, 0.81, 3.07, 10.55, -0.08, -0.02, -0.01
21/07/2026 21:31:10, -15815690, -48017227, 10, 1.03, 0.04, W, 25.7, 25.4, 0.83, 3.06, 10.55, -0.08, -0.02, -0.01
21/07/2026 21:31:41, -15815703, -48017237, 9, 0.84, 0.43, W, 25.7, 25.3, 0.81, 3.06, 10.54, -0.08, -0.02, -0.01
21/07/2026 21:32:12, -15815697, -48017219, 9, 0.84, 0.83, W, 25.7, 25.3, 0.82, 3.08, 10.55, -0.08, -0.02, -0.01
21/07/2026 21:32:43, -15815729, -48017223, 10, 0.82, 0.46, W, 25.7, 25.3, 0.83, 3.07, 10.55, -0.08, -0.02, -0.01
21/07/2026 21:33:13, -15815738, -48017218, 10, 0.82, 0.15, W, 25.7, 25.3, 0.83, 3.06, 10.56, -0.08, -0.02, -0.01
21/07/2026 21:33:44, -15815745, -48017242, 10, 0.82, 0.61, W, 25.7, 25.3, 0.81, 3.06, 10.55, -0.08, -0.02, -0.01
21/07/2026 21:34:15, -15815733, -48017229, 9, 0.84, 0.20, W, 25.7, 25.3, 0.82, 3.07, 10.55, -0.08, -0.02, -0.01
21/07/2026 21:34:45, -15815707, -48017214, 10, 0.84, 0.13, W, 25.7, 25.3, 0.81, 3.08, 10.54, -0.08, -0.02, -0.01
21/07/2026 21:35:16, -15815709, -48017208, 10, 0.84, 0.57, W, 25.7, 25.3, 0.82, 3.07, 10.53, -0.08, -0.02, -0.01
21/07/2026 21:35:47, -15815719, -48017234, 9, 0.84, 0.00, W, 25.7, 25.3, 0.82, 3.08, 10.56, -0.08, -0.02, -0.01
21/07/2026 21:36:18, -15815717, -48017250, 9, 0.84, 0.09, W, 25.7, 25.3, 0.82, 3.08, 10.55, -0.08, -0.02, -0.01
21/07/2026 21:36:48, -15815720, -48017227, 9, 0.84, 0.61, W, 25.7, 25.3, 0.81, 3.09, 10.54, -0.08, -0.02, -0.01
21/07/2026 21:37:19, -15815715, -48017222, 10, 0.85, 0.11, W, 25.7, 25.3, 0.81, 3.09, 10.55, -0.08, -0.02, -0.01
21/07/2026 21:37:50, -15815725, -48017232, 10, 0.83, 0.06, W, 25.7, 25.3, 0.81, 3.08, 10.55, -0.08, -0.02, -0.01
21/07/2026 21:38:21, -15815737, -48017244, 10, 0.87, 0.02, W, 25.7, 25.3, 0.80, 3.10, 10.53, -0.08, -0.02, -0.01
21/07/2026 21:38:51, -15815708, -48017237, 10, 0.85, 0.11, W, 25.6, 25.3, 0.81, 3.11, 10.54, -0.08, -0.02, -0.01
21/07/2026 21:39:22, -15815679, -48017226, 10, 0.85, 0.04, W, 25.6, 25.3, 0.81, 3.09, 10.54, -0.08, -0.02, -0.01
21/07/2026 21:39:53, -15815677, -48017229, 10, 0.85, 0.43, W, 25.6, 25.3, 0.81, 3.09, 10.55, -0.08, -0.02, -0.01
21/07/2026 21:40:23, -15815687, -48017243, 10, 0.85, 0.24, W, 25.6, 25.3, 0.81, 3.10, 10.54, -0.08, -0.02, -0.01
21/07/2026 21:40:54, -15815714, -48017240, 10, 0.83, 0.30, W, 25.5, 25.4, 0.82, 3.09, 10.55, -0.08, -0.02, -0.01
21/07/2026 21:41:25, -15815709, -48017230, 9, 0.85, 0.22, W, 25.5, 25.4, 0.81, 3.10, 10.53, -0.08, -0.02, -0.01
21/07/2026 21:41:56, -15815731, -48017227, 10, 0.83, 0.04, W, 25.5, 25.4, 0.80, 3.09, 10.54, -0.08, -0.02, -0.01
21/07/2026 21:42:26, -15815714, -48017232, 10, 0.85, 0.15, W, 25.5, 25.4, 0.81, 3.10, 10.54, -0.08, -0.02, -0.01
21/07/2026 21:42:57, -15815707, -48017244, 10, 0.85, 0.07, W, 25.5, 25.3, 0.81, 3.09, 10.52, -0.08, -0.02, -0.01
21/07/2026 21:43:28, -15815719, -48017233, 10, 0.83, 0.19, W, 25.5, 25.3, 0.81, 3.10, 10.54, -0.08, -0.02, -0.01
21/07/2026 21:43:59, -15815723, -48017207, 10, 0.83, 0.24, W, 25.5, 25.4, 0.81, 3.10, 10.55, -0.08, -0.02, -0.01
21/07/2026 21:44:29, -15815721, -48017192, 10, 0.83, 0.52, W, 25.5, 25.4, 0.80, 3.10, 10.54, -0.08, -0.02, -0.01
21/07/2026 21:45:00, -15815723, -48017178, 8, 0.92, 0.20, W, 25.5, 25.4, 0.82, 3.10, 10.53, -0.08, -0.02, -0.01
21/07/2026 21:45:31, -15815737, -48017164, 9, 0.87, 0.85, W, 25.5, 25.4, 0.80, 3.11, 10.53, -0.08, -0.02, -0.01
21/07/2026 21:45:47, -15815735, -48017148, 9, 0.87, 3.19, E, 25.5, 25.4, 0.81, 3.10, 10.53, -0.08, -0.02, -0.01
21/07/2026 21:46:17, -15815741, -48017149, 10, 0.92, 0.98, E, 25.5, 25.4, 0.80, 3.10, 10.53, -0.08, -0.02, -0.01
21/07/2026 21:46:48, -15815721, -48017156, 10, 0.83, 0.31, E, 25.6, 25.4, 0.81, 3.11, 10.53, -0.08, -0.02, -0.01
21/07/2026 21:47:19, -15815705, -48017184, 10, 0.85, 0.26, E, 25.6, 25.4, 0.80, 3.10, 10.53, -0.08, -0.02, -0.01
21/07/2026 21:47:50, -15815687, -48017239, 8, 0.94, 0.28, E, 25.6, 25.4, 0.81, 3.10, 10.53, -0.08, -0.02, -0.01
21/07/2026 21:48:20, -15815694, -48017243, 10, 0.84, 0.57, E, 25.6, 25.4, 0.82, 3.10, 10.54, -0.08, -0.02, -0.01
21/07/2026 21:48:51, -15815713, -48017243, 9, 0.89, 0.30, E, 25.7, 25.4, 0.81, 3.10, 10.53, -0.08, -0.02, -0.01
21/07/2026 21:49:22, -15815741, -48017257, 10, 0.84, 0.44, E, 25.7, 25.4, 0.80, 3.11, 10.55, -0.08, -0.02, -0.01
21/07/2026 21:49:52, -15815716, -48017245, 9, 1.18, 0.17, E, 25.7, 25.4, 0.80, 3.10, 10.53, -0.08, -0.02, -0.01
21/07/2026 21:50:23, -15815713, -48017251, 10, 0.84, 0.24, E, 25.7, 25.4, 0.82, 3.11, 10.55, -0.08, -0.02, -0.01
21/07/2026 21:50:41, -15815727, -48017243, 10, 0.84, 2.13, E, 25.7, 25.4, 0.81, 3.11, 10.52, -0.08, -0.02, -0.01
21/07/2026 21:51:00, -15815720, -48017256, 9, 0.89, 2.06, E, 25.7, 25.4, 0.81, 3.11, 10.52, -0.08, -0.02, -0.01
21/07/2026 21:51:12, -15815705, -48017268, 10, 0.84, 2.19, E, 25.7, 25.4, 0.81, 3.11, 10.53, -0.08, -0.02, -0.01
21/07/2026 21:51:42, -15815691, -48017284, 9, 0.96, 0.89, NNW, 26.2, 25.4, 0.91, 3.90, 10.19, -0.08, -0.02, -0.01
21/07/2026 21:52:13, -15815695, -48017220, 9, 0.96, 0.48, NNW, 26.2, 25.4, 0.92, 3.91, 10.18, -0.08, -0.02, -0.01
21/07/2026 21:52:44, -15815703, -48017162, 10, 0.86, 0.11, NNW, 26.0, 25.4, 1.04, 4.18, 10.06, -0.08, -0.02, -0.01
21/07/2026 21:53:11, -15815737, -48017134, 9, 0.86, 2.33, NW, 25.9, 25.4, 1.03, 4.19, 10.05, -0.08, -0.02, -0.01
21/07/2026 21:53:42, -15815731, -48017149, 10, 0.84, 0.63, NW, 25.9, 25.4, 1.03, 4.18, 10.04, -0.08, -0.02, -0.01
21/07/2026 21:54:13, -15815741, -48017169, 10, 0.84, 0.19, NW, 25.8, 25.4, 1.03, 4.18, 10.04, -0.08, -0.02, -0.01
21/07/2026 21:54:44, -15815726, -48017194, 9, 0.92, 0.56, NW, 25.8, 25.4, 1.03, 4.19, 10.05, -0.08, -0.02, -0.01
21/07/2026 21:55:14, -15815717, -48017221, 8, 1.03, 0.24, NW, 25.7, 25.4, 1.04, 4.20, 10.05, -0.08, -0.02, -0.01
21/07/2026 21:55:45, -15815714, -48017218, 9, 0.95, 0.11, NW, 25.7, 25.5, 1.05, 4.19, 10.04, -0.08, -0.02, -0.01
21/07/2026 21:56:16, -15815724, -48017219, 9, 0.87, 0.30, NW, 25.6, 25.4, 1.03, 4.19, 10.05, -0.08, -0.02, -0.01
21/07/2026 21:56:46, -15815696, -48017202, 10, 0.92, 0.20, NW, 25.6, 25.4, 1.05, 4.19, 10.05, -0.08, -0.02, -0.01
21/07/2026 21:57:17, -15815683, -48017188, 8, 0.97, 0.57, NW, 25.5, 25.5, 1.04, 4.19, 10.03, -0.08, -0.02, -0.01
21/07/2026 21:57:48, -15815687, -48017199, 8, 1.02, 0.06, NW, 25.5, 25.5, 1.05, 4.19, 10.03, -0.08, -0.02, -0.01
21/07/2026 21:58:19, -15815707, -48017233, 8, 1.02, 0.20, NW, 25.5, 25.4, 1.03, 4.20, 10.05, -0.08, -0.02, -0.01
21/07/2026 21:58:49, -15815725, -48017221, 9, 1.02, 0.37, NW, 25.4, 25.4, 1.04, 4.19, 10.06, -0.08, -0.02, -0.01
21/07/2026 21:59:17, -15815751, -48017215, 9, 0.92, 2.22, NW, 25.4, 25.4, 1.04, 4.20, 10.05, -0.08, -0.02, -0.01
21/07/2026 21:59:48, -15815788, -48017190, 9, 0.93, 0.22, NW, 25.3, 25.4, 1.04, 4.20, 10.04, -0.08, -0.02, -0.01
21/07/2026 22:00:18, -15815803, -48017221, 8, 1.02, 0.28, NW, 25.3, 25.4, 1.05, 4.20, 10.04, -0.08, -0.02, -0.01
21/07/2026 22:00:49, -15815772, -48017229, 8, 0.98, 0.43, NW, 25.3, 25.5, 1.03, 4.20, 10.02, -0.08, -0.02, -0.01
21/07/2026 22:01:20, -15815736, -48017219, 9, 1.18, 0.50, NW, 25.2, 25.4, 1.04, 4.20, 10.04, -0.08, -0.02, -0.02
21/07/2026 22:01:50, -15815720, -48017198, 10, 0.88, 0.24, NW, 25.2, 25.4, 1.03, 4.21, 10.03, -0.08, -0.02, -0.01
21/07/2026 22:02:21, -15815718, -48017194, 10, 0.86, 0.37, NW, 25.2, 25.4, 1.03, 4.20, 10.04, -0.08, -0.02, -0.01
21/07/2026 22:02:52, -15815713, -48017190, 9, 1.05, 0.31, NW, 25.1, 25.4, 1.04, 4.20, 10.03, -0.08, -0.02, -0.01
21/07/2026 22:03:23, -15815736, -48017210, 9, 1.05, 0.43, NW, 25.1, 25.4, 1.03, 4.21, 10.04, -0.08, -0.02, -0.01
21/07/2026 22:03:46, -15815722, -48017200, 9, 1.23, 2.43, NE, 25.0, 25.4, 1.04, 4.21, 10.02, -0.08, -0.02, -0.01
21/07/2026 22:04:16, -15815703, -48017165, 10, 0.86, 0.28, NE, 25.0, 25.4, 1.04, 4.20, 10.03, -0.08, -0.02, -0.01
21/07/2026 22:04:47, -15815685, -48017164, 10, 0.88, 0.74, NE, 25.0, 25.4, 1.04, 4.20, 10.04, -0.08, -0.02, -0.01
21/07/2026 22:05:18, -15815707, -48017182, 10, 0.86, 0.33, NE, 25.0, 25.4, 1.05, 4.21, 10.05, -0.08, -0.02, -0.01
21/07/2026 22:05:49, -15815697, -48017162, 10, 0.86, 0.46, NE, 24.9, 25.3, 1.04, 4.20, 10.04, -0.08, -0.02, -0.01
21/07/2026 22:06:19, -15815698, -48017177, 10, 0.86, 0.17, NE, 24.9, 25.4, 1.04, 4.20, 10.03, -0.08, -0.02, -0.01
21/07/2026 22:06:50, -15815708, -48017188, 10, 0.86, 0.17, NE, 24.9, 25.3, 1.04, 4.21, 10.03, -0.08, -0.02, -0.01
21/07/2026 22:07:21, -15815697, -48017193, 9, 0.93, 0.63, NE, 24.8, 25.3, 1.03, 4.21, 10.03, -0.08, -0.02, -0.01
21/07/2026 22:07:52, -15815685, -48017208, 10, 0.93, 0.07, NE, 24.8, 25.3, 1.04, 4.21, 10.04, -0.08, -0.02, -0.01
21/07/2026 22:08:22, -15815686, -48017221, 10, 0.95, 0.74, NE, 24.7, 25.3, 1.03, 4.20, 10.02, -0.08, -0.02, -0.01
21/07/2026 22:08:53, -15815695, -48017169, 9, 0.95, 0.24, NE, 24.7, 25.3, 1.04, 4.22, 10.03, -0.08, -0.02, -0.01
21/07/2026 22:09:24, -15815696, -48017138, 9, 1.05, 0.94, NE, 24.7, 25.3, 1.04, 4.21, 10.03, -0.08, -0.02, -0.01
21/07/2026 22:09:54, -15815714, -48017136, 10, 0.87, 0.39, NE, 24.7, 25.2, 1.04, 4.21, 10.04, -0.08, -0.02, -0.01
21/07/2026 22:10:25, -15815712, -48017151, 9, 0.95, 0.07, NE, 24.6, 25.2, 1.03, 4.21, 10.04, -0.08, -0.02, -0.01
21/07/2026 22:10:56, -15815695, -48017193, 10, 0.95, 0.24, NE, 24.6, 25.2, 1.04, 4.21, 10.04, -0.08, -0.02, -0.01
21/07/2026 22:11:23, -15815687, -48017164, 9, 0.95, 3.32, WNW, 24.6, 25.2, 1.05, 4.21, 10.03, -0.08, -0.02, -0.01
21/07/2026 22:11:54, -15815682, -48017128, 10, 0.87, 0.74, WNW, 24.7, 25.2, 1.04, 4.21, 10.02, -0.08, -0.02, -0.01
21/07/2026 22:12:25, -15815691, -48017197, 9, 0.91, 0.07, WNW, 24.9, 25.2, 1.55, 5.24, 9.39, -0.07, -0.02, 0.01
21/07/2026 22:12:56, -15815701, -48017211, 10, 0.87, 0.31, WNW, 25.5, 25.1, 1.62, 4.76, 9.66, -0.08, -0.02, -0.01
21/07/2026 22:13:26, -15815703, -48017194, 10, 0.87, 0.11, WNW, 25.3, 25.1, 1.63, 4.77, 9.65, -0.08, -0.02, -0.01
21/07/2026 22:13:57, -15815708, -48017208, 10, 0.88, 0.15, WNW, 25.3, 25.1, 1.63, 4.78, 9.64, -0.08, -0.02, -0.01
21/07/2026 22:14:11, -15815722, -48017212, 9, 0.96, 2.17, WNW, 25.3, 25.1, 1.62, 4.78, 9.64, -0.08, -0.02, -0.01
21/07/2026 22:14:42, -15815727, -48017219, 8, 1.06, 0.22, WNW, 25.4, 25.1, 1.63, 4.78, 9.64, -0.08, -0.02, -0.01
21/07/2026 22:15:12, -15815699, -48017224, 8, 1.06, 0.26, WNW, 25.5, 25.1, 1.62, 4.78, 9.63, -0.08, -0.02, -0.01
21/07/2026 22:15:43, -15815677, -48017171, 9, 0.97, 0.06, WNW, 25.5, 25.1, 1.62, 4.78, 9.63, -0.08, -0.02, -0.01
21/07/2026 22:16:14, -15815700, -48017164, 8, 1.04, 0.02, WNW, 25.6, 25.1, 1.62, 4.79, 9.64, -0.08, -0.02, -0.01
21/07/2026 22:16:45, -15815699, -48017167, 9, 1.04, 0.15, WNW, 25.7, 25.1, 1.63, 4.79, 9.64, -0.08, -0.02, -0.01
21/07/2026 22:17:15, -15815685, -48017183, 9, 1.04, 0.17, WNW, 25.8, 25.1, 1.62, 4.79, 9.63, -0.08, -0.02, -0.01
21/07/2026 22:17:46, -15815671, -48017181, 9, 1.05, 0.20, WNW, 25.8, 25.1, 1.62, 4.79, 9.64, -0.08, -0.02, -0.01
21/07/2026 22:18:17, -15815670, -48017153, 10, 0.88, 0.69, WNW, 26.0, 25.1, 1.61, 4.79, 9.64, -0.08, -0.02, -0.01
21/07/2026 22:18:48, -15815695, -48017145, 9, 0.91, 0.63, WNW, 26.0, 25.0, 1.62, 4.79, 9.64, -0.08, -0.02, -0.01
21/07/2026 22:19:18, -15815738, -48017127, 10, 0.98, 0.30, WNW, 26.1, 25.1, 1.63, 4.79, 9.62, -0.08, -0.02, -0.01
21/07/2026 22:19:49, -15815738, -48017123, 9, 1.07, 0.06, WNW, 26.2, 25.1, 1.62, 4.79, 9.63, -0.08, -0.02, -0.01
21/07/2026 22:20:20, -15815739, -48017138, 10, 1.01, 0.09, WNW, 26.2, 25.1, 1.62, 4.79, 9.63, -0.08, -0.02, -0.01
21/07/2026 22:20:50, -15815728, -48017170, 10, 0.91, 0.09, WNW, 26.3, 25.1, 1.74, 4.94, 9.35, -0.02, -0.04, -0.02
# BOOT bootCount=1 reset_reason=1
22/07/2026 19:03:05, -15826234, -47987397, 0, 0.00, 0.24, N, 34.0, 25.7, 1.92, -3.20, 10.59, -0.08, -0.02, -0.02
22/07/2026 19:03:35, -15826254, -47987444, 6, 1.50, 0.96, N, 33.4, 25.7, 1.96, -3.47, 10.72, -0.08, -0.02, -0.02
22/07/2026 19:04:06, -15826261, -47987463, 8, 1.16, 0.02, N, 33.2, 25.8, 1.94, -3.26, 10.51, -0.09, -0.02, -0.01
22/07/2026 19:04:37, -15826274, -47987475, 9, 1.02, 0.15, N, 33.6, 25.8, 1.94, -3.25, 10.51, -0.08, -0.02, -0.01
22/07/2026 19:04:58, -15826259, -47987488, 10, 0.95, 2.13, N, 33.6, 25.9, 2.18, -3.17, 10.47, -0.11, 0.02, -0.11
22/07/2026 19:05:08, -15826271, -47987447, 10, 0.99, 2.87, SSE, 34.0, 26.0, 2.03, -3.28, 10.58, -0.10, 0.02, -0.10
22/07/2026 19:05:19, -15826450, -47987389, 10, 0.99, 7.63, SSE, 33.9, 26.0, 2.08, -2.94, 9.97, -0.12, -0.02, -0.01
22/07/2026 19:05:29, -15826620, -47987280, 10, 0.99, 6.33, SE, 33.8, 26.1, 1.69, -2.16, 10.71, -0.03, -0.08, 0.21
22/07/2026 19:05:40, -15826673, -47987115, 9, 0.98, 5.28, ENE, 33.6, 26.1, 2.04, -2.74, 10.62, -0.09, -0.01, -0.01
22/07/2026 19:05:51, -15826626, -47986987, 9, 1.02, 4.98, ENE, 33.5, 26.1, 2.27, -3.12, 10.43, -0.07, 0.01, -0.01
22/07/2026 19:06:05, -15826618, -47986917, 11, 0.80, 2.41, ENE, 33.4, 26.2, 2.15, -3.15, 10.49, -0.07, -0.02, 0.01
22/07/2026 19:06:13, -15826324, -47986935, 9, 1.02, 12.96, NNW, 33.1, 26.2, 2.21, -3.33, 10.38, -0.09, -0.01, -0.02
22/07/2026 19:06:24, -15825788, -47987156, 10, 0.87, 23.34, NNW, 32.6, 26.3, 1.49, -3.46, 10.44, -0.09, -0.02, -0.01
22/07/2026 19:06:34, -15825378, -47987315, 10, 0.84, 13.76, NNW, 32.5, 26.3, 2.38, -3.34, 10.36, -0.08, -0.02, -0.02
22/07/2026 19:06:45, -15824847, -47987525, 10, 0.84, 19.76, NNW, 32.3, 26.4, 1.30, -3.17, 10.61, -0.09, -0.01, -0.02
22/07/2026 19:06:55, -15824442, -47987686, 10, 0.84, 23.15, NNW, 32.2, 26.4, 2.02, -3.38, 10.38, -0.09, -0.00, -0.01
22/07/2026 19:07:06, -15823879, -47987896, 9, 0.87, 12.80, NNW, 31.9, 26.5, 0.77, -3.11, 10.62, -0.08, -0.01, -0.01
22/07/2026 19:07:17, -15823566, -47988014, 10, 0.84, 14.00, NNW, 31.8, 26.5, 1.17, -3.12, 10.57, -0.09, -0.01, -0.02
22/07/2026 19:07:27, -15823441, -47988235, 11, 0.84, 16.41, WSW, 31.6, 26.6, 1.85, -3.09, 10.60, -0.04, -0.03, 0.02
22/07/2026 19:07:38, -15823581, -47988696, 10, 0.84, 17.02, WSW, 31.3, 26.6, 1.85, -3.23, 10.85, -0.13, -0.02, -0.05
22/07/2026 19:07:48, -15823688, -47988996, 11, 0.81, 17.82, WSW, 31.2, 26.7, 1.97, -3.61, 10.36, -0.09, -0.01, -0.03
22/07/2026 19:07:59, -15823895, -47989500, 11, 0.84, 18.32, WSW, 31.0, 26.7, 0.76, -3.30, 10.35, -0.10, 0.01, -0.01
22/07/2026 19:08:10, -15824008, -47989827, 10, 0.84, 15.74, WSW, 30.8, 26.8, 1.50, -3.35, 9.94, -0.12, 0.01, -0.05
22/07/2026 19:08:20, -15823842, -47990083, 11, 0.81, 20.43, NNW, 30.8, 26.8, 1.71, -3.11, 10.80, -0.10, -0.01, -0.01
22/07/2026 19:08:31, -15823509, -47990226, 11, 0.81, 4.63, NNW, 30.7, 26.8, 1.88, -3.39, 10.39, -0.06, 0.03, 0.00
22/07/2026 19:08:41, -15823059, -47990409, 11, 1.00, 26.19, NNW, 30.7, 26.8, 1.45, -3.38, 10.77, -0.08, -0.02, -0.01
22/07/2026 19:08:52, -15822604, -47990570, 11, 0.81, 7.19, NNW, 30.6, 26.9, 2.56, -3.55, 10.47, -0.06, -0.03, -0.02
22/07/2026 19:09:03, -15822099, -47990796, 11, 1.02, 21.61, NNW, 31.1, 27.0, 2.19, -3.30, 10.44, -0.07, -0.02, 0.02
22/07/2026 19:09:13, -15821737, -47990936, 10, 0.96, 8.59, NNW, 31.0, 27.0, 2.33, -3.33, 10.11, -0.08, -0.02, -0.01
22/07/2026 19:09:24, -15821457, -47990665, 11, 0.81, 22.19, ENE, 31.0, 27.1, 2.18, -2.91, 10.63, -0.08, -0.03, -0.00
22/07/2026 19:09:34, -15821233, -47990295, 10, 0.82, 8.76, NNE, 31.1, 27.1, 2.21, -2.58, 10.63, -0.06, -0.05, 0.14
22/07/2026 19:09:45, -15820806, -47990436, 9, 0.87, 18.11, NNW, 31.0, 27.1, 1.63, -3.16, 10.57, -0.08, -0.01, -0.00
22/07/2026 19:09:56, -15820454, -47990575, 10, 0.82, 7.43, NNW, 30.9, 27.2, 1.75, -3.23, 10.59, -0.08, -0.01, -0.01
22/07/2026 19:10:06, -15820080, -47990730, 11, 0.82, 22.72, NNW, 30.9, 27.2, 2.10, -3.51, 10.51, -0.09, -0.02, -0.02
22/07/2026 19:10:17, -15819629, -47990907, 10, 0.87, 15.08, NNW, 30.7, 27.3, 2.65, -3.55, 10.27, -0.09, -0.01, -0.02
22/07/2026 19:10:27, -15819215, -47991051, 10, 0.96, 15.52, NNW, 30.6, 27.3, 2.54, -3.59, 10.44, -0.06, -0.02, -0.01
22/07/2026 19:10:38, -15818791, -47991201, 10, 0.82, 12.15, NNW, 30.4, 27.3, 2.33, -4.88, 9.98, -0.14, 0.08, -0.31
22/07/2026 19:10:48, -15818571, -47990794, 11, 0.81, 23.06, ENE, 30.3, 27.3, 1.80, -2.67, 10.79, -0.08, -0.02, -0.01
22/07/2026 19:10:59, -15818177, -47990608, 11, 0.81, 18.87, NNW, 30.1, 27.4, 1.56, -3.29, 10.56, -0.09, -0.02, -0.01
22/07/2026 19:11:10, -15817810, -47990775, 9, 0.96, 23.35, NNW, 30.0, 27.4, 2.37, -3.66, 10.29, -0.10, -0.01, -0.01
22/07/2026 19:11:20, -15817187, -47991045, 11, 0.81, 26.76, NNW, 29.9, 27.5, 1.79, -3.39, 10.51, -0.08, -0.02, 0.00
22/07/2026 19:11:31, -15816626, -47991263, 10, 0.87, 26.98, NNW, 29.7, 27.5, 1.76, -3.44, 10.39, -0.09, -0.02, -0.02
22/07/2026 19:11:41, -15816126, -47991450, 10, 0.96, 14.48, NNW, 29.5, 27.5, 1.64, -3.39, 10.30, -0.07, -0.03, -0.03
22/07/2026 19:11:52, -15815929, -47991471, 9, 0.96, 13.11, NE, 29.5, 27.5, 2.79, -4.42, 9.85, -0.12, 0.09, -0.33
22/07/2026 19:12:03, -15815735, -47990962, 11, 0.87, 18.59, ENE, 29.5, 27.5, 1.76, -2.82, 10.58, -0.08, -0.02, -0.01
22/07/2026 19:12:13, -15815474, -47990868, 11, 0.84, 12.24, NNW, 29.5, 27.5, 1.27, -3.22, 10.60, -0.08, -0.02, -0.01
22/07/2026 19:12:24, -15815302, -47990939, 11, 0.81, 2.11, NW, 29.5, 27.5, 1.02, -3.24, 10.66, -0.07, -0.04, 0.08
22/07/2026 19:12:34, -15815294, -47990916, 11, 0.81, 2.00, ENE, 29.4, 27.6, 1.87, -3.22, 10.37, -0.07, -0.03, 0.04
22/07/2026 19:13:05, -15815268, -47990944, 10, 0.87, 0.39, ENE, 29.5, 27.7, 1.33, -3.19, 10.56, -0.08, -0.02, -0.02
22/07/2026 19:13:36, -15815254, -47990932, 11, 0.87, 0.54, ENE, 29.6, 27.7, 1.30, -3.22, 10.61, -0.08, -0.02, -0.02
22/07/2026 19:14:06, -15815272, -47990923, 9, 1.66, 0.48, ENE, 29.4, 27.8, 1.29, -3.19, 10.61, -0.09, -0.02, -0.02
22/07/2026 19:14:37, -15815257, -47990947, 11, 0.95, 0.65, ENE, 29.5, 27.9, 1.28, -3.18, 10.62, -0.08, -0.02, -0.02
22/07/2026 19:14:59, -15815227, -47990954, 11, 0.95, 2.11, ENE, 29.5, 27.9, 1.30, -3.19, 10.61, -0.08, -0.02, -0.02
22/07/2026 19:15:30, -15815215, -47990940, 11, 0.87, 0.37, ENE, 29.6, 28.0, 1.31, -3.19, 10.62, -0.08, -0.02, -0.02
22/07/2026 19:16:01, -15815263, -47990921, 11, 0.87, 0.48, ENE, 29.5, 28.0, 1.29, -3.19, 10.63, -0.08, -0.02, -0.02
22/07/2026 19:16:32, -15815276, -47990926, 11, 0.98, 0.07, ENE, 29.4, 28.2, 1.30, -3.19, 10.63, -0.08, -0.02, -0.02
22/07/2026 19:17:02, -15815282, -47990914, 11, 1.01, 0.06, ENE, 29.3, 28.2, 1.30, -3.18, 10.64, -0.08, -0.02, -0.02
22/07/2026 19:17:33, -15815290, -47990902, 10, 0.98, 0.02, ENE, 29.1, 28.2, 1.29, -3.19, 10.62, -0.08, -0.02, -0.02
22/07/2026 19:18:04, -15815277, -47990896, 10, 0.88, 0.19, ENE, 29.0, 28.3, 1.28, -3.19, 10.61, -0.08, -0.02, -0.02
22/07/2026 19:18:35, -15815247, -47990890, 11, 0.88, 0.11, ENE, 28.8, 28.4, 1.28, -3.18, 10.62, -0.08, -0.02, -0.02
22/07/2026 19:19:05, -15815258, -47990872, 11, 0.88, 0.13, ENE, 28.7, 28.4, 1.28, -3.19, 10.63, -0.09, -0.02, -0.02
22/07/2026 19:19:36, -15815266, -47990877, 9, 0.99, 0.09, ENE, 28.6, 28.5, 1.28, -3.18, 10.62, -0.08, -0.02, -0.02
22/07/2026 19:20:07, -15815273, -47990882, 11, 1.16, 0.02, ENE, 28.5, 28.6, 1.29, -3.18, 10.61, -0.08, -0.02, -0.02
22/07/2026 19:20:37, -15815281, -47990872, 12, 1.00, 0.04, ENE, 28.3, 28.7, 1.29, -3.18, 10.62, -0.08, -0.02, -0.02
22/07/2026 19:21:08, -15815290, -47990880, 11, 0.78, 0.09, ENE, 28.1, 28.7, 1.27, -3.18, 10.62, -0.08, -0.02, -0.02
22/07/2026 19:21:39, -15815296, -47990897, 10, 0.86, 0.04, ENE, 28.0, 28.8, 1.29, -3.18, 10.63, -0.08, -0.02, -0.02
22/07/2026 19:22:10, -15815301, -47990897, 11, 0.86, 0.00, ENE, 27.9, 28.9, 1.28, -3.18, 10.64, -0.08, -0.02, -0.02
22/07/2026 19:22:40, -15815288, -47990909, 10, 0.91, 0.24, ENE, 27.8, 28.9, 1.28, -3.18, 10.62, -0.08, -0.02, -0.02
22/07/2026 19:23:11, -15815281, -47990916, 12, 0.73, 0.20, ENE, 28.0, 29.0, 1.29, -3.18, 10.64, -0.08, -0.02, -0.02
22/07/2026 19:23:42, -15815277, -47990903, 11, 0.85, 0.15, ENE, 27.9, 29.0, 1.29, -3.18, 10.63, -0.08, -0.02, -0.02
22/07/2026 19:24:12, -15815277, -47990919, 12, 0.98, 0.09, ENE, 27.8, 29.1, 1.28, -3.18, 10.62, -0.08, -0.02, -0.02
22/07/2026 19:24:43, -15815257, -47990940, 12, 1.05, 0.46, ENE, 27.6, 29.2, 1.28, -3.19, 10.63, -0.08, -0.02, -0.02
22/07/2026 19:25:14, -15815253, -47990944, 12, 0.82, 0.17, ENE, 27.6, 29.2, 1.27, -3.19, 10.62, -0.08, -0.02, -0.02
22/07/2026 19:25:45, -15815237, -47990954, 11, 0.82, 0.26, ENE, 27.6, 29.3, 1.29, -3.19, 10.62, -0.08, -0.02, -0.02
22/07/2026 19:26:15, -15815221, -47990971, 12, 0.82, 0.65, ENE, 27.5, 29.3, 1.28, -3.18, 10.63, -0.08, -0.02, -0.02
22/07/2026 19:26:46, -15815210, -47990981, 11, 0.88, 0.06, ENE, 27.3, 29.4, 1.28, -3.18, 10.64, -0.08, -0.02, -0.02
22/07/2026 19:27:17, -15815207, -47990971, 12, 0.82, 0.24, ENE, 27.3, 29.4, 1.28, -3.18, 10.62, -0.08, -0.02, -0.02
22/07/2026 19:27:47, -15815202, -47990984, 12, 0.82, 0.06, ENE, 27.2, 29.4, 1.28, -3.19, 10.63, -0.08, -0.02, -0.02
22/07/2026 19:28:18, -15815204, -47990980, 10, 1.03, 0.19, ENE, 27.2, 29.5, 1.28, -3.18, 10.63, -0.08, -0.02, -0.02
22/07/2026 19:28:49, -15815216, -47990955, 11, 0.87, 0.20, ENE, 27.1, 29.5, 1.28, -3.19, 10.61, -0.08, -0.02, -0.02
22/07/2026 19:29:19, -15815207, -47990947, 12, 0.87, 0.15, ENE, 27.0, 29.5, 1.28, -3.18, 10.63, -0.08, -0.02, -0.02
22/07/2026 19:29:50, -15815221, -47990920, 11, 0.87, 0.07, ENE, 27.0, 29.6, 1.28, -3.18, 10.63, -0.08, -0.02, -0.02
22/07/2026 19:30:21, -15815237, -47990913, 11, 0.82, 0.30, ENE, 26.9, 29.5, 1.28, -3.18, 10.63, -0.08, -0.02, -0.02
22/07/2026 19:30:52, -15815238, -47990918, 11, 0.75, 0.13, ENE, 26.9, 29.6, 1.28, -3.18, 10.61, -0.08, -0.02, -0.02
22/07/2026 19:31:22, -15815238, -47990946, 11, 0.80, 0.26, ENE, 26.8, 29.6, 1.29, -3.19, 10.64, -0.08, -0.02, -0.02
22/07/2026 19:31:53, -15815256, -47990932, 10, 0.92, 0.46, ENE, 26.7, 29.6, 1.28, -3.18, 10.63, -0.08, -0.02, -0.02
22/07/2026 19:32:24, -15815263, -47990903, 11, 0.80, 0.04, ENE, 26.7, 29.6, 1.28, -3.18, 10.63, -0.08, -0.02, -0.02
22/07/2026 19:32:54, -15815263, -47990914, 11, 1.13, 0.04, ENE, 26.7, 29.7, 1.28, -3.19, 10.63, -0.08, -0.02, -0.02
22/07/2026 19:33:25, -15815279, -47990906, 11, 1.13, 0.04, ENE, 26.6, 29.7, 1.28, -3.19, 10.63, -0.08, -0.02, -0.02
22/07/2026 19:33:56, -15815286, -47990922, 10, 1.13, 0.06, ENE, 26.6, 29.7, 1.28, -3.18, 10.63, -0.08, -0.02, -0.02
22/07/2026 19:34:27, -15815290, -47990935, 11, 0.91, 0.33, ENE, 26.5, 29.7, 1.28, -3.17, 10.63, -0.08, -0.02, -0.02
22/07/2026 19:34:57, -15815304, -47990956, 11, 0.91, 0.04, ENE, 26.5, 29.7, 1.29, -3.19, 10.62, -0.08, -0.02, -0.02
22/07/2026 19:35:28, -15815296, -47990958, 10, 0.90, 0.00, ENE, 26.4, 29.7, 1.29, -3.18, 10.63, -0.08, -0.02, -0.02
22/07/2026 19:35:59, -15815305, -47990971, 11, 1.01, 0.11, ENE, 26.4, 29.8, 1.28, -3.18, 10.64, -0.09, -0.02, -0.02
22/07/2026 19:36:29, -15815277, -47990959, 11, 0.91, 0.22, ENE, 26.4, 29.8, 1.28, -3.18, 10.64, -0.08, -0.02, -0.02
22/07/2026 19:37:00, -15815266, -47990922, 11, 0.91, 0.19, ENE, 26.4, 29.8, 1.28, -3.18, 10.62, -0.08, -0.02, -0.02
22/07/2026 19:37:31, -15815257, -47990902, 10, 0.84, 0.20, ENE, 26.3, 29.8, 1.28, -3.18, 10.62, -0.08, -0.02, -0.02
22/07/2026 19:38:02, -15815256, -47990877, 11, 0.91, 0.02, ENE, 26.3, 29.8, 1.28, -3.19, 10.63, -0.08, -0.02, -0.02
22/07/2026 19:38:32, -15815262, -47990865, 11, 1.10, 0.22, ENE, 26.2, 29.8, 1.28, -3.19, 10.62, -0.08, -0.02, -0.02
22/07/2026 19:39:03, -15815260, -47990857, 10, 1.00, 0.07, ENE, 26.2, 29.9, 1.28, -3.18, 10.63, -0.08, -0.02, -0.02
22/07/2026 19:39:34, -15815255, -47990867, 11, 1.00, 0.00, ENE, 26.2, 29.9, 1.28, -3.18, 10.62, -0.08, -0.02, -0.02
22/07/2026 19:40:04, -15815253, -47990872, 9, 0.99, 0.11, ENE, 26.1, 29.9, 1.28, -3.19, 10.64, -0.08, -0.02, -0.02
22/07/2026 19:40:35, -15815245, -47990875, 11, 0.99, 0.13, ENE, 26.1, 29.9, 1.28, -3.18, 10.63, -0.08, -0.02, -0.02
22/07/2026 19:41:06, -15815244, -47990869, 10, 1.09, 0.02, ENE, 26.1, 29.9, 1.28, -3.18, 10.63, -0.08, -0.02, -0.02
22/07/2026 19:41:36, -15815255, -47990868, 11, 1.09, 0.04, ENE, 26.3, 30.0, 1.28, -3.18, 10.62, -0.08, -0.02, -0.02
22/07/2026 19:42:07, -15815266, -47990871, 10, 0.86, 0.04, ENE, 26.2, 30.0, 1.28, -3.18, 10.63, -0.08, -0.02, -0.02
22/07/2026 19:42:38, -15815261, -47990867, 11, 0.90, 0.04, ENE, 26.2, 30.0, 1.29, -3.19, 10.63, -0.08, -0.02, -0.02
22/07/2026 19:43:09, -15815254, -47990848, 11, 0.88, 0.06, ENE, 26.2, 30.0, 1.28, -3.18, 10.61, -0.08, -0.02, -0.02
22/07/2026 19:43:39, -15815266, -47990846, 11, 0.90, 0.09, ENE, 26.2, 30.0, 1.27, -3.18, 10.63, -0.08, -0.02, -0.02
22/07/2026 19:44:10, -15815268, -47990843, 11, 0.99, 0.00, ENE, 26.1, 30.0, 1.29, -3.18, 10.61, -0.08, -0.02, -0.02
22/07/2026 19:44:41, -15815249, -47990849, 10, 1.08, 0.04, ENE, 26.1, 30.1, 1.27, -3.19, 10.62, -0.08, -0.02, -0.02
22/07/2026 19:45:11, -15815225, -47990840, 10, 1.13, 0.17, ENE, 26.1, 30.1, 1.28, -3.19, 10.62, -0.08, -0.02, -0.02
22/07/2026 19:45:42, -15815226, -47990841, 10, 1.13, 0.02, ENE, 26.0, 30.0, 1.28, -3.18, 10.63, -0.08, -0.02, -0.02
22/07/2026 19:46:13, -15815247, -47990854, 10, 0.96, 0.15, ENE, 26.0, 30.1, 1.28, -3.18, 10.63, -0.08, -0.02, -0.02
22/07/2026 19:46:44, -15815279, -47990880, 11, 0.95, 0.17, ENE, 25.9, 30.1, 1.28, -3.18, 10.63, -0.08, -0.02, -0.02
22/07/2026 19:47:14, -15815259, -47990885, 11, 0.95, 0.17, ENE, 25.9, 30.1, 1.28, -3.18, 10.64, -0.09, -0.02, -0.02
22/07/2026 19:47:45, -15815203, -47990868, 10, 0.87, 0.19, ENE, 25.9, 30.1, 1.29, -3.19, 10.63, -0.08, -0.02, -0.02
22/07/2026 19:48:16, -15815222, -47990888, 11, 0.88, 0.07, ENE, 25.9, 30.1, 1.28, -3.18, 10.64, -0.08, -0.02, -0.02
22/07/2026 19:48:46, -15815248, -47990896, 10, 0.90, 0.13, ENE, 25.9, 30.1, 1.28, -3.17, 10.62, -0.08, -0.02, -0.02
22/07/2026 19:49:17, -15815246, -47990890, 11, 0.95, 0.02, ENE, 25.9, 30.1, 1.28, -3.19, 10.63, -0.08, -0.02, -0.02
22/07/2026 19:49:48, -15815296, -47990932, 11, 0.80, 0.07, ENE, 25.8, 30.1, 1.28, -3.18, 10.62, -0.08, -0.02, -0.02
22/07/2026 19:50:19, -15815328, -47990943, 11, 0.95, 0.04, ENE, 25.8, 30.2, 1.29, -3.18, 10.64, -0.08, -0.02, -0.02
22/07/2026 19:50:49, -15815338, -47990924, 11, 1.11, 0.04, ENE, 25.8, 30.1, 1.27, -3.19, 10.62, -0.09, -0.02, -0.02
22/07/2026 19:51:20, -15815318, -47990946, 10, 0.88, 0.02, ENE, 25.7, 30.1, 1.28, -3.18, 10.62, -0.08, -0.02, -0.02
22/07/2026 19:51:51, -15815297, -47990937, 9, 0.95, 0.02, ENE, 25.7, 30.2, 1.27, -3.18, 10.63, -0.08, -0.02, -0.02
22/07/2026 19:52:21, -15815302, -47990924, 9, 0.95, 0.06, ENE, 25.7, 30.2, 1.29, -3.19, 10.63, -0.08, -0.02, -0.02
22/07/2026 19:52:52, -15815326, -47990947, 9, 0.95, 0.07, ENE, 25.6, 30.2, 1.28, -3.18, 10.62, -0.08, -0.02, -0.02
22/07/2026 19:53:23, -15815300, -47990940, 10, 0.88, 0.07, ENE, 25.7, 30.2, 1.28, -3.19, 10.63, -0.08, -0.02, -0.02
22/07/2026 19:53:53, -15815287, -47990916, 10, 0.95, 0.00, ENE, 25.6, 30.2, 1.28, -3.19, 10.63, -0.08, -0.02, -0.02
22/07/2026 19:54:24, -15815285, -47990923, 10, 0.94, 0.06, ENE, 25.6, 30.2, 1.29, -3.18, 10.63, -0.08, -0.02, -0.02
22/07/2026 19:54:55, -15815288, -47990919, 10, 1.10, 0.06, ENE, 25.5, 30.2, 1.28, -3.18, 10.63, -0.08, -0.02, -0.02
22/07/2026 19:55:26, -15815304, -47990904, 9, 1.10, 0.11, ENE, 25.5, 30.2, 1.28, -3.18, 10.63, -0.08, -0.02, -0.02
22/07/2026 19:55:56, -15815297, -47990893, 7, 1.10, 0.04, ENE, 25.5, 30.2, 1.28, -3.20, 10.59, -0.08, -0.02, -0.02
22/07/2026 19:56:27, -15815277, -47990899, 10, 0.94, 0.02, ENE, 25.5, 30.2, 1.28, -3.18, 10.62, -0.08, -0.02, -0.02
22/07/2026 19:56:58, -15815281, -47990873, 9, 1.10, 0.09, ENE, 25.5, 30.2, 1.28, -3.19, 10.64, -0.08, -0.02, -0.02
22/07/2026 19:57:28, -15815261, -47990901, 9, 1.10, 0.02, ENE, 25.5, 30.3, 1.27, -3.18, 10.63, -0.08, -0.02, -0.02
22/07/2026 19:57:59, -15815278, -47990902, 8, 1.10, 0.13, ENE, 25.5, 30.3, 1.28, -3.17, 10.63, -0.08, -0.02, -0.02
22/07/2026 19:58:30, -15815289, -47990965, 9, 1.01, 0.02, ENE, 25.4, 30.2, 1.28, -3.18, 10.63, -0.08, -0.02, -0.02
22/07/2026 19:59:01, -15815303, -47990962, 7, 1.10, 0.07, ENE, 25.4, 30.2, 1.27, -3.18, 10.63, -0.08, -0.02, -0.02
22/07/2026 19:59:31, -15815278, -47990948, 7, 1.10, 0.02, ENE, 25.3, 30.2, 1.27, -3.18, 10.64, -0.08, -0.02, -0.02
22/07/2026 20:00:02, -15815285, -47990918, 9, 1.01, 0.15, ENE, 25.4, 30.2, 1.27, -3.18, 10.63, -0.08, -0.02, -0.02
22/07/2026 20:00:33, -15815280, -47990916, 7, 1.09, 0.19, ENE, 25.3, 30.2, 1.27, -3.18, 10.62, -0.08, -0.02, -0.02
22/07/2026 20:01:04, -15815285, -47990911, 7, 1.09, 0.22, ENE, 25.3, 30.3, 1.28, -3.18, 10.63, -0.08, -0.02, -0.02
22/07/2026 20:01:34, -15815252, -47990936, 7, 1.09, 0.20, ENE, 25.3, 30.3, 1.28, -3.18, 10.63, -0.08, -0.02, -0.02
22/07/2026 20:02:05, -15815258, -47990925, 7, 1.10, 0.04, ENE, 25.3, 30.3, 1.27, -3.18, 10.62, -0.08, -0.02, -0.02
22/07/2026 20:02:36, -15815269, -47990953, 6, 1.47, 0.06, ENE, 25.2, 30.3, 1.28, -3.18, 10.62, -0.08, -0.02, -0.02
22/07/2026 20:03:06, -15815304, -47990974, 7, 1.11, 0.22, ENE, 25.2, 30.3, 1.28, -3.18, 10.64, -0.08, -0.02, -0.02
22/07/2026 20:03:37, -15815311, -47990988, 9, 0.89, 0.04, ENE, 25.2, 30.3, 1.28, -3.18, 10.63, -0.08, -0.02, -0.02
22/07/2026 20:04:08, -15815312, -47990976, 9, 0.89, 0.09, ENE, 25.1, 30.3, 1.28, -3.19, 10.63, -0.08, -0.02, -0.02
22/07/2026 20:04:39, -15815295, -47990962, 9, 0.89, 0.30, ENE, 25.1, 30.3, 1.28, -3.18, 10.63, -0.08, -0.02, -0.02
22/07/2026 20:05:09, -15815303, -47990955, 9, 0.89, 0.02, ENE, 25.1, 30.3, 1.27, -3.18, 10.62, -0.08, -0.02, -0.02
22/07/2026 20:05:40, -15815303, -47990947, 9, 0.89, 0.11, ENE, 25.1, 30.3, 1.28, -3.18, 10.64, -0.08, -0.02, -0.02
22/07/2026 20:06:11, -15815292, -47990938, 8, 0.93, 0.37, ENE, 25.1, 30.3, 1.29, -3.18, 10.62, -0.08, -0.02, -0.02
22/07/2026 20:06:42, -15815274, -47990896, 9, 1.03, 0.17, ENE, 25.1, 30.3, 1.28, -3.18, 10.63, -0.08, -0.02, -0.02
22/07/2026 20:07:12, -15815299, -47990887, 9, 0.93, 0.09, ENE, 25.1, 30.3, 1.28, -3.18, 10.62, -0.08, -0.02, -0.02
22/07/2026 20:07:43, -15815288, -47990890, 9, 0.96, 0.02, ENE, 25.1, 30.3, 1.28, -3.17, 10.63, -0.08, -0.02, -0.02
22/07/2026 20:08:14, -15815271, -47990882, 9, 0.90, 0.20, ENE, 25.0, 30.3, 1.28, -3.18, 10.63, -0.08, -0.02, -0.02
22/07/2026 20:08:44, -15815264, -47990880, 9, 0.90, 0.19, ENE, 25.1, 30.3, 1.27, -3.18, 10.63, -0.08, -0.02, -0.02
22/07/2026 20:09:15, -15815285, -47990892, 7, 1.14, 0.31, ENE, 25.0, 30.3, 1.28, -3.19, 10.65, -0.08, -0.02, -0.02
22/07/2026 20:09:46, -15815290, -47990915, 9, 0.90, 0.17, ENE, 25.0, 30.3, 1.28, -3.17, 10.62, -0.08, -0.02, -0.02
22/07/2026 20:10:17, -15815282, -47990872, 9, 0.96, 0.07, ENE, 25.0, 30.3, 1.28, -3.18, 10.63, -0.08, -0.02, -0.02
22/07/2026 20:10:47, -15815281, -47990866, 9, 1.04, 0.43, ENE, 25.0, 30.3, 1.28, -3.18, 10.63, -0.08, -0.02, -0.02
22/07/2026 20:11:18, -15815267, -47990857, 9, 0.90, 1.54, NE, 24.9, 30.3, 1.27, -3.17, 10.62, -0.08, -0.02, -0.02
22/07/2026 20:11:49, -15815264, -47990870, 9, 0.90, 0.11, NE, 24.9, 30.3, 1.27, -3.18, 10.62, -0.08, -0.02, -0.02
22/07/2026 20:12:19, -15815276, -47990867, 8, 0.97, 0.15, NE, 25.0, 30.3, 1.28, -3.19, 10.63, -0.08, -0.02, -0.02
22/07/2026 20:12:50, -15815289, -47990879, 9, 1.13, 0.15, NE, 24.9, 30.3, 1.28, -3.18, 10.63, -0.08, -0.02, -0.02
22/07/2026 20:13:21, -15815291, -47990880, 9, 1.04, 0.33, NE, 24.9, 30.3, 1.27, -3.17, 10.62, -0.08, -0.02, -0.02
22/07/2026 20:13:52, -15815295, -47990889, 9, 1.13, 0.07, NE, 24.9, 30.3, 1.29, -3.18, 10.62, -0.08, -0.02, -0.02
22/07/2026 20:14:22, -15815285, -47990905, 9, 0.97, 0.15, NE, 24.9, 30.3, 1.27, -3.17, 10.62, -0.08, -0.02, -0.02
22/07/2026 20:14:53, -15815262, -47990875, 8, 0.93, 0.00, NE, 24.9, 30.3, 1.28, -3.18, 10.63, -0.08, -0.02, -0.02
22/07/2026 20:15:24, -15815270, -47990901, 10, 0.93, 0.26, NE, 24.8, 30.3, 1.27, -3.17, 10.65, -0.08, -0.02, -0.02
22/07/2026 20:15:54, -15815268, -47990897, 10, 0.93, 0.04, NE, 24.8, 30.3, 1.27, -3.17, 10.62, -0.08, -0.02, -0.02
22/07/2026 20:16:25, -15815287, -47990918, 9, 0.91, 0.02, NE, 24.8, 30.3, 1.28, -3.18, 10.63, -0.08, -0.02, -0.02
22/07/2026 20:16:56, -15815293, -47990898, 10, 0.93, 0.52, NE, 24.8, 30.3, 1.27, -3.18, 10.63, -0.08, -0.02, -0.02
22/07/2026 20:17:27, -15815302, -47990895, 10, 0.93, 0.13, WNW, 24.7, 30.3, 1.28, -3.18, 10.63, -0.08, -0.02, -0.02
22/07/2026 20:17:57, -15815300, -47990885, 9, 1.08, 0.46, WNW, 24.8, 30.3, 1.28, -3.17, 10.62, -0.08, -0.02, -0.02
22/07/2026 20:18:28, -15815284, -47990856, 9, 1.08, 0.26, WNW, 24.8, 30.3, 1.27, -3.18, 10.64, -0.08, -0.02, -0.02
22/07/2026 20:18:59, -15815307, -47990857, 10, 0.91, 0.20, WNW, 24.8, 30.3, 1.28, -3.18, 10.63, -0.08, -0.02, -0.02
22/07/2026 20:19:29, -15815317, -47990892, 10, 0.91, 0.63, WNW, 24.7, 30.3, 1.28, -3.19, 10.63, -0.08, -0.02, -0.02
22/07/2026 20:20:00, -15815320, -47990880, 10, 0.91, 0.04, WNW, 24.7, 30.3, 1.28, -3.18, 10.63, -0.08, -0.02, -0.02
22/07/2026 20:20:31, -15815290, -47990868, 10, 0.91, 0.07, WNW, 24.7, 30.3, 1.28, -3.19, 10.62, -0.08, -0.02, -0.02
22/07/2026 20:21:02, -15815274, -47990885, 8, 0.94, 0.28, WNW, 24.7, 30.3, 1.28, -3.18, 10.63, -0.08, -0.02, -0.02
22/07/2026 20:21:32, -15815272, -47990878, 9, 0.94, 0.09, WNW, 24.7, 30.3, 1.28, -3.18, 10.62, -0.08, -0.02, -0.02
22/07/2026 20:22:03, -15815260, -47990879, 9, 0.91, 0.33, WNW, 24.7, 30.3, 1.28, -3.17, 10.62, -0.08, -0.02, -0.02
22/07/2026 20:22:34, -15815251, -47990867, 9, 0.94, 0.07, WNW, 24.7, 30.3, 1.28, -3.17, 10.63, -0.08, -0.02, -0.02
22/07/2026 20:23:04, -15815240, -47990859, 9, 1.07, 0.96, WNW, 24.7, 30.3, 1.28, -3.18, 10.62, -0.08, -0.02, -0.02
22/07/2026 20:23:35, -15815266, -47990867, 9, 1.07, 0.04, WNW, 24.7, 30.3, 1.27, -3.17, 10.63, -0.08, -0.02, -0.02
22/07/2026 20:24:06, -15815299, -47990882, 9, 0.94, 0.07, WNW, 24.7, 30.3, 1.28, -3.18, 10.63, -0.08, -0.02, -0.02
22/07/2026 20:24:37, -15815346, -47990948, 10, 0.94, 0.04, WNW, 24.7, 30.2, 1.28, -3.18, 10.63, -0.08, -0.02, -0.02
22/07/2026 20:25:07, -15815354, -47990942, 9, 1.07, 0.02, WNW, 24.6, 30.3, 1.27, -3.18, 10.62, -0.08, -0.02, -0.02
22/07/2026 20:25:38, -15815345, -47990923, 9, 0.94, 0.04, WNW, 24.7, 30.3, 1.28, -3.18, 10.62, -0.08, -0.02, -0.02
22/07/2026 20:26:09, -15815348, -47990947, 9, 0.94, 0.43, WNW, 24.6, 30.3, 1.27, -3.17, 10.64, -0.08, -0.02, -0.02
22/07/2026 20:26:40, -15815343, -47990933, 7, 1.07, 0.48, W, 24.6, 30.2, 1.28, -3.16, 10.64, -0.08, -0.02, -0.02
22/07/2026 20:26:58, -15815344, -47990944, 7, 1.36, 2.26, N, 24.5, 30.2, 1.28, -3.18, 10.63, -0.08, -0.02, -0.02
22/07/2026 20:27:28, -15815316, -47990945, 8, 0.94, 0.37, WNW, 24.5, 30.2, 1.28, -3.18, 10.64, -0.08, -0.02, -0.02
22/07/2026 20:27:59, -15815331, -47990937, 8, 0.95, 0.04, WNW, 24.5, 30.2, 1.28, -3.17, 10.63, -0.08, -0.02, -0.02
22/07/2026 20:28:30, -15815320, -47990919, 8, 0.95, 0.09, WNW, 24.5, 30.2, 1.27, -3.17, 10.61, -0.08, -0.02, -0.02
22/07/2026 20:29:00, -15815316, -47990931, 8, 0.95, 0.24, WNW, 24.5, 30.3, 1.28, -3.18, 10.64, -0.08, -0.02, -0.02
22/07/2026 20:29:31, -15815299, -47990897, 9, 1.07, 0.19, WNW, 24.5, 30.3, 1.28, -3.18, 10.63, -0.08, -0.02, -0.02
22/07/2026 20:30:02, -15815285, -47990896, 8, 1.07, 0.33, WNW, 24.5, 30.3, 1.28, -3.17, 10.63, -0.08, -0.02, -0.02
22/07/2026 20:30:33, -15815282, -47990893, 8, 1.26, 0.02, WNW, 24.4, 30.3, 1.28, -3.17, 10.62, -0.08, -0.02, -0.02
22/07/2026 20:31:03, -15815279, -47990901, 6, 1.35, 0.02, WNW, 24.5, 30.3, 1.27, -3.18, 10.63, -0.08, -0.02, -0.02
22/07/2026 20:31:34, -15815271, -47990922, 7, 1.35, 0.22, WNW, 24.4, 30.3, 1.27, -3.18, 10.64, -0.08, -0.02, -0.02
22/07/2026 20:32:05, -15815280, -47990922, 8, 1.05, 0.02, WNW, 24.4, 30.2, 1.28, -3.17, 10.62, -0.08, -0.02, -0.02
22/07/2026 20:32:36, -15815271, -47990902, 8, 1.06, 0.00, WNW, 24.3, 30.3, 1.28, -3.18, 10.62, -0.08, -0.02, -0.02
22/07/2026 20:33:06, -15815283, -47990938, 9, 0.91, 0.22, WNW, 24.4, 30.3, 1.27, -3.18, 10.63, -0.08, -0.02, -0.02
22/07/2026 20:33:37, -15815298, -47990939, 9, 1.02, 0.13, WNW, 24.3, 30.3, 1.27, -3.19, 10.62, -0.08, -0.02, -0.02
22/07/2026 20:34:08, -15815258, -47990908, 9, 1.07, 0.02, WNW, 24.3, 30.3, 1.28, -3.18, 10.63, -0.08, -0.02, -0.02
22/07/2026 20:34:38, -15815259, -47990916, 8, 1.03, 0.02, WNW, 24.3, 30.3, 1.28, -3.17, 10.63, -0.08, -0.02, -0.02
22/07/2026 20:35:09, -15815258, -47990890, 8, 1.25, 0.07, WNW, 24.2, 30.3, 1.28, -3.17, 10.63, -0.08, -0.02, -0.02
22/07/2026 20:35:40, -15815256, -47990917, 9, 1.06, 0.20, WNW, 24.3, 30.3, 1.28, -3.18, 10.62, -0.08, -0.02, -0.02
22/07/2026 20:36:11, -15815306, -47990974, 8, 1.20, 0.22, WNW, 24.3, 30.3, 1.28, -3.17, 10.62, -0.08, -0.02, -0.02
22/07/2026 20:36:41, -15815340, -47990987, 7, 1.21, 0.20, WNW, 24.2, 30.3, 1.27, -3.18, 10.64, -0.08, -0.02, -0.02
22/07/2026 20:37:12, -15815355, -47990974, 7, 1.22, 0.19, WNW, 24.2, 30.3, 1.28, -3.18, 10.62, -0.08, -0.02, -0.02
22/07/2026 20:37:43, -15815340, -47990967, 6, 1.23, 0.00, WNW, 24.2, 30.3, 1.28, -3.18, 10.63, -0.08, -0.02, -0.02
22/07/2026 20:38:13, -15815305, -47990929, 7, 1.22, 0.09, WNW, 24.2, 30.3, 1.28, -3.18, 10.64, -0.08, -0.02, -0.02
22/07/2026 20:38:44, -15815312, -47990942, 8, 1.05, 0.02, WNW, 24.2, 30.3, 1.28, -3.18, 10.63, -0.08, -0.02, -0.02
22/07/2026 20:39:15, -15815280, -47990929, 8, 1.24, 0.00, WNW, 24.2, 30.4, 1.28, -3.18, 10.64, -0.08, -0.02, -0.02
22/07/2026 20:39:46, -15815273, -47990922, 8, 1.05, 0.28, WNW, 24.2, 30.3, 1.27, -3.18, 10.63, -0.08, -0.02, -0.02
22/07/2026 20:40:16, -15815262, -47990916, 8, 1.07, 0.26, WNW, 24.2, 30.3, 1.27, -3.19, 10.62, -0.08, -0.02, -0.02
22/07/2026 20:40:47, -15815262, -47990915, 8, 1.23, 0.13, WNW, 24.2, 30.3, 1.27, -3.17, 10.64, -0.08, -0.02, -0.02
22/07/2026 20:41:18, -15815270, -47990923, 7, 1.07, 0.02, WNW, 24.1, 30.3, 1.28, -3.17, 10.63, -0.08, -0.02, -0.02
22/07/2026 20:41:48, -15815282, -47990925, 5, 2.14, 0.09, WNW, 24.2, 30.3, 1.27, -3.18, 10.62, -0.08, -0.02, -0.02
22/07/2026 20:42:19, -15815288, -47990926, 7, 1.34, 0.04, WNW, 24.2, 30.3, 1.28, -3.18, 10.62, -0.08, -0.02, -0.02
22/07/2026 20:42:50, -15815302, -47990938, 7, 1.07, 0.00, WNW, 24.1, 30.3, 1.28, -3.17, 10.62, -0.08, -0.02, -0.02
22/07/2026 20:43:20, -15815309, -47990951, 7, 1.07, 0.02, WNW, 24.1, 30.3, 1.27, -3.18, 10.62, -0.08, -0.02, -0.02
22/07/2026 20:43:51, -15815310, -47990938, 8, 1.05, 0.02, WNW, 24.1, 30.3, 1.27, -3.17, 10.62, -0.08, -0.02, -0.02
22/07/2026 20:44:22, -15815319, -47990924, 8, 1.05, 0.28, WNW, 24.1, 30.3, 1.28, -3.18, 10.62, -0.08, -0.02, -0.02
22/07/2026 20:44:53, -15815337, -47990919, 9, 1.05, 0.02, WNW, 24.1, 30.3, 1.28, -3.18, 10.61, -0.08, -0.02, -0.02
22/07/2026 20:45:23, -15815329, -47990949, 7, 1.18, 0.11, WNW, 24.1, 30.3, 1.28, -3.18, 10.62, -0.08, -0.02, -0.02
22/07/2026 20:45:54, -15815313, -47990944, 8, 1.05, 0.06, WNW, 24.1, 30.3, 1.28, -3.17, 10.63, -0.08, -0.02, -0.02
22/07/2026 20:46:25, -15815313, -47990916, 9, 1.05, 0.11, WNW, 24.1, 30.3, 1.26, -3.18, 10.61, -0.08, -0.02, -0.02
22/07/2026 20:46:55, -15815306, -47990927, 9, 0.95, 0.11, WNW, 24.1, 30.3, 1.27, -3.17, 10.62, -0.08, -0.02, -0.02
22/07/2026 20:47:26, -15815290, -47990934, 8, 1.06, 0.15, WNW, 24.1, 30.2, 1.28, -3.17, 10.62, -0.08, -0.02, -0.02
22/07/2026 20:47:57, -15815307, -47990971, 9, 0.95, 0.26, WNW, 24.1, 30.2, 1.28, -3.18, 10.62, -0.08, -0.02, -0.02
22/07/2026 20:48:28, -15815329, -47990989, 8, 1.33, 0.06, WNW, 24.1, 30.2, 1.28, -3.18, 10.63, -0.08, -0.02, -0.02
22/07/2026 20:48:58, -15815333, -47990968, 9, 1.03, 0.72, WNW, 24.1, 30.2, 1.28, -3.17, 10.62, -0.08, -0.02, -0.02
22/07/2026 20:49:29, -15815300, -47990953, 10, 0.92, 0.02, WNW, 24.1, 30.2, 1.28, -3.18, 10.63, -0.08, -0.02, -0.02
22/07/2026 20:50:00, -15815298, -47990976, 10, 0.78, 0.09, WNW, 24.1, 30.2, 1.28, -3.18, 10.63, -0.08, -0.02, -0.02
22/07/2026 20:50:30, -15815336, -47991004, 9, 0.94, 0.02, WNW, 24.1, 30.2, 1.28, -3.18, 10.64, -0.08, -0.02, -0.02
22/07/2026 20:51:01, -15815358, -47991031, 8, 1.21, 0.02, WNW, 24.1, 30.1, 1.28, -3.18, 10.61, -0.08, -0.02, -0.02
22/07/2026 20:51:32, -15815338, -47991016, 8, 0.98, 0.43, WNW, 24.1, 30.2, 1.28, -3.17, 10.62, -0.08, -0.02, -0.02
22/07/2026 20:52:03, -15815334, -47991021, 8, 0.98, 0.07, WNW, 24.1, 30.2, 1.28, -3.17, 10.63, -0.08, -0.02, -0.02
22/07/2026 20:52:33, -15815325, -47990999, 9, 0.96, 0.09, WNW, 24.1, 30.2, 1.29, -3.17, 10.62, -0.08, -0.02, -0.02
22/07/2026 20:53:04, -15815317, -47990992, 9, 0.85, 0.07, WNW, 24.1, 30.1, 1.28, -3.17, 10.62, -0.08, -0.02, -0.02
22/07/2026 20:53:35, -15815299, -47990996, 9, 0.85, 0.59, WNW, 24.1, 30.1, 1.28, -3.18, 10.62, -0.08, -0.02, -0.02
22/07/2026 20:54:05, -15815322, -47991010, 10, 0.83, 0.06, WNW, 24.1, 30.1, 1.29, -3.17, 10.63, -0.08, -0.02, -0.02
22/07/2026 20:54:36, -15815292, -47990981, 10, 0.85, 0.15, WNW, 24.1, 30.1, 1.28, -3.18, 10.63, -0.08, -0.02, -0.02
22/07/2026 20:55:07, -15815285, -47991002, 9, 0.85, 0.30, WNW, 24.1, 30.1, 1.27, -3.18, 10.62, -0.08, -0.02, -0.02
22/07/2026 20:55:38, -15815278, -47990988, 9, 0.85, 0.13, WNW, 24.1, 30.1, 1.28, -3.17, 10.62, -0.08, -0.02, -0.02
22/07/2026 20:56:08, -15815293, -47990984, 9, 0.92, 0.04, WNW, 24.1, 30.1, 1.27, -3.17, 10.62, -0.08, -0.02, -0.02
22/07/2026 20:56:39, -15815286, -47990965, 8, 0.92, 0.11, WNW, 24.1, 30.1, 1.28, -3.17, 10.61, -0.08, -0.02, -0.02
22/07/2026 20:57:10, -15815305, -47990987, 10, 0.84, 0.15, WNW, 24.1, 30.1, 1.28, -3.18, 10.62, -0.08, -0.02, -0.02
22/07/2026 20:57:40, -15815306, -47990991, 10, 0.78, 0.30, WNW, 24.1, 30.1, 1.28, -3.17, 10.63, -0.08, -0.02, -0.02
22/07/2026 20:58:11, -15815300, -47990930, 9, 0.84, 0.07, WNW, 24.1, 30.0, 1.28, -3.17, 10.62, -0.08, -0.02, -0.02
22/07/2026 20:58:42, -15815294, -47990896, 9, 0.84, 0.28, WNW, 24.1, 30.0, 1.28, -3.16, 10.64, -0.08, -0.02, -0.02
22/07/2026 20:59:13, -15815291, -47990922, 9, 0.84, 0.15, WNW, 24.1, 30.0, 1.28, -3.17, 10.63, -0.08, -0.02, -0.02
22/07/2026 20:59:43, -15815278, -47990921, 8, 1.09, 0.43, WNW, 24.1, 30.0, 1.27, -3.17, 10.62, -0.08, -0.02, -0.02
22/07/2026 21:00:14, -15815264, -47990912, 10, 0.78, 0.22, WNW, 24.1, 30.0, 1.28, -3.18, 10.62, -0.08, -0.02, -0.02
22/07/2026 21:00:45, -15815262, -47990930, 10, 0.84, 0.33, WNW, 24.1, 30.0, 1.29, -3.17, 10.63, -0.08, -0.02, -0.02
22/07/2026 21:01:15, -15815275, -47990909, 10, 0.91, 0.24, WNW, 24.1, 30.0, 1.28, -3.17, 10.60, -0.08, -0.02, -0.02
22/07/2026 21:01:46, -15815278, -47990927, 10, 0.79, 0.02, ENE, 24.1, 30.0, 1.27, -3.17, 10.63, -0.08, -0.02, -0.02
22/07/2026 21:02:17, -15815279, -47990932, 10, 1.04, 0.30, ENE, 24.1, 30.0, 1.28, -3.17, 10.61, -0.08, -0.02, -0.02
22/07/2026 21:02:47, -15815275, -47990925, 10, 0.79, 0.04, ENE, 24.1, 30.0, 1.27, -3.17, 10.62, -0.08, -0.02, -0.02
22/07/2026 21:03:18, -15815263, -47990960, 9, 0.90, 0.20, ENE, 24.2, 30.0, 1.26, -3.18, 10.62, -0.08, -0.02, -0.02
22/07/2026 21:03:49, -15815263, -47990973, 10, 0.79, 0.07, ENE, 24.1, 30.0, 1.28, -3.18, 10.61, -0.08, -0.02, -0.02
22/07/2026 21:04:20, -15815261, -47990983, 10, 0.79, 0.09, ENE, 24.1, 30.0, 1.28, -3.18, 10.62, -0.08, -0.02, -0.02
22/07/2026 21:04:50, -15815277, -47990944, 10, 0.79, 0.07, ENE, 24.1, 30.0, 1.28, -3.17, 10.62, -0.08, -0.02, -0.02
22/07/2026 21:05:21, -15815268, -47990967, 10, 1.03, 0.63, ENE, 23.9, 29.9, 1.28, -3.17, 10.63, -0.08, -0.02, -0.02
22/07/2026 21:05:52, -15815275, -47990976, 8, 1.03, 0.87, ENE, 23.9, 29.9, 1.28, -3.17, 10.62, -0.08, -0.02, -0.02
22/07/2026 21:06:22, -15815247, -47990970, 10, 1.03, 0.28, ENE, 23.8, 29.9, 1.28, -3.17, 10.62, -0.08, -0.02, -0.02
22/07/2026 21:06:53, -15815257, -47990949, 9, 0.85, 0.44, ENE, 23.9, 29.9, 1.28, -3.18, 10.62, -0.08, -0.02, -0.02
22/07/2026 21:07:24, -15815267, -47990957, 8, 1.11, 0.37, ENE, 23.8, 29.9, 1.28, -3.18, 10.62, -0.08, -0.02, -0.02
22/07/2026 21:07:55, -15815282, -47990892, 8, 1.11, 0.11, ENE, 23.8, 29.9, 1.28, -3.17, 10.62, -0.08, -0.02, -0.02
22/07/2026 21:08:25, -15815291, -47990920, 9, 1.09, 0.20, ENE, 23.9, 29.9, 1.29, -3.18, 10.62, -0.08, -0.02, -0.02
22/07/2026 21:08:56, -15815287, -47990878, 9, 1.09, 0.04, ENE, 23.8, 29.8, 1.28, -3.18, 10.61, -0.08, -0.02, -0.02
22/07/2026 21:09:27, -15815265, -47990892, 9, 1.09, 0.11, ENE, 23.8, 29.8, 1.28, -3.17, 10.62, -0.08, -0.02, -0.02
22/07/2026 21:09:57, -15815254, -47990903, 9, 1.11, 0.20, ENE, 23.8, 29.8, 1.28, -3.17, 10.63, -0.08, -0.02, -0.02
22/07/2026 21:10:28, -15815264, -47990895, 9, 1.09, 0.13, ENE, 23.8, 29.8, 1.28, -3.17, 10.62, -0.08, -0.02, -0.02
22/07/2026 21:10:59, -15815252, -47990879, 9, 1.09, 0.02, ENE, 23.8, 29.8, 1.28, -3.17, 10.62, -0.08, -0.02, -0.02
22/07/2026 21:11:30, -15815285, -47990911, 10, 1.09, 0.43, ENE, 23.8, 29.8, 1.28, -3.17, 10.62, -0.08, -0.02, -0.02
22/07/2026 21:12:00, -15815300, -47990926, 9, 1.09, 0.02, ENE, 23.8, 29.8, 1.29, -3.16, 10.63, -0.08, -0.02, -0.02
22/07/2026 21:12:31, -15815300, -47990913, 9, 0.93, 0.24, ENE, 23.8, 29.8, 1.28, -3.17, 10.62, -0.08, -0.02, -0.02
22/07/2026 21:13:02, -15815284, -47990917, 9, 1.16, 0.00, ENE, 23.9, 29.8, 1.28, -3.17, 10.64, -0.08, -0.02, -0.02
22/07/2026 21:13:32, -15815283, -47990940, 9, 1.09, 0.31, ENE, 23.8, 29.8, 1.28, -3.17, 10.62, -0.08, -0.02, -0.02
22/07/2026 21:14:03, -15815276, -47990962, 10, 0.90, 0.07, ENE, 23.8, 29.8, 1.27, -3.17, 10.62, -0.08, -0.02, -0.02
22/07/2026 21:14:34, -15815282, -47990981, 8, 1.00, 0.48, ENE, 23.8, 29.7, 1.29, -3.17, 10.63, -0.08, -0.02, -0.02
22/07/2026 21:15:05, -15815228, -47990870, 9, 1.17, 0.30, ENE, 23.8, 29.8, 1.28, -3.17, 10.64, -0.08, -0.02, -0.02
22/07/2026 21:15:35, -15815233, -47990884, 10, 1.09, 0.06, ENE, 23.8, 29.7, 1.28, -3.17, 10.62, -0.08, -0.02, -0.02
22/07/2026 21:16:06, -15815219, -47990879, 9, 1.09, 0.30, ENE, 23.9, 29.7, 1.28, -3.17, 10.62, -0.08, -0.02, -0.02
22/07/2026 21:16:37, -15815228, -47990868, 7, 1.11, 0.56, ENE, 23.8, 29.7, 1.28, -3.17, 10.63, -0.08, -0.02, -0.02
22/07/2026 21:17:07, -15815241, -47990888, 9, 1.08, 0.52, ENE, 23.8, 29.7, 1.28, -3.16, 10.61, -0.08, -0.02, -0.02
22/07/2026 21:17:38, -15815266, -47990951, 8, 1.09, 0.11, ENE, 23.9, 29.7, 1.28, -3.17, 10.62, -0.08, -0.02, -0.02
22/07/2026 21:18:09, -15815281, -47990952, 9, 0.90, 0.30, ENE, 23.9, 29.7, 1.28, -3.17, 10.62, -0.08, -0.02, -0.02
22/07/2026 21:18:39, -15815279, -47990945, 9, 1.23, 0.06, ENE, 23.9, 29.7, 1.29, -3.17, 10.62, -0.08, -0.02, -0.02
22/07/2026 21:19:10, -15815303, -47990934, 10, 1.00, 0.11, ENE, 23.8, 29.7, 1.28, -3.18, 10.63, -0.08, -0.02, -0.02
22/07/2026 21:19:41, -15815307, -47990939, 9, 1.00, 0.02, ENE, 23.8, 29.7, 1.28, -3.18, 10.62, -0.08, -0.02, -0.02
22/07/2026 21:20:12, -15815296, -47990925, 9, 1.00, 0.13, ENE, 23.8, 29.7, 1.28, -3.17, 10.61, -0.08, -0.02, -0.02
22/07/2026 21:20:42, -15815277, -47990926, 9, 0.90, 0.13, ENE, 23.8, 29.6, 1.27, -3.18, 10.63, -0.08, -0.02, -0.02
22/07/2026 21:21:13, -15815275, -47990925, 10, 0.99, 0.07, ENE, 23.8, 29.6, 1.28, -3.17, 10.63, -0.08, -0.02, -0.02
# BOOT bootCount=1 reset_reason=1
23/07/2026 20:31:34, -15826259, -47987385, 6, 1.35, 0.09, N, 30.0, 26.5, -0.63, -1.72, 10.99, -0.09, -0.01, -0.02
23/07/2026 20:31:55, -15826271, -47987401, 6, 1.35, 2.07, WNW, 30.0, 26.5, -0.64, -1.80, 10.99, -0.10, -0.01, -0.05
23/07/2026 20:32:09, -15826262, -47987447, 6, 1.35, 2.26, SW, 29.9, 26.5, -0.74, -1.89, 10.89, -0.03, -0.02, -0.15
23/07/2026 20:32:20, -15826425, -47987415, 6, 1.35, 6.33, SSE, 29.9, 26.5, -0.35, -1.83, 10.54, -0.13, -0.04, -0.01
23/07/2026 20:32:31, -15826631, -47987354, 6, 1.95, 7.76, SSE, 30.1, 26.5, 0.00, -1.65, 11.00, -0.07, -0.03, 0.07
23/07/2026 20:32:41, -15826681, -47987152, 6, 1.35, 7.91, ENE, 30.5, 26.4, -0.14, -2.07, 10.86, -0.09, -0.00, -0.03
23/07/2026 20:32:52, -15826617, -47986964, 6, 1.35, 5.44, ENE, 30.8, 26.4, -0.43, -1.94, 11.09, -0.06, -0.02, -0.04
23/07/2026 20:33:11, -15826596, -47986902, 6, 1.35, 2.56, ENE, 31.1, 26.4, -0.61, -2.49, 10.92, -0.10, -0.03, 0.01
23/07/2026 20:33:21, -15826313, -47986919, 6, 1.35, 10.70, NNW, 31.0, 26.4, -0.62, -1.52, 10.97, -0.10, -0.01, -0.01
23/07/2026 20:33:32, -15825847, -47987112, 6, 1.35, 25.21, NNW, 31.1, 26.4, -0.73, -1.60, 10.99, -0.03, -0.03, -0.01
23/07/2026 20:33:43, -15825331, -47987338, 6, 1.35, 15.52, NNW, 31.1, 26.4, -0.90, -2.13, 10.95, -0.11, -0.03, -0.02
23/07/2026 20:33:53, -15824780, -47987523, 6, 1.35, 23.59, NNW, 31.1, 26.4, -0.30, -0.29, 11.32, -0.05, -0.01, -0.01
23/07/2026 20:34:04, -15824337, -47987702, 6, 1.35, 23.02, NNW, 31.1, 26.4, -0.61, -1.55, 11.14, -0.10, -0.02, -0.01
23/07/2026 20:34:14, -15824033, -47987701, 6, 1.35, 16.06, ENE, 31.0, 26.4, -0.68, -2.40, 10.82, -0.04, -0.03, -0.00
23/07/2026 20:34:25, -15823826, -47987186, 6, 1.35, 13.32, ENE, 30.8, 26.4, -0.04, -2.05, 10.46, -0.13, -0.05, 0.10
23/07/2026 20:34:36, -15823450, -47987190, 6, 1.35, 22.02, NNW, 30.6, 26.4, -0.85, -2.45, 10.90, -0.10, -0.00, -0.01
23/07/2026 20:34:46, -15822967, -47987402, 6, 1.35, 7.89, NNW, 30.6, 26.4, -0.60, -1.45, 10.41, -0.11, -0.03, -0.02
23/07/2026 20:34:57, -15822553, -47987569, 6, 1.35, 7.82, NNW, 30.6, 26.4, -0.76, -1.57, 10.94, -0.08, -0.03, -0.01
23/07/2026 20:35:07, -15822099, -47987767, 6, 1.35, 25.95, NNW, 30.7, 26.3, -0.68, -1.43, 11.02, -0.09, -0.02, -0.02
23/07/2026 20:35:18, -15821566, -47987991, 6, 1.35, 16.33, NNW, 30.7, 26.3, -0.76, -1.55, 10.88, -0.07, -0.01, 0.00
23/07/2026 20:35:29, -15821279, -47988076, 6, 1.35, 8.50, N, 30.7, 26.3, -1.82, -1.32, 10.82, -0.05, 0.06, -0.37
23/07/2026 20:35:39, -15821095, -47987683, 6, 1.35, 20.35, ENE, 30.7, 26.3, -0.30, -1.63, 10.91, -0.10, -0.01, -0.05
23/07/2026 20:35:50, -15820880, -47987449, 6, 1.35, 5.20, NNW, 30.7, 26.3, -0.73, -2.79, 10.87, -0.08, -0.03, 0.06
23/07/2026 20:36:02, -15820811, -47987461, 6, 1.35, 4.93, NNW, 30.9, 26.3, -0.92, -3.07, 10.80, -0.07, -0.02, 0.04
23/07/2026 20:36:13, -15820291, -47987622, 6, 1.35, 21.32, NNW, 30.9, 26.3, -0.68, -1.00, 11.20, 0.06, -0.07, -0.01
23/07/2026 20:36:24, -15819904, -47987810, 6, 1.35, 21.59, NNW, 31.1, 26.3, -1.04, -2.59, 10.72, -0.09, -0.02, -0.03
23/07/2026 20:36:34, -15819345, -47988039, 6, 1.35, 18.17, NNW, 31.1, 26.3, -0.39, -0.90, 11.22, -0.09, -0.02, -0.03
23/07/2026 20:36:45, -15818862, -47988235, 6, 1.35, 26.34, NNW, 31.2, 26.3, -0.91, -1.75, 10.92, -0.09, -0.02, -0.01
23/07/2026 20:36:55, -15818262, -47988467, 6, 1.35, 23.13, NNW, 31.3, 26.3, -0.70, -2.00, 10.92, -0.09, -0.03, -0.02
23/07/2026 20:37:06, -15817829, -47988627, 6, 1.45, 12.45, NNW, 31.3, 26.4, -1.02, -1.48, 10.96, -0.06, 0.00, -0.08
23/07/2026 20:37:17, -15817627, -47988342, 6, 1.35, 23.22, ENE, 31.1, 26.3, -0.83, -2.39, 10.81, -0.17, 0.01, -0.02
23/07/2026 20:37:27, -15817493, -47988021, 6, 1.35, 6.11, ENE, 31.1, 26.4, -0.25, -2.92, 10.73, -0.10, -0.05, 0.12
23/07/2026 20:37:38, -15817095, -47988074, 6, 1.35, 13.72, NNW, 31.1, 26.4, -0.84, -1.45, 11.10, -0.12, -0.02, -0.01
23/07/2026 20:37:48, -15816597, -47988265, 6, 1.35, 30.24, NNW, 31.0, 26.4, -0.93, -1.98, 11.03, -0.12, -0.03, -0.01
23/07/2026 20:37:59, -15815933, -47988522, 6, 1.35, 16.48, NNW, 30.9, 26.4, -0.54, -0.56, 11.26, -0.09, -0.00, -0.03
23/07/2026 20:38:09, -15815642, -47988584, 6, 1.35, 10.69, NE, 30.8, 26.4, -1.77, -1.78, 10.81, -0.04, -0.00, -0.21
23/07/2026 20:38:20, -15815512, -47988197, 6, 1.34, 15.63, ENE, 30.9, 26.4, -0.63, -1.61, 10.94, -0.08, -0.01, -0.02
23/07/2026 20:38:31, -15815204, -47987975, 6, 1.34, 14.13, NNW, 31.0, 26.3, -0.14, -1.82, 10.99, -0.07, -0.03, 0.01
23/07/2026 20:38:41, -15814931, -47988030, 6, 1.34, 13.41, NNW, 31.1, 26.4, -0.09, -1.84, 11.14, -0.13, -0.01, 0.00
23/07/2026 20:39:12, -15814842, -47988177, 8, 0.97, 0.39, SE, 31.2, 26.4, -0.77, -2.11, 10.87, -0.08, -0.01, -0.01
23/07/2026 20:39:43, -15814820, -47988134, 8, 0.97, 0.13, SE, 31.1, 26.4, -0.71, -2.16, 10.88, -0.08, -0.02, -0.02
23/07/2026 20:40:14, -15814854, -47988151, 8, 0.97, 0.11, SE, 31.1, 26.4, -0.71, -2.16, 10.88, -0.08, -0.02, -0.02
23/07/2026 20:40:44, -15814842, -47988152, 8, 1.10, 0.11, SE, 31.0, 26.4, -0.71, -2.16, 10.88, -0.08, -0.02, -0.02
23/07/2026 20:41:15, -15814817, -47988090, 8, 0.98, 0.46, SE, 30.9, 26.5, -0.70, -2.16, 10.88, -0.08, -0.02, -0.02
23/07/2026 20:41:46, -15814792, -47988064, 8, 0.98, 0.24, SE, 30.7, 26.5, -0.70, -2.18, 10.89, -0.08, -0.02, -0.02
23/07/2026 20:42:17, -15814797, -47988068, 8, 0.98, 0.07, SE, 30.6, 26.5, -0.69, -2.16, 10.88, -0.08, -0.02, -0.02
23/07/2026 20:42:47, -15814813, -47988100, 8, 0.98, 0.24, SE, 30.3, 26.5, -0.71, -2.17, 10.88, -0.08, -0.02, -0.02
23/07/2026 20:43:18, -15814841, -47988103, 8, 0.98, 0.02, SE, 30.2, 26.6, -0.72, -2.17, 10.89, -0.08, -0.02, -0.02
23/07/2026 20:43:46, -15814834, -47988099, 8, 0.98, 0.11, SE, 30.0, 26.7, -0.71, -2.17, 10.88, -0.08, -0.02, -0.02
23/07/2026 20:44:17, -15814867, -47988058, 8, 0.98, 0.07, SE, 29.9, 26.7, -0.70, -2.17, 10.88, -0.08, -0.02, -0.02
23/07/2026 20:44:47, -15814889, -47988064, 7, 1.11, 0.22, SE, 29.8, 26.7, -0.71, -2.17, 10.90, -0.08, -0.02, -0.02
23/07/2026 20:45:18, -15814822, -47988112, 8, 0.98, 0.26, SE, 29.7, 26.8, -0.69, -2.17, 10.88, -0.08, -0.02, -0.02
23/07/2026 20:45:49, -15814798, -47988117, 8, 1.08, 0.56, SE, 29.6, 26.8, -0.71, -2.17, 10.88, -0.08, -0.02, -0.02
23/07/2026 20:46:20, -15814792, -47988154, 8, 1.08, 0.22, SE, 29.5, 26.9, -0.70, -2.17, 10.88, -0.08, -0.02, -0.02
23/07/2026 20:46:50, -15814802, -47988160, 8, 0.98, 0.04, SE, 29.3, 26.9, -0.71, -2.16, 10.88, -0.08, -0.02, -0.02
23/07/2026 20:47:21, -15814798, -47988140, 8, 0.98, 0.22, SE, 29.6, 27.0, -0.71, -2.17, 10.88, -0.08, -0.02, -0.02
23/07/2026 20:47:52, -15814788, -47988118, 9, 0.98, 0.07, SE, 29.4, 27.0, -0.69, -2.16, 10.88, -0.08, -0.02, -0.02
23/07/2026 20:48:22, -15814798, -47988126, 8, 0.99, 0.17, SE, 29.3, 27.1, -0.71, -2.17, 10.90, -0.08, -0.02, -0.02
23/07/2026 20:48:53, -15814804, -47988111, 9, 0.99, 0.07, SE, 29.2, 27.1, -0.69, -2.17, 10.89, -0.08, -0.02, -0.02
23/07/2026 20:49:24, -15814818, -47988104, 8, 0.99, 0.26, SE, 29.2, 27.2, -0.71, -2.17, 10.86, -0.08, -0.02, -0.02
23/07/2026 20:49:54, -15814815, -47988112, 9, 0.99, 0.24, SE, 29.0, 27.2, -0.71, -2.17, 10.89, -0.09, -0.02, -0.02
23/07/2026 20:50:25, -15814827, -47988118, 8, 0.90, 0.31, SE, 29.0, 27.2, -0.71, -2.17, 10.89, -0.08, -0.02, -0.02
23/07/2026 20:50:56, -15814784, -47988077, 9, 0.99, 0.33, SE, 28.9, 27.3, -0.70, -2.17, 10.90, -0.08, -0.02, -0.02
23/07/2026 20:51:27, -15814767, -47988059, 8, 0.99, 0.26, SE, 28.8, 27.3, -0.71, -2.17, 10.88, -0.08, -0.02, -0.02
23/07/2026 20:51:57, -15814796, -47988042, 8, 1.07, 0.70, SE, 28.7, 27.3, -0.72, -2.16, 10.88, -0.08, -0.02, -0.02
23/07/2026 20:52:28, -15814807, -47988018, 9, 0.97, 0.13, SE, 28.6, 27.3, -0.71, -2.18, 10.89, -0.09, -0.02, -0.02
23/07/2026 20:52:59, -15814808, -47988007, 10, 0.97, 0.89, SE, 28.6, 27.4, -0.70, -2.17, 10.89, -0.08, -0.02, -0.02
23/07/2026 20:53:29, -15814850, -47988047, 10, 0.78, 0.30, SE, 28.5, 27.4, -0.69, -2.17, 10.89, -0.08, -0.02, -0.02
23/07/2026 20:54:00, -15814831, -47988073, 10, 0.78, 0.26, SE, 28.4, 27.4, -0.70, -2.17, 10.89, -0.08, -0.02, -0.02
23/07/2026 20:54:31, -15814820, -47988113, 9, 0.90, 0.22, SE, 28.4, 27.4, -0.70, -2.18, 10.89, -0.08, -0.02, -0.02
23/07/2026 20:55:02, -15814835, -47988090, 9, 1.08, 0.09, SE, 28.3, 27.5, -0.71, -2.18, 10.89, -0.08, -0.02, -0.02
23/07/2026 20:55:32, -15814810, -47988115, 10, 0.78, 0.09, SE, 28.2, 27.5, -0.71, -2.17, 10.89, -0.08, -0.02, -0.02
23/07/2026 20:56:03, -15814759, -47988118, 10, 0.99, 0.09, SE, 28.2, 27.5, -0.70, -2.16, 10.89, -0.08, -0.02, -0.02
23/07/2026 20:56:34, -15814785, -47988129, 10, 0.82, 0.07, SE, 28.1, 27.5, -0.71, -2.17, 10.88, -0.08, -0.02, -0.02
23/07/2026 20:57:04, -15814762, -47988137, 9, 0.85, 0.57, SE, 28.0, 27.5, -0.71, -2.18, 10.90, -0.08, -0.02, -0.02
23/07/2026 20:57:35, -15814772, -47988132, 10, 0.79, 0.11, SE, 28.0, 27.5, -0.72, -2.17, 10.89, -0.08, -0.02, -0.02
23/07/2026 20:58:06, -15814776, -47988169, 9, 0.79, 0.07, SE, 27.9, 27.6, -0.70, -2.17, 10.90, -0.08, -0.02, -0.02
23/07/2026 20:58:36, -15814780, -47988143, 10, 0.79, 0.06, SE, 27.9, 27.6, -0.70, -2.18, 10.88, -0.08, -0.02, -0.02
23/07/2026 20:58:57, -15814784, -47988123, 9, 0.91, 2.04, SE, 27.8, 27.6, -0.71, -2.18, 10.88, -0.08, -0.02, -0.02
23/07/2026 20:59:27, -15814796, -47988100, 10, 0.82, 0.13, SE, 27.8, 27.6, -0.70, -2.17, 10.88, -0.08, -0.02, -0.02
23/07/2026 20:59:58, -15814818, -47988078, 9, 0.86, 0.67, SE, 27.7, 27.6, -0.70, -2.17, 10.88, -0.08, -0.02, -0.02
23/07/2026 21:00:29, -15814860, -47988147, 10, 0.79, 0.19, SE, 27.7, 27.7, -0.70, -2.17, 10.89, -0.08, -0.02, -0.02
23/07/2026 21:01:00, -15814852, -47988133, 9, 0.90, 0.09, SE, 27.6, 27.7, -0.70, -2.18, 10.88, -0.08, -0.02, -0.02
23/07/2026 21:01:30, -15814834, -47988103, 10, 0.82, 0.04, SE, 27.6, 27.7, -0.70, -2.17, 10.90, -0.08, -0.02, -0.02
23/07/2026 21:01:58, -15814835, -47988095, 10, 0.82, 2.87, SE, 27.5, 27.7, -0.71, -2.17, 10.89, -0.08, -0.02, -0.02
23/07/2026 21:02:25, -15814824, -47988062, 9, 0.93, 2.06, SE, 27.5, 27.7, -0.70, -2.17, 10.89, -0.08, -0.02, -0.02
23/07/2026 21:02:56, -15814805, -47988061, 10, 0.95, 0.20, SE, 27.4, 27.7, -0.70, -2.17, 10.90, -0.08, -0.02, -0.02
23/07/2026 21:03:27, -15814813, -47988095, 10, 0.79, 0.20, SE, 27.4, 27.8, -0.71, -2.17, 10.87, -0.08, -0.02, -0.02
23/07/2026 21:03:58, -15814797, -47988103, 10, 0.82, 0.48, SE, 27.4, 27.7, -0.71, -2.18, 10.88, -0.08, -0.02, -0.02
23/07/2026 21:04:29, -15814849, -47988122, 10, 0.80, 0.35, SE, 27.2, 27.8, -0.71, -2.17, 10.90, -0.09, -0.02, -0.02
23/07/2026 21:04:59, -15814839, -47988120, 10, 0.79, 0.24, SE, 27.2, 27.8, -0.71, -2.18, 10.90, -0.08, -0.02, -0.02
23/07/2026 21:05:30, -15814821, -47988138, 10, 0.79, 0.11, SE, 27.1, 27.8, -0.71, -2.17, 10.89, -0.08, -0.02, -0.02
23/07/2026 21:06:01, -15814805, -47988151, 9, 0.86, 0.19, SE, 27.1, 27.8, -0.71, -2.18, 10.89, -0.08, -0.02, -0.02
23/07/2026 21:06:32, -15814823, -47988128, 9, 0.86, 0.13, SE, 27.0, 27.9, -0.70, -2.17, 10.88, -0.08, -0.02, -0.02
23/07/2026 21:07:02, -15814815, -47988114, 10, 0.87, 0.28, SE, 27.0, 27.9, -0.71, -2.17, 10.89, -0.08, -0.02, -0.02
23/07/2026 21:07:33, -15814826, -47988169, 10, 0.79, 0.09, SE, 26.9, 27.9, -0.71, -2.18, 10.89, -0.08, -0.02, -0.02
23/07/2026 21:08:04, -15814768, -47988179, 9, 0.86, 0.07, SE, 26.8, 27.9, -0.71, -2.18, 10.88, -0.08, -0.02, -0.02
23/07/2026 21:08:35, -15814778, -47988148, 10, 0.79, 0.13, SE, 26.8, 27.9, -0.70, -2.16, 10.90, -0.08, -0.02, -0.02
23/07/2026 21:09:05, -15814802, -47988133, 9, 0.86, 0.17, SE, 27.0, 28.0, -0.71, -2.17, 10.88, -0.08, -0.02, -0.02
23/07/2026 21:09:36, -15814827, -47988187, 10, 0.79, 0.28, SE, 26.9, 28.0, -0.71, -2.17, 10.89, -0.08, -0.02, -0.02
23/07/2026 21:10:07, -15814796, -47988144, 10, 0.79, 0.07, SE, 26.9, 28.0, -0.71, -2.17, 10.89, -0.08, -0.02, -0.02
23/07/2026 21:10:37, -15814852, -47988147, 9, 0.83, 0.07, SE, 26.8, 28.0, -0.71, -2.18, 10.89, -0.08, -0.02, -0.02
23/07/2026 21:11:08, -15814865, -47988150, 10, 0.87, 0.19, SE, 26.8, 28.0, -0.72, -2.18, 10.90, -0.08, -0.02, -0.02
23/07/2026 21:11:39, -15814860, -47988160, 10, 0.87, 0.31, SE, 26.7, 28.0, -0.72, -2.16, 10.87, -0.08, -0.02, -0.02
23/07/2026 21:12:10, -15814775, -47988109, 10, 0.80, 0.30, SE, 26.7, 28.1, -0.71, -2.17, 10.86, -0.08, -0.02, -0.02
23/07/2026 21:12:40, -15814793, -47988048, 9, 0.99, 1.26, SE, 26.7, 28.1, -0.73, -2.17, 10.87, -0.08, -0.02, -0.02
23/07/2026 21:12:56, -15814787, -47988018, 9, 1.02, 3.20, ENE, 26.7, 28.1, -0.71, -2.02, 10.91, -0.08, -0.01, -0.01
23/07/2026 21:13:07, -15814817, -47988070, 10, 0.80, 3.91, SSE, 26.7, 28.1, -0.55, -3.30, 10.69, -0.11, -0.05, 0.23
23/07/2026 21:13:17, -15815113, -47988001, 10, 0.81, 8.74, SSE, 26.7, 28.1, -1.01, -2.60, 10.73, -0.07, -0.03, -0.01
23/07/2026 21:13:28, -15815409, -47988078, 10, 1.00, 17.85, WSW, 27.0, 28.1, -0.78, -2.23, 10.93, -0.06, -0.01, -0.03
23/07/2026 21:13:38, -15815602, -47988480, 10, 0.80, 11.57, WSW, 27.4, 28.1, -0.29, -1.13, 11.00, -0.07, -0.01, -0.01
23/07/2026 21:13:49, -15815726, -47988603, 10, 0.80, 14.50, S, 27.5, 28.1, 0.30, -1.93, 11.04, -0.10, -0.03, 0.13
23/07/2026 21:14:00, -15816103, -47988524, 9, 0.83, 21.67, SSE, 27.6, 28.1, -0.43, -2.40, 11.03, -0.07, -0.01, -0.01
23/07/2026 21:14:10, -15816678, -47988307, 10, 0.80, 23.72, SSE, 27.6, 28.1, -0.16, -1.71, 11.03, -0.05, 0.02, 0.01
23/07/2026 21:14:21, -15817149, -47988126, 10, 1.02, 11.98, SSE, 27.6, 28.1, -0.30, -2.13, 10.87, -0.07, -0.03, -0.02
23/07/2026 21:14:31, -15817491, -47988050, 10, 0.80, 11.32, SW, 27.6, 28.1, -0.87, -1.69, 11.22, -0.06, -0.02, -0.05
23/07/2026 21:14:42, -15817653, -47988400, 9, 0.83, 16.28, WSW, 27.7, 28.1, -0.48, -1.04, 11.02, -0.08, -0.03, -0.01
23/07/2026 21:14:52, -15817788, -47988636, 10, 0.80, 3.11, SSW, 27.7, 28.1, -0.06, -1.13, 11.08, -0.08, -0.03, 0.02
23/07/2026 21:15:03, -15818006, -47988614, 10, 1.00, 15.74, SSE, 27.7, 28.1, -0.55, -2.33, 11.04, -0.08, -0.03, -0.01
23/07/2026 21:15:14, -15818689, -47988371, 10, 1.00, 28.85, SSE, 27.9, 28.1, -0.49, -1.68, 11.28, -0.18, 0.02, -0.03
23/07/2026 21:15:24, -15819252, -47988147, 10, 1.00, 12.33, SSE, 27.9, 28.1, -0.45, -1.41, 11.14, -0.02, -0.02, -0.01
23/07/2026 21:15:35, -15819711, -47987961, 10, 0.80, 22.71, SSE, 28.1, 28.0, -0.19, -1.51, 10.95, -0.08, -0.02, -0.01
23/07/2026 21:15:45, -15820122, -47987818, 10, 0.80, 9.91, SSE, 28.2, 28.0, -0.33, -2.01, 10.94, -0.06, -0.03, -0.01
23/07/2026 21:15:56, -15820532, -47987650, 10, 0.80, 18.06, SSE, 28.2, 28.0, 0.12, -1.89, 11.01, -0.14, -0.04, -0.01
23/07/2026 21:16:07, -15820939, -47987488, 10, 0.80, 11.19, S, 28.3, 28.0, -2.27, -1.74, 10.82, -0.05, 0.08, -0.43
23/07/2026 21:16:17, -15821130, -47987836, 10, 0.80, 19.82, WSW, 28.3, 28.0, -0.88, -1.47, 11.06, -0.09, -0.02, 0.01
23/07/2026 21:16:28, -15821225, -47988089, 10, 0.87, 7.89, SW, 28.3, 28.0, 0.80, -2.65, 11.02, -0.15, -0.08, 0.40
23/07/2026 21:16:38, -15821531, -47988031, 10, 0.80, 15.93, SSE, 28.3, 28.0, -0.56, -2.42, 11.03, -0.16, -0.00, -0.04
23/07/2026 21:16:49, -15822203, -47987799, 10, 1.00, 25.74, SSE, 28.1, 27.9, -0.16, -1.34, 11.08, -0.02, 0.01, -0.00
23/07/2026 21:17:00, -15822594, -47987665, 10, 0.80, 11.85, SSE, 28.4, 28.0, -0.25, -2.53, 10.89, -0.09, -0.02, -0.01
23/07/2026 21:17:10, -15822950, -47987514, 10, 0.80, 7.24, SSE, 28.4, 28.0, -0.66, -2.53, 10.87, -0.13, 0.00, -0.02
23/07/2026 21:17:21, -15823190, -47987813, 10, 0.80, 17.71, WSW, 28.2, 27.9, -0.99, -1.57, 11.04, -0.14, 0.01, -0.02
23/07/2026 21:17:31, -15823385, -47988102, 10, 0.84, 15.89, S, 28.3, 27.9, 0.01, -2.45, 10.86, -0.08, -0.02, 0.10
23/07/2026 21:17:42, -15823789, -47988039, 10, 1.00, 9.57, S, 28.3, 27.9, -0.57, -2.85, 10.88, -0.08, -0.02, -0.03
23/07/2026 21:17:53, -15824391, -47987832, 10, 0.84, 23.26, SSE, 28.3, 27.9, -0.39, -2.30, 10.51, -0.09, -0.01, -0.01
23/07/2026 21:18:03, -15824781, -47987651, 10, 0.80, 15.45, SSE, 28.3, 27.9, -0.71, -2.54, 10.86, -0.09, -0.01, -0.02
23/07/2026 21:18:14, -15825338, -47987462, 10, 0.80, 15.95, SSE, 28.2, 27.9, -0.21, -0.91, 11.08, -0.08, -0.02, -0.00
23/07/2026 21:18:24, -15825639, -47987328, 9, 0.84, 15.96, SSE, 28.3, 27.9, -0.48, -1.59, 11.38, -0.07, -0.02, -0.01
23/07/2026 21:18:35, -15825928, -47987299, 9, 0.84, 6.65, WSW, 28.3, 27.9, -1.13, -1.48, 10.92, -0.15, 0.01, -0.10
23/07/2026 21:18:46, -15826002, -47987528, 10, 0.84, 7.80, WSW, 28.4, 27.9, -0.31, -1.82, 10.90, -0.10, -0.06, 0.14
23/07/2026 21:18:56, -15826109, -47987563, 10, 0.81, 4.50, S, 28.5, 27.9, -0.24, -1.70, 11.05, -0.06, 0.01, -0.04
23/07/2026 21:19:07, -15826206, -47987548, 10, 0.81, 5.39, SSE, 28.5, 27.9, -0.37, -1.85, 10.94, -0.10, -0.01, -0.03
23/07/2026 21:19:37, -15826273, -47987456, 10, 0.99, 0.06, ESE, 28.6, 27.9, -0.72, -1.83, 10.94, -0.09, -0.02, -0.02
23/07/2026 21:20:08, -15826302, -47987490, 10, 0.99, 0.02, ESE, 28.6, 27.8, -0.65, -1.82, 10.96, -0.08, -0.02, -0.02
23/07/2026 21:20:39, -15826289, -47987472, 9, 0.99, 0.09, ESE, 28.7, 27.8, -0.70, -1.80, 10.94, -0.08, -0.02, -0.02
23/07/2026 21:21:10, -15826275, -47987433, 11, 0.99, 0.15, ESE, 28.8, 27.8, -0.67, -1.83, 10.98, -0.08, -0.02, -0.02
23/07/2026 21:21:30, -15826275, -47987463, 8, 0.99, 2.15, S, 28.9, 27.8, -0.93, 6.02, 8.87, -0.02, 0.29, 0.20
23/07/2026 21:21:40, -15826255, -47987457, 10, 0.84, 3.37, NNW, 29.1, 27.7, -0.14, 6.74, 8.83, 0.30, 0.67, 0.52
23/07/2026 21:21:51, -15826255, -47987385, 10, 0.93, 2.85, E, 29.4, 27.7, -0.32, 5.75, 9.31, -0.03, -0.13, -0.18
23/07/2026 21:22:01, -15826265, -47987349, 11, 0.84, 2.82, E, 29.4, 27.5, -0.45, 7.32, 8.46, -0.00, -0.23, -0.03
# BOOT bootCount=1 reset_reason=1
26/07/2026 10:37:58, -15826334, -47987439, 4, 5.43, 1.57, E, 37.0, 24.7, 2.20, -0.13, 10.94, -0.09, -0.02, -0.01
26/07/2026 10:38:28, -15826328, -47987444, 6, 1.65, 0.22, E, 35.2, 24.7, 2.24, -0.07, 11.00, -0.03, -0.04, -0.01
26/07/2026 10:38:59, -15826290, -47987466, 8, 1.14, 0.07, E, 34.9, 24.7, 2.31, -0.18, 10.85, -0.08, -0.02, -0.01
26/07/2026 10:39:30, -15826283, -47987448, 9, 1.04, 0.17, E, 34.6, 24.7, 2.16, -0.12, 10.95, -0.09, -0.02, -0.01
26/07/2026 10:40:01, -15826290, -47987445, 10, 0.97, 0.59, E, 36.8, 24.7, 2.19, -0.13, 10.87, -0.09, -0.01, -0.01
26/07/2026 10:40:31, -15826293, -47987411, 10, 0.89, 0.04, E, 37.1, 24.7, 2.23, -0.17, 10.99, -0.09, -0.02, -0.01
26/07/2026 10:41:02, -15826282, -47987428, 10, 0.89, 0.15, E, 37.5, 24.7, 2.20, -0.16, 10.96, -0.08, -0.02, -0.01
26/07/2026 10:41:30, -15826286, -47987445, 10, 0.89, 0.13, E, 35.5, 24.6, 2.22, -0.18, 11.01, -0.08, -0.02, -0.01
26/07/2026 10:42:00, -15826285, -47987463, 9, 0.99, 2.20, NW, 36.1, 24.7, 2.39, -0.15, 11.12, -0.10, -0.02, -0.05
26/07/2026 10:42:12, -15826271, -47987481, 10, 0.88, 2.80, SW, 36.0, 24.7, 3.19, -0.24, 10.84, -0.11, -0.02, -0.10
26/07/2026 10:42:23, -15826563, -47987372, 10, 0.88, 15.08, SSE, 35.6, 24.7, 2.03, -0.37, 10.66, -0.09, -0.02, -0.01
26/07/2026 10:42:33, -15826661, -47987133, 10, 0.99, 12.87, ENE, 37.7, 24.7, 2.44, 0.03, 10.74, -0.12, 0.01, -0.02
26/07/2026 10:42:44, -15826612, -47986909, 10, 0.88, 8.26, E, 39.0, 24.7, 2.46, -1.96, 10.99, -0.16, 0.00, -0.36
26/07/2026 10:42:54, -15826927, -47986764, 10, 0.88, 14.32, SSE, 39.7, 24.7, 2.67, -0.05, 11.40, -0.04, -0.02, -0.01
26/07/2026 10:43:05, -15827362, -47986608, 10, 0.88, 26.08, SSE, 39.8, 24.7, 3.01, -0.16, 10.78, -0.08, -0.02, -0.01
26/07/2026 10:43:16, -15828060, -47986335, 10, 0.88, 14.58, SSE, 40.1, 24.7, 1.08, -0.60, 11.34, -0.10, -0.01, -0.15
26/07/2026 10:43:26, -15828308, -47986432, 10, 0.88, 25.98, SW, 40.1, 24.7, 2.59, -1.95, 10.73, -0.09, -0.01, -0.13
26/07/2026 10:43:37, -15828981, -47987225, 10, 0.88, 38.37, SW, 40.4, 24.7, 1.51, 0.24, 11.12, -0.06, -0.02, 0.09
26/07/2026 10:43:47, -15829288, -47987190, 10, 0.88, 20.83, NE, 40.7, 24.8, 3.56, 0.60, 10.78, -0.07, -0.04, 0.11
26/07/2026 10:43:58, -15828589, -47986572, 10, 0.88, 42.48, NE, 40.7, 24.8, 2.82, -0.28, 10.63, -0.11, 0.00, -0.04
26/07/2026 10:44:08, -15828057, -47985596, 10, 0.88, 30.84, ENE, 40.7, 24.8, 2.13, -0.51, 10.69, -0.06, -0.03, -0.02
26/07/2026 10:44:19, -15827689, -47984853, 10, 0.88, 37.54, ENE, 40.7, 24.8, 2.85, -0.88, 10.64, -0.09, -0.01, -0.04
26/07/2026 10:44:30, -15827207, -47983792, 10, 0.88, 36.89, ENE, 40.7, 24.8, 1.58, -0.13, 10.97, -0.08, -0.01, -0.01
26/07/2026 10:44:40, -15826940, -47983207, 11, 0.79, 17.85, ENE, 40.7, 24.9, 2.03, -0.14, 11.10, -0.08, -0.02, -0.01
26/07/2026 10:44:55, -15826830, -47982976, 11, 0.79, 4.65, ENE, 40.6, 24.9, 3.82, -0.29, 10.54, -0.08, -0.02, -0.01
26/07/2026 10:45:06, -15826560, -47982353, 12, 0.72, 37.00, ENE, 40.6, 25.0, 2.94, -0.27, 10.62, -0.09, -0.01, -0.02
26/07/2026 10:45:16, -15826151, -47981290, 12, 0.72, 48.84, ENE, 40.7, 25.0, 2.51, -0.17, 10.50, -0.06, -0.05, 0.00
26/07/2026 10:45:27, -15825589, -47979958, 12, 0.72, 51.23, ENE, 40.5, 25.1, 2.13, -0.24, 11.06, -0.06, -0.02, 0.00
26/07/2026 10:45:37, -15825002, -47978825, 12, 0.72, 49.13, ENE, 40.5, 25.1, 2.67, -0.74, 10.23, -0.07, -0.03, -0.02
26/07/2026 10:45:48, -15824723, -47977470, 12, 0.72, 51.93, ESE, 40.6, 25.2, 2.11, -1.74, 10.98, -0.11, -0.00, -0.09
26/07/2026 10:45:59, -15825647, -47976269, 12, 0.72, 59.45, SE, 40.8, 25.2, 2.01, -0.15, 11.28, -0.09, -0.00, -0.01
26/07/2026 10:46:09, -15826867, -47975310, 12, 0.72, 61.34, SE, 40.9, 25.2, 2.26, -0.15, 11.18, -0.06, -0.05, -0.01
26/07/2026 10:46:20, -15828283, -47974406, 11, 0.74, 59.76, SSE, 40.8, 25.2, 2.18, -1.51, 10.84, -0.13, -0.01, -0.07
26/07/2026 10:46:30, -15829751, -47974389, 12, 0.72, 57.82, S, 40.7, 25.2, 2.21, -0.32, 11.12, -0.09, -0.01, -0.02
26/07/2026 10:46:41, -15831188, -47974583, 12, 0.72, 47.86, S, 40.8, 25.3, 2.42, -0.16, 10.36, -0.08, -0.01, -0.01
26/07/2026 10:46:52, -15832633, -47974787, 12, 0.78, 56.95, S, 40.6, 25.3, 2.33, 0.14, 10.82, -0.07, -0.02, -0.01
26/07/2026 10:47:02, -15834082, -47974935, 12, 0.68, 56.56, S, 40.6, 25.4, 2.84, 0.22, 10.81, -0.04, -0.04, 0.05
26/07/2026 10:47:13, -15835550, -47974275, 12, 0.68, 61.60, SE, 40.5, 25.4, 1.87, 0.55, 10.96, -0.08, -0.01, 0.05
26/07/2026 10:47:23, -15836251, -47972889, 12, 0.68, 60.19, E, 40.3, 25.4, 2.40, -0.01, 11.27, -0.02, -0.04, 0.03
26/07/2026 10:47:34, -15836143, -47971215, 12, 0.68, 59.25, E, 40.2, 25.4, 2.64, 0.15, 11.07, -0.06, -0.02, -0.01
26/07/2026 10:47:45, -15835944, -47969454, 12, 0.72, 62.28, E, 40.1, 25.4, 2.38, -0.89, 11.27, -0.07, -0.03, -0.04
26/07/2026 10:47:55, -15836284, -47967888, 12, 0.68, 62.78, ESE, 40.0, 25.4, 1.85, -1.74, 10.83, -0.14, 0.01, -0.08
26/07/2026 10:48:06, -15837377, -47966815, 12, 0.72, 43.02, SE, 40.0, 25.4, 2.46, 3.64, 10.54, -0.03, 0.00, 0.29
26/07/2026 10:48:16, -15836962, -47965775, 12, 0.68, 51.73, ENE, 40.1, 25.5, 1.87, -3.42, 10.88, -0.12, 0.01, -0.19
26/07/2026 10:48:27, -15837306, -47964135, 12, 0.68, 63.13, ESE, 40.3, 25.5, 1.94, -0.42, 11.63, -0.07, -0.02, -0.01
26/07/2026 10:48:38, -15837839, -47962373, 12, 0.68, 66.30, ESE, 40.3, 25.5, 2.13, -0.00, 10.98, 0.01, -0.08, -0.01
26/07/2026 10:48:48, -15838358, -47960619, 12, 0.70, 73.77, ESE, 40.1, 25.5, 2.08, -0.47, 11.19, -0.06, -0.05, -0.02
26/07/2026 10:48:59, -15838988, -47958735, 12, 0.68, 69.56, ESE, 40.1, 25.5, 2.67, -0.83, 11.77, -0.05, -0.02, -0.02
26/07/2026 10:49:09, -15839519, -47957027, 12, 0.68, 68.47, ESE, 40.1, 25.5, 2.70, -1.01, 10.10, -0.11, 0.00, -0.02
26/07/2026 10:49:20, -15840095, -47955165, 12, 0.68, 67.38, ESE, 40.0, 25.5, 1.24, -0.04, 9.76, -0.19, 0.03, -0.02
26/07/2026 10:49:31, -15840666, -47953356, 12, 0.74, 66.25, ESE, 40.1, 25.6, 2.17, -0.54, 10.77, -0.07, -0.04, -0.01
26/07/2026 10:49:41, -15841168, -47951718, 12, 0.71, 68.84, ESE, 40.1, 25.5, 1.92, -0.56, 10.84, -0.11, -0.02, -0.02
26/07/2026 10:49:52, -15841739, -47949842, 12, 0.67, 68.17, ESE, 40.2, 25.5, 2.31, -0.52, 10.43, -0.08, -0.01, -0.02
26/07/2026 10:50:02, -15842286, -47948099, 12, 0.70, 72.25, ESE, 40.2, 25.6, 2.43, -0.55, 10.87, -0.09, -0.02, -0.02
26/07/2026 10:50:13, -15842890, -47946191, 12, 0.67, 65.34, ESE, 40.2, 25.6, 2.19, -0.76, 11.12, -0.10, -0.01, -0.03
26/07/2026 10:50:23, -15843513, -47944603, 12, 0.67, 67.15, ESE, 40.2, 25.6, 2.50, -0.47, 10.66, -0.08, -0.03, -0.01
26/07/2026 10:50:34, -15844090, -47942752, 12, 0.67, 68.25, ESE, 40.3, 25.7, 2.01, -0.09, 11.27, -0.10, -0.01, -0.01
26/07/2026 10:50:45, -15844565, -47940937, 12, 0.67, 62.49, ESE, 40.3, 25.7, 2.22, -0.68, 10.43, -0.07, -0.01, -0.01
26/07/2026 10:50:55, -15844722, -47939331, 12, 0.67, 62.99, E, 40.3, 25.8, 2.17, -0.75, 10.84, -0.07, -0.03, -0.01
26/07/2026 10:51:06, -15844840, -47937412, 12, 0.70, 67.56, E, 40.2, 25.8, 2.26, -0.64, 11.15, -0.09, -0.03, -0.03
26/07/2026 10:51:16, -15844990, -47935576, 12, 0.67, 68.21, E, 40.2, 25.8, 2.04, -0.26, 11.92, -0.04, -0.06, -0.02
26/07/2026 10:51:27, -15845099, -47933636, 12, 0.67, 70.45, E, 40.2, 25.8, 2.68, -0.15, 10.36, -0.11, 0.00, -0.01
26/07/2026 10:51:38, -15845199, -47931612, 12, 0.67, 68.80, E, 40.2, 25.8, 1.81, -0.39, 11.23, -0.04, -0.03, -0.02
26/07/2026 10:51:48, -15845302, -47929873, 12, 0.67, 69.41, E, 40.2, 25.9, 1.41, -0.35, 11.47, -0.07, -0.04, -0.02
26/07/2026 10:51:59, -15845420, -47927882, 12, 0.67, 70.34, E, 40.6, 26.0, 2.29, -0.94, 10.67, -0.07, -0.02, -0.02
26/07/2026 10:52:09, -15845542, -47926063, 12, 0.67, 69.10, E, 40.5, 26.0, 2.09, -1.04, 11.23, -0.07, -0.02, -0.02
26/07/2026 10:52:20, -15845608, -47924205, 12, 0.67, 62.02, E, 40.3, 26.1, 2.27, -0.06, 10.65, -0.11, 0.00, 0.01
26/07/2026 10:52:31, -15845444, -47922507, 12, 0.67, 59.52, E, 40.2, 26.1, 2.51, 0.41, 10.97, -0.09, -0.02, 0.03
26/07/2026 10:52:41, -15845013, -47920977, 12, 0.67, 61.12, ENE, 40.1, 26.2, 2.35, -0.86, 10.93, -0.15, 0.02, -0.02
26/07/2026 10:52:52, -15844406, -47919445, 12, 0.67, 54.00, ENE, 40.1, 26.2, 2.50, -0.84, 10.97, -0.10, 0.02, -0.02
26/07/2026 10:53:02, -15843876, -47918201, 12, 0.67, 49.04, ENE, 40.0, 26.3, 1.75, -0.98, 10.68, -0.11, 0.00, -0.03
26/07/2026 10:53:13, -15843389, -47917045, 12, 0.70, 43.10, ENE, 40.0, 26.4, 2.08, -0.65, 11.23, -0.04, -0.06, -0.01
26/07/2026 10:53:24, -15842866, -47915811, 12, 0.70, 52.74, ENE, 40.0, 26.4, 2.47, -0.84, 10.65, -0.08, -0.02, -0.02
26/07/2026 10:53:34, -15842326, -47914546, 12, 0.67, 53.24, ENE, 40.0, 26.5, 2.17, -0.58, 11.03, -0.07, -0.04, -0.02
26/07/2026 10:53:45, -15841690, -47913092, 12, 0.67, 63.89, ENE, 40.0, 26.5, 2.75, -1.03, 10.51, -0.10, -0.02, -0.01
26/07/2026 10:53:55, -15841029, -47911585, 12, 0.73, 61.32, ENE, 39.8, 26.6, 1.79, -1.15, 10.55, -0.08, -0.03, -0.02
26/07/2026 10:54:06, -15840346, -47910021, 12, 0.70, 62.45, ENE, 39.7, 26.6, 1.69, -0.86, 10.99, -0.06, -0.03, -0.01
26/07/2026 10:54:17, -15839634, -47908359, 12, 0.76, 64.84, ENE, 39.6, 26.7, 2.65, -0.77, 11.19, -0.07, -0.04, -0.01
26/07/2026 10:54:27, -15839005, -47906904, 12, 0.73, 59.56, ENE, 39.6, 26.8, 2.40, -1.24, 10.76, -0.12, -0.00, -0.03
26/07/2026 10:54:38, -15838335, -47905314, 12, 0.77, 61.34, ENE, 39.5, 26.8, 2.13, -0.70, 10.41, -0.13, -0.00, -0.02
26/07/2026 10:54:48, -15837722, -47903878, 12, 0.70, 58.08, ENE, 39.4, 26.8, 2.33, -0.74, 11.26, -0.02, -0.04, -0.02
26/07/2026 10:54:59, -15837058, -47902282, 12, 0.67, 63.32, ENE, 39.3, 26.9, 2.47, -0.66, 11.22, -0.09, -0.01, -0.02
26/07/2026 10:55:09, -15836416, -47900753, 12, 0.67, 62.41, ENE, 39.1, 26.9, 2.29, -0.67, 10.81, -0.08, -0.03, -0.02
26/07/2026 10:55:20, -15835761, -47899204, 12, 0.67, 58.63, ENE, 39.5, 27.0, 2.28, 0.12, 10.84, -0.06, -0.04, -0.01
26/07/2026 10:55:31, -15835062, -47897580, 12, 0.67, 64.89, ENE, 39.3, 27.0, 2.26, -0.56, 10.93, -0.10, -0.01, -0.02
26/07/2026 10:55:41, -15834391, -47896035, 12, 0.67, 65.21, ENE, 39.1, 27.1, 2.61, -0.59, 11.04, -0.08, -0.03, 0.01
26/07/2026 10:55:52, -15833549, -47894449, 12, 0.67, 61.43, ENE, 39.0, 27.2, 2.01, -0.62, 11.52, -0.08, -0.03, -0.01
26/07/2026 10:56:02, -15832694, -47893126, 12, 0.69, 62.04, ENE, 38.9, 27.2, 1.98, -0.81, 10.98, -0.08, -0.02, -0.01
26/07/2026 10:56:13, -15831553, -47891782, 12, 0.71, 67.36, NE, 38.8, 27.2, 2.06, -0.01, 11.23, -0.07, -0.01, 0.00
26/07/2026 10:56:24, -15829994, -47890563, 12, 0.67, 69.49, NE, 38.8, 27.2, 1.94, -0.49, 10.56, 0.01, -0.09, -0.01
26/07/2026 10:56:34, -15828617, -47889574, 12, 0.67, 64.08, NE, 38.9, 27.3, 2.13, -0.08, 11.15, -0.08, -0.05, -0.02
26/07/2026 10:56:45, -15827068, -47888473, 12, 0.67, 71.06, NE, 38.9, 27.3, 2.14, -0.39, 11.04, -0.07, -0.02, -0.02
26/07/2026 10:56:55, -15825630, -47887401, 12, 0.67, 66.54, NE, 38.8, 27.2, 2.36, -0.53, 11.18, -0.06, -0.06, -0.02
26/07/2026 10:57:06, -15824307, -47886160, 12, 0.67, 65.54, NE, 38.7, 27.3, 2.10, -0.40, 10.16, -0.11, 0.02, -0.03
26/07/2026 10:57:17, -15823121, -47884814, 12, 0.67, 60.47, NE, 38.7, 27.3, 2.08, -0.38, 11.08, -0.10, -0.02, -0.02
26/07/2026 10:57:27, -15822127, -47883706, 12, 0.67, 57.58, NE, 38.7, 27.3, 2.91, -0.66, 10.81, -0.10, -0.03, -0.03
26/07/2026 10:57:38, -15821066, -47882380, 12, 0.67, 62.00, NE, 38.6, 27.4, 2.29, -0.30, 10.93, -0.13, 0.01, -0.02
26/07/2026 10:57:48, -15820210, -47881001, 12, 0.67, 64.56, ENE, 38.5, 27.4, 2.33, -0.47, 11.88, -0.05, -0.03, -0.01
26/07/2026 10:57:59, -15819432, -47879424, 12, 0.67, 57.45, ENE, 38.4, 27.4, 2.09, -0.34, 11.34, -0.02, -0.05, -0.01
26/07/2026 10:58:10, -15818708, -47877939, 12, 0.67, 60.36, ENE, 38.4, 27.4, 2.31, -0.24, 10.64, -0.08, -0.01, -0.02
26/07/2026 10:58:20, -15817984, -47876498, 12, 0.67, 63.78, ENE, 38.3, 27.5, 2.68, -0.41, 10.67, -0.08, -0.02, -0.01
26/07/2026 10:58:31, -15817160, -47874856, 12, 0.67, 65.49, ENE, 37.9, 27.5, 2.15, -0.04, 10.55, -0.08, -0.00, -0.01
26/07/2026 10:58:41, -15816421, -47873356, 12, 0.67, 65.19, ENE, 37.4, 27.5, 2.12, -0.13, 11.30, -0.09, -0.01, -0.02
26/07/2026 10:58:52, -15815584, -47871659, 12, 0.67, 67.65, ENE, 37.2, 27.5, 2.19, -0.11, 10.77, -0.10, -0.02, -0.02
26/07/2026 10:59:03, -15814748, -47869948, 12, 0.70, 65.84, ENE, 37.2, 27.6, 2.85, -0.88, 10.45, -0.03, -0.03, -0.02
26/07/2026 10:59:13, -15814002, -47868417, 11, 0.76, 66.01, ENE, 37.2, 27.6, 2.32, -0.26, 10.47, -0.09, -0.01, -0.02
26/07/2026 10:59:24, -15813206, -47866799, 12, 0.76, 62.71, ENE, 37.0, 27.6, 2.67, -0.18, 10.62, -0.11, -0.01, -0.01
26/07/2026 10:59:34, -15812370, -47865359, 12, 0.67, 66.32, ENE, 36.8, 27.6, 2.60, -0.59, 10.85, -0.13, 0.01, -0.03
26/07/2026 10:59:45, -15811348, -47863743, 12, 0.67, 67.97, ENE, 36.7, 27.7, 2.43, -0.29, 11.34, -0.08, -0.04, -0.01
26/07/2026 10:59:55, -15810431, -47862296, 12, 0.67, 63.84, ENE, 36.6, 27.7, 1.86, -0.50, 11.46, -0.07, -0.04, -0.02
26/07/2026 11:00:06, -15809756, -47860893, 12, 0.67, 50.21, ENE, 36.5, 27.7, 2.22, -0.76, 11.09, -0.09, -0.02, -0.01
26/07/2026 11:00:17, -15809162, -47859588, 12, 0.70, 52.04, ENE, 36.5, 27.7, 2.40, -0.97, 10.80, -0.07, -0.02, -0.01
26/07/2026 11:00:27, -15808397, -47858367, 12, 0.70, 58.76, ENE, 36.6, 27.8, 2.13, -0.48, 11.44, -0.09, -0.01, -0.01
26/07/2026 11:00:38, -15807441, -47856921, 12, 0.67, 57.71, NE, 36.6, 27.8, 0.71, -0.86, 11.10, -0.13, 0.00, -0.02
26/07/2026 11:00:48, -15806763, -47855888, 12, 0.67, 55.47, ENE, 36.6, 27.8, 2.89, -0.60, 11.80, -0.13, -0.01, 0.01
26/07/2026 11:00:59, -15805630, -47854629, 12, 0.67, 58.89, NE, 36.4, 27.8, 2.40, -1.92, 11.18, -0.07, -0.03, -0.08
26/07/2026 11:01:10, -15804688, -47853200, 12, 0.67, 59.58, ENE, 36.2, 27.8, 2.23, -0.78, 10.65, -0.06, -0.03, -0.02
26/07/2026 11:01:20, -15803884, -47851843, 12, 0.67, 63.01, ENE, 36.1, 27.9, 2.07, -0.36, 10.89, -0.13, 0.03, -0.03
26/07/2026 11:01:31, -15803125, -47850454, 12, 0.67, 46.47, ENE, 36.0, 27.9, 1.35, -2.63, 11.82, -0.17, -0.03, -0.17
26/07/2026 11:01:41, -15803398, -47849142, 12, 0.67, 55.89, ESE, 36.0, 27.9, 2.44, -0.76, 10.97, -0.09, -0.02, -0.02
26/07/2026 11:01:52, -15803899, -47847496, 12, 0.67, 61.97, ESE, 35.8, 27.9, 2.23, -0.81, 11.37, -0.07, -0.03, -0.01
26/07/2026 11:02:03, -15804429, -47845796, 12, 0.67, 63.23, ESE, 35.6, 27.9, 2.08, -0.40, 11.16, -0.09, -0.01, -0.02
26/07/2026 11:02:13, -15804923, -47844238, 12, 0.67, 63.01, ESE, 35.5, 27.9, 2.25, -0.59, 10.74, -0.10, -0.02, -0.02
26/07/2026 11:02:24, -15805470, -47842525, 12, 0.67, 64.01, ESE, 35.5, 27.9, 2.25, -0.51, 11.17, -0.05, -0.03, -0.01
26/07/2026 11:02:34, -15805962, -47840982, 12, 0.67, 61.49, ESE, 35.3, 27.9, 2.22, -0.67, 11.19, -0.06, -0.03, -0.02
26/07/2026 11:02:45, -15806439, -47839436, 12, 0.67, 47.21, ESE, 35.2, 27.9, 0.71, -1.38, 10.99, -0.13, -0.01, -0.07
26/07/2026 11:02:56, -15807031, -47838691, 12, 0.67, 35.60, ESE, 35.2, 27.9, 2.63, 1.27, 11.27, -0.05, -0.02, 0.18
26/07/2026 11:03:06, -15807721, -47838060, 12, 0.67, 46.13, SSE, 35.3, 27.9, 2.68, -0.95, 10.98, -0.13, -0.01, -0.03
26/07/2026 11:03:17, -15809073, -47837560, 12, 0.67, 55.95, SSE, 35.6, 28.0, 2.28, -0.57, 11.34, -0.11, 0.02, -0.02
26/07/2026 11:03:27, -15810427, -47837045, 12, 0.67, 54.97, SSE, 35.6, 28.0, 1.84, -0.51, 10.72, -0.10, -0.01, -0.01
26/07/2026 11:03:38, -15811277, -47836835, 12, 0.67, 17.45, SSW, 35.9, 28.0, 2.35, -1.11, 10.00, -0.04, -0.03, -0.16
26/07/2026 11:03:49, -15811747, -47837288, 12, 0.70, 24.61, SW, 36.0, 28.0, 2.38, -0.24, 10.80, -0.05, -0.04, -0.02
26/07/2026 11:03:59, -15812082, -47837625, 12, 0.70, 22.78, SW, 36.0, 28.0, 2.75, -0.45, 11.79, -0.12, 0.02, -0.02
26/07/2026 11:04:10, -15812528, -47838078, 12, 0.69, 18.35, SW, 36.0, 28.0, 1.89, 0.03, 11.13, -0.04, -0.02, 0.00
26/07/2026 11:04:20, -15812787, -47838324, 12, 0.69, 13.35, SW, 36.0, 28.1, 2.12, -0.63, 10.85, -0.10, -0.02, -0.06
26/07/2026 11:04:31, -15812758, -47838543, 12, 0.77, 6.93, NNW, 36.0, 28.1, 2.31, 0.09, 11.13, -0.02, -0.04, 0.18
26/07/2026 11:04:48, -15812745, -47838627, 12, 0.77, 2.69, WNW, 36.0, 28.1, 1.69, -0.84, 11.22, -0.10, -0.01, -0.08
26/07/2026 11:05:01, -15812731, -47838608, 12, 0.75, 2.61, NE, 36.0, 28.1, 2.32, -0.92, 11.01, -0.08, -0.02, 0.01
26/07/2026 11:05:28, -15812700, -47838589, 12, 0.77, 2.00, NE, 36.0, 28.1, 2.31, -0.94, 10.91, -0.09, -0.01, -0.02
26/07/2026 11:05:59, -15812705, -47838565, 11, 0.90, 0.06, NE, 35.9, 28.2, 2.12, -0.90, 10.97, -0.09, -0.01, -0.02
26/07/2026 11:06:29, -15812710, -47838566, 12, 0.70, 0.07, NE, 35.8, 28.2, 2.14, -0.94, 10.97, -0.09, -0.01, -0.02
26/07/2026 11:07:00, -15812727, -47838562, 12, 0.79, 0.02, NE, 35.6, 28.3, 2.10, -0.90, 10.89, -0.09, -0.02, -0.02
26/07/2026 11:07:31, -15812729, -47838566, 12, 0.77, 0.06, NE, 35.5, 28.3, 2.11, -0.93, 10.91, -0.09, -0.02, -0.02
26/07/2026 11:08:01, -15812708, -47838588, 12, 0.77, 0.00, NE, 35.3, 28.4, 2.11, -0.91, 10.91, -0.09, -0.02, -0.02
26/07/2026 11:08:32, -15812704, -47838587, 12, 0.77, 0.15, NE, 35.2, 28.5, 2.09, -0.95, 10.90, -0.08, -0.02, -0.02
26/07/2026 11:09:03, -15812706, -47838589, 12, 0.90, 0.06, NE, 35.0, 28.5, 2.12, -0.94, 10.94, -0.07, -0.02, -0.01
26/07/2026 11:09:34, -15812705, -47838596, 12, 0.77, 0.04, NE, 34.8, 28.5, 2.15, -0.91, 10.85, -0.08, -0.02, -0.02
26/07/2026 11:10:04, -15812699, -47838586, 12, 0.77, 0.00, NE, 34.6, 28.6, 2.14, -0.92, 10.96, -0.09, -0.02, -0.02
26/07/2026 11:10:35, -15812696, -47838586, 12, 0.78, 0.06, NE, 34.6, 28.6, 2.13, -0.92, 10.96, -0.09, -0.02, -0.02
26/07/2026 11:11:06, -15812697, -47838594, 12, 0.70, 0.00, NE, 34.1, 28.7, 2.13, -0.92, 10.96, -0.09, -0.02, -0.02
26/07/2026 11:11:37, -15812700, -47838590, 12, 0.70, 0.04, NE, 33.7, 28.8, 2.13, -0.91, 10.96, -0.09, -0.02, -0.02
26/07/2026 11:12:07, -15812697, -47838580, 12, 0.75, 0.11, NE, 33.4, 28.8, 2.14, -0.92, 10.97, -0.09, -0.02, -0.02
26/07/2026 11:12:38, -15812694, -47838576, 11, 0.83, 0.04, NE, 33.1, 28.9, 2.12, -0.92, 10.95, -0.08, -0.02, -0.02
26/07/2026 11:13:09, -15812689, -47838566, 12, 0.78, 0.07, NE, 33.0, 28.9, 2.11, -0.91, 10.95, -0.09, -0.02, -0.02
26/07/2026 11:13:39, -15812692, -47838559, 12, 0.70, 0.15, NE, 33.3, 29.0, 2.13, -0.92, 10.96, -0.09, -0.02, -0.02
26/07/2026 11:14:10, -15812692, -47838551, 11, 0.78, 0.06, NE, 33.4, 29.1, 2.14, -0.92, 10.96, -0.09, -0.02, -0.02
26/07/2026 11:14:41, -15812685, -47838566, 11, 0.80, 0.02, NE, 33.1, 29.2, 2.12, -0.92, 10.98, -0.09, -0.02, -0.02
26/07/2026 11:15:11, -15812696, -47838562, 12, 0.80, 0.07, NE, 32.7, 29.2, 2.12, -0.92, 10.97, -0.09, -0.02, -0.02
26/07/2026 11:15:42, -15812710, -47838547, 12, 0.83, 0.09, NE, 33.1, 29.3, 2.13, -0.93, 10.96, -0.09, -0.02, -0.02
26/07/2026 11:16:13, -15812690, -47838551, 11, 0.80, 0.09, NE, 33.1, 29.4, 2.14, -0.92, 10.95, -0.09, -0.02, -0.02
26/07/2026 11:16:44, -15812702, -47838558, 12, 0.83, 0.13, NE, 32.8, 29.4, 2.12, -0.92, 10.98, -0.09, -0.02, -0.02
26/07/2026 11:17:14, -15812687, -47838551, 12, 0.81, 0.09, NE, 32.4, 29.5, 2.11, -0.92, 10.97, -0.09, -0.02, -0.02
26/07/2026 11:17:45, -15812703, -47838543, 12, 0.93, 0.13, NE, 32.2, 29.6, 2.11, -0.93, 10.97, -0.09, -0.02, -0.02
26/07/2026 11:18:16, -15812695, -47838535, 12, 0.79, 0.04, NE, 32.1, 29.6, 2.13, -0.92, 10.95, -0.09, -0.02, -0.02
26/07/2026 11:18:46, -15812678, -47838527, 12, 0.79, 0.41, NE, 32.1, 29.7, 2.14, -0.92, 10.97, -0.09, -0.02, -0.02
26/07/2026 11:19:17, -15812685, -47838529, 12, 0.79, 0.06, NE, 32.0, 29.7, 2.14, -0.93, 10.97, -0.09, -0.02, -0.02
26/07/2026 11:19:48, -15812670, -47838551, 12, 0.79, 0.07, NE, 31.9, 29.8, 2.13, -0.93, 10.97, -0.09, -0.02, -0.02
26/07/2026 11:20:19, -15812695, -47838546, 12, 0.79, 0.06, NE, 31.9, 29.9, 2.12, -0.92, 10.98, -0.09, -0.02, -0.02
26/07/2026 11:20:49, -15812707, -47838543, 12, 0.93, 0.15, NE, 32.0, 29.9, 2.12, -0.92, 10.96, -0.09, -0.02, -0.02
26/07/2026 11:21:20, -15812714, -47838533, 12, 0.79, 0.00, NE, 32.4, 30.0, 2.13, -0.93, 10.96, -0.09, -0.02, -0.02
26/07/2026 11:21:51, -15812700, -47838553, 12, 0.79, 0.00, NE, 32.4, 30.0, 2.14, -0.94, 10.97, -0.09, -0.02, -0.02
26/07/2026 11:22:21, -15812701, -47838550, 11, 0.83, 0.09, NE, 32.3, 30.1, 2.12, -0.92, 10.97, -0.09, -0.02, -0.02
26/07/2026 11:22:52, -15812692, -47838551, 11, 0.79, 0.09, NE, 32.3, 30.2, 2.12, -0.92, 10.97, -0.09, -0.02, -0.02
26/07/2026 11:23:23, -15812700, -47838562, 11, 0.94, 0.06, NE, 32.0, 30.3, 2.12, -0.94, 10.96, -0.09, -0.02, -0.02
26/07/2026 11:23:54, -15812705, -47838562, 11, 0.79, 0.04, NE, 31.9, 30.3, 2.13, -0.93, 10.96, -0.08, -0.02, -0.02
26/07/2026 11:24:24, -15812696, -47838555, 11, 0.80, 0.00, NE, 31.9, 30.4, 2.12, -0.93, 10.96, -0.09, -0.02, -0.02
26/07/2026 11:24:55, -15812703, -47838556, 11, 0.80, 0.04, NE, 31.8, 30.5, 2.12, -0.93, 10.96, -0.09, -0.02, -0.02
26/07/2026 11:25:26, -15812691, -47838566, 11, 0.80, 0.19, NE, 31.7, 30.6, 2.11, -0.93, 10.97, -0.09, -0.02, -0.02
26/07/2026 11:25:56, -15812706, -47838537, 12, 0.80, 0.02, NE, 31.5, 30.6, 2.12, -0.93, 10.96, -0.09, -0.02, -0.02
26/07/2026 11:26:27, -15812715, -47838514, 11, 0.80, 0.07, NE, 31.5, 30.6, 2.13, -0.94, 10.97, -0.09, -0.02, -0.02
26/07/2026 11:26:58, -15812720, -47838525, 12, 0.80, 0.09, NE, 31.8, 30.7, 2.12, -0.93, 10.97, -0.09, -0.02, -0.02
26/07/2026 11:27:28, -15812703, -47838542, 12, 0.80, 0.00, NE, 31.7, 30.8, 2.12, -0.93, 10.98, -0.09, -0.02, -0.02
26/07/2026 11:27:59, -15812696, -47838556, 12, 0.80, 0.11, NE, 31.7, 30.8, 2.12, -0.94, 10.97, -0.09, -0.02, -0.02
26/07/2026 11:28:30, -15812681, -47838573, 12, 0.80, 0.02, NE, 31.7, 30.8, 2.12, -0.92, 10.96, -0.09, -0.02, -0.02
26/07/2026 11:29:01, -15812673, -47838567, 12, 0.80, 0.07, NE, 31.5, 30.9, 2.12, -0.93, 10.98, -0.09, -0.02, -0.02
26/07/2026 11:29:31, -15812683, -47838569, 11, 0.95, 0.07, NE, 32.1, 31.0, 2.12, -0.92, 10.98, -0.09, -0.02, -0.02
26/07/2026 11:30:02, -15812694, -47838564, 11, 0.98, 0.02, NE, 32.1, 31.0, 2.11, -0.94, 10.97, -0.09, -0.02, -0.02
26/07/2026 11:30:33, -15812714, -47838554, 11, 0.87, 0.07, NE, 32.1, 31.1, 2.11, -0.93, 10.97, -0.09, -0.02, -0.02
26/07/2026 11:31:04, -15812687, -47838561, 11, 1.01, 0.11, NE, 32.1, 31.2, 2.12, -0.93, 10.97, -0.09, -0.02, -0.02
26/07/2026 11:31:34, -15812699, -47838576, 10, 1.01, 0.04, NE, 32.1, 31.2, 2.12, -0.93, 10.97, -0.09, -0.02, -0.02
26/07/2026 11:32:05, -15812691, -47838576, 10, 0.95, 0.04, NE, 32.0, 31.2, 2.11, -0.93, 10.96, -0.09, -0.02, -0.02
26/07/2026 11:32:36, -15812697, -47838581, 11, 0.95, 0.00, NE, 31.9, 31.3, 2.12, -0.93, 10.97, -0.09, -0.02, -0.02
26/07/2026 11:33:06, -15812684, -47838582, 11, 0.95, 0.04, NE, 31.6, 31.3, 2.12, -0.94, 10.98, -0.09, -0.02, -0.02
26/07/2026 11:33:37, -15812693, -47838566, 11, 0.95, 0.07, NE, 31.6, 31.4, 2.11, -0.93, 10.98, -0.09, -0.02, -0.02
26/07/2026 11:34:08, -15812689, -47838549, 11, 0.80, 0.04, NE, 31.7, 31.5, 2.12, -0.93, 10.98, -0.09, -0.02, -0.02
26/07/2026 11:34:38, -15812674, -47838555, 11, 0.80, 0.02, NE, 31.3, 31.5, 2.12, -0.94, 10.96, -0.09, -0.02, -0.02
26/07/2026 11:35:09, -15812694, -47838559, 11, 0.80, 0.02, NE, 31.5, 31.6, 2.12, -0.93, 10.98, -0.09, -0.02, -0.02
26/07/2026 11:35:40, -15812693, -47838561, 11, 0.98, 0.06, NE, 31.6, 31.6, 2.11, -0.94, 10.98, -0.09, -0.02, -0.02
26/07/2026 11:36:11, -15812702, -47838561, 11, 0.80, 0.02, NE, 31.5, 31.6, 2.12, -0.94, 10.98, -0.09, -0.02, -0.02
26/07/2026 11:36:41, -15812681, -47838572, 11, 0.95, 0.02, NE, 31.4, 31.7, 2.12, -0.93, 10.99, -0.09, -0.02, -0.02
26/07/2026 11:37:12, -15812692, -47838551, 11, 0.80, 0.04, NE, 31.2, 31.7, 2.12, -0.94, 10.98, -0.09, -0.02, -0.02
26/07/2026 11:37:43, -15812691, -47838581, 11, 0.80, 0.07, NE, 31.3, 31.7, 2.12, -0.93, 10.97, -0.09, -0.02, -0.02
26/07/2026 11:38:14, -15812701, -47838581, 11, 0.80, 0.04, NE, 31.3, 31.8, 2.12, -0.93, 10.98, -0.09, -0.02, -0.02
26/07/2026 11:38:44, -15812695, -47838580, 11, 0.95, 0.09, NE, 31.3, 31.8, 2.12, -0.93, 10.97, -0.09, -0.02, -0.02
26/07/2026 11:39:15, -15812685, -47838590, 10, 0.95, 0.04, NE, 31.0, 31.9, 2.11, -0.93, 10.97, -0.09, -0.02, -0.02
26/07/2026 11:39:46, -15812694, -47838601, 11, 0.95, 0.17, NE, 31.5, 32.0, 2.12, -0.93, 10.98, -0.09, -0.02, -0.02
26/07/2026 11:40:16, -15812684, -47838600, 11, 0.95, 0.09, NE, 31.4, 32.0, 2.11, -0.94, 10.97, -0.09, -0.02, -0.02
26/07/2026 11:40:47, -15812689, -47838600, 11, 0.95, 0.04, NE, 31.3, 32.0, 2.12, -0.93, 10.98, -0.09, -0.02, -0.02
26/07/2026 11:41:18, -15812689, -47838596, 11, 0.80, 0.00, NE, 30.9, 32.0, 2.11, -0.94, 10.97, -0.09, -0.02, -0.02
26/07/2026 11:41:48, -15812679, -47838592, 11, 0.94, 0.07, NE, 30.9, 32.1, 2.12, -0.94, 10.97, -0.09, -0.02, -0.02
26/07/2026 11:42:19, -15812688, -47838589, 11, 0.94, 0.00, NE, 31.2, 32.2, 2.12, -0.94, 10.97, -0.09, -0.02, -0.02
26/07/2026 11:42:50, -15812706, -47838583, 11, 0.94, 0.02, NE, 31.2, 32.2, 2.12, -0.93, 10.98, -0.09, -0.02, -0.02
26/07/2026 11:43:21, -15812707, -47838607, 11, 0.83, 0.02, NE, 30.9, 32.3, 2.11, -0.93, 10.97, -0.09, -0.02, -0.02
26/07/2026 11:43:51, -15812698, -47838583, 11, 0.80, 0.04, NE, 30.8, 32.3, 2.11, -0.93, 10.96, -0.09, -0.02, -0.02
26/07/2026 11:44:22, -15812703, -47838590, 11, 0.80, 0.07, NE, 30.9, 32.4, 2.12, -0.93, 10.97, -0.09, -0.02, -0.02
26/07/2026 11:44:53, -15812709, -47838575, 11, 0.80, 0.02, NE, 30.9, 32.4, 2.11, -0.94, 10.98, -0.09, -0.02, -0.02
26/07/2026 11:45:23, -15812715, -47838565, 11, 0.80, 0.04, NE, 30.8, 32.4, 2.11, -0.94, 10.97, -0.09, -0.02, -0.02
26/07/2026 11:45:54, -15812707, -47838577, 11, 0.80, 0.02, NE, 30.8, 32.4, 2.11, -0.94, 10.97, -0.09, -0.02, -0.02
26/07/2026 11:46:25, -15812697, -47838573, 11, 0.85, 0.04, NE, 30.9, 32.5, 2.11, -0.94, 10.97, -0.09, -0.02, -0.02
26/07/2026 11:46:56, -15812698, -47838580, 11, 0.80, 0.06, NE, 30.6, 32.5, 2.11, -0.92, 10.97, -0.09, -0.02, -0.02
26/07/2026 11:47:26, -15812691, -47838575, 11, 0.81, 0.00, NE, 30.6, 32.5, 2.12, -0.93, 10.98, -0.09, -0.02, -0.02
26/07/2026 11:47:57, -15812704, -47838587, 11, 0.83, 0.00, NE, 30.6, 32.6, 2.12, -0.94, 10.97, -0.09, -0.02, -0.02
26/07/2026 11:48:28, -15812685, -47838595, 10, 0.80, 0.04, NE, 30.8, 32.7, 2.11, -0.94, 10.98, -0.09, -0.02, -0.02
26/07/2026 11:48:58, -15812697, -47838596, 11, 0.88, 0.28, NE, 30.6, 32.7, 2.11, -0.94, 10.98, -0.09, -0.02, -0.02
26/07/2026 11:49:29, -15812708, -47838588, 11, 0.88, 0.00, NE, 30.5, 32.7, 2.11, -0.94, 10.97, -0.09, -0.02, -0.02
26/07/2026 11:50:00, -15812694, -47838586, 11, 0.88, 0.17, NE, 30.4, 32.8, 2.12, -0.93, 10.99, -0.09, -0.02, -0.02
26/07/2026 11:50:31, -15812700, -47838588, 11, 0.80, 0.09, NE, 30.3, 32.8, 2.11, -0.94, 10.98, -0.09, -0.02, -0.02
26/07/2026 11:51:01, -15812725, -47838580, 11, 0.84, 0.04, NE, 30.3, 32.9, 2.11, -0.94, 10.99, -0.09, -0.02, -0.02
26/07/2026 11:51:32, -15812727, -47838573, 11, 0.80, 0.09, NE, 30.4, 32.9, 2.11, -0.94, 10.98, -0.09, -0.02, -0.02
26/07/2026 11:52:03, -15812722, -47838589, 10, 0.92, 0.04, NE, 30.5, 32.9, 2.12, -0.94, 10.99, -0.09, -0.02, -0.02
26/07/2026 11:52:33, -15812720, -47838595, 10, 0.84, 0.04, NE, 30.4, 32.9, 2.11, -0.93, 10.97, -0.09, -0.02, -0.02
26/07/2026 11:53:04, -15812714, -47838593, 11, 0.83, 0.02, NE, 30.8, 33.0, 2.10, -0.94, 10.97, -0.09, -0.02, -0.02
26/07/2026 11:53:35, -15812711, -47838595, 9, 0.84, 0.00, NE, 30.9, 33.1, 2.11, -0.94, 10.98, -0.09, -0.02, -0.02
26/07/2026 11:54:05, -15812717, -47838587, 10, 0.84, 0.02, NE, 30.8, 33.1, 2.12, -0.94, 10.98, -0.09, -0.02, -0.02
26/07/2026 11:54:36, -15812712, -47838590, 11, 0.85, 0.00, NE, 30.6, 33.1, 2.11, -0.94, 10.98, -0.09, -0.02, -0.02
26/07/2026 11:55:07, -15812713, -47838588, 11, 0.80, 0.00, NE, 30.7, 33.1, 2.11, -0.94, 10.96, -0.09, -0.02, -0.02
26/07/2026 11:55:38, -15812711, -47838598, 11, 0.85, 0.00, NE, 30.7, 33.2, 2.11, -0.94, 10.97, -0.09, -0.02, -0.02
26/07/2026 11:56:08, -15812718, -47838606, 10, 0.80, 0.06, NE, 30.5, 33.2, 2.11, -0.93, 10.98, -0.09, -0.02, -0.02
26/07/2026 11:56:39, -15812720, -47838604, 10, 0.80, 0.02, NE, 30.5, 33.2, 2.13, -0.94, 10.97, -0.09, -0.02, -0.02
26/07/2026 11:57:10, -15812727, -47838614, 10, 0.80, 0.04, NE, 30.5, 33.3, 2.10, -0.93, 10.96, -0.09, -0.02, -0.02
26/07/2026 11:57:40, -15812726, -47838609, 11, 0.80, 0.07, NE, 30.3, 33.3, 2.11, -0.94, 10.98, -0.09, -0.02, -0.02
26/07/2026 11:58:11, -15812724, -47838604, 11, 0.84, 0.02, NE, 30.4, 33.3, 2.11, -0.94, 10.98, -0.09, -0.02, -0.02
26/07/2026 11:58:42, -15812708, -47838607, 11, 0.84, 0.00, NE, 30.3, 33.4, 2.11, -0.93, 10.96, -0.09, -0.02, -0.02
26/07/2026 11:59:13, -15812694, -47838603, 11, 0.84, 0.02, NE, 30.3, 33.4, 2.11, -0.94, 10.98, -0.08, -0.02, -0.02
26/07/2026 11:59:43, -15812696, -47838599, 11, 0.84, 0.06, NE, 30.1, 33.5, 2.12, -0.93, 11.00, -0.09, -0.02, -0.02
26/07/2026 12:00:14, -15812701, -47838605, 11, 0.92, 0.00, NE, 30.3, 33.5, 2.11, -0.94, 10.99, -0.09, -0.02, -0.02
26/07/2026 12:00:45, -15812693, -47838601, 11, 0.92, 0.00, NE, 30.1, 33.5, 2.11, -0.94, 10.97, -0.09, -0.02, -0.02
26/07/2026 12:01:15, -15812689, -47838595, 11, 0.84, 0.02, NE, 30.0, 33.5, 2.12, -0.94, 10.98, -0.09, -0.02, -0.02
26/07/2026 12:01:46, -15812702, -47838605, 11, 0.80, 0.09, NE, 30.0, 33.5, 2.11, -0.94, 10.98, -0.09, -0.02, -0.02
26/07/2026 12:02:17, -15812697, -47838611, 11, 0.80, 0.00, NE, 30.0, 33.6, 2.11, -0.94, 10.98, -0.09, -0.02, -0.02
26/07/2026 12:02:48, -15812683, -47838616, 11, 0.80, 0.06, NE, 30.2, 33.6, 2.10, -0.93, 10.98, -0.09, -0.02, -0.02
26/07/2026 12:03:18, -15812686, -47838616, 10, 0.84, 0.04, NE, 30.1, 33.7, 2.10, -0.94, 10.98, -0.09, -0.02, -0.02
26/07/2026 12:03:49, -15812692, -47838600, 10, 0.84, 0.11, NE, 30.0, 33.7, 2.12, -0.94, 10.97, -0.09, -0.02, -0.02
26/07/2026 12:04:20, -15812693, -47838633, 11, 0.84, 0.07, NE, 30.0, 33.7, 2.11, -0.94, 10.97, -0.09, -0.02, -0.02
26/07/2026 12:04:50, -15812686, -47838651, 10, 0.84, 0.11, NE, 30.0, 33.8, 2.10, -0.93, 10.97, -0.09, -0.02, -0.02
26/07/2026 12:05:21, -15812699, -47838607, 11, 0.84, 0.02, NE, 30.1, 33.8, 2.11, -0.94, 10.98, -0.09, -0.02, -0.02
26/07/2026 12:05:52, -15812709, -47838586, 11, 0.93, 0.15, NE, 30.0, 33.8, 2.12, -0.94, 10.98, -0.09, -0.02, -0.02
26/07/2026 12:06:23, -15812691, -47838602, 11, 0.84, 0.07, NE, 30.0, 33.9, 2.11, -0.94, 10.98, -0.09, -0.02, -0.02
26/07/2026 12:06:53, -15812684, -47838611, 11, 0.87, 0.02, NE, 30.0, 33.9, 2.11, -0.94, 10.97, -0.09, -0.02, -0.02
26/07/2026 12:07:24, -15812699, -47838609, 10, 0.84, 0.07, NE, 29.9, 33.9, 2.12, -0.94, 10.97, -0.09, -0.02, -0.02
26/07/2026 12:07:55, -15812717, -47838588, 10, 0.94, 0.26, NE, 29.9, 33.9, 2.11, -0.94, 10.97, -0.09, -0.02, -0.02
26/07/2026 12:08:25, -15812725, -47838592, 9, 1.01, 0.06, NE, 30.3, 34.0, 2.11, -0.94, 10.96, -0.09, -0.02, -0.02
26/07/2026 12:08:56, -15812718, -47838583, 10, 0.94, 0.00, NE, 30.1, 34.0, 2.11, -0.94, 10.98, -0.09, -0.02, -0.02
26/07/2026 12:09:27, -15812701, -47838591, 10, 0.91, 0.09, NE, 30.0, 34.0, 2.11, -0.94, 10.97, -0.09, -0.02, -0.02
26/07/2026 12:09:58, -15812716, -47838590, 10, 0.93, 0.04, NE, 30.1, 34.1, 2.11, -0.94, 10.97, -0.09, -0.02, -0.02
26/07/2026 12:10:28, -15812716, -47838596, 10, 0.94, 0.04, NE, 30.0, 34.1, 2.11, -0.94, 10.97, -0.09, -0.02, -0.02
26/07/2026 12:10:59, -15812728, -47838606, 10, 0.84, 0.06, NE, 30.1, 34.1, 2.11, -0.95, 10.99, -0.09, -0.02, -0.02
26/07/2026 12:11:30, -15812738, -47838616, 11, 0.85, 0.06, NE, 30.0, 34.2, 2.11, -0.94, 10.98, -0.09, -0.02, -0.02
26/07/2026 12:12:00, -15812734, -47838614, 11, 0.82, 0.20, NE, 30.0, 34.2, 2.11, -0.94, 10.99, -0.09, -0.02, -0.02
26/07/2026 12:12:31, -15812732, -47838597, 11, 0.82, 0.11, NE, 30.1, 34.2, 2.11, -0.93, 10.96, -0.09, -0.02, -0.02
26/07/2026 12:13:02, -15812748, -47838614, 10, 0.83, 0.02, NE, 30.1, 34.2, 2.11, -0.95, 10.98, -0.09, -0.02, -0.02
26/07/2026 12:13:32, -15812745, -47838618, 11, 0.83, 0.15, NE, 30.1, 34.3, 2.12, -0.95, 10.97, -0.09, -0.02, -0.02
26/07/2026 12:14:03, -15812725, -47838597, 10, 0.84, 0.07, NE, 30.1, 34.3, 2.11, -0.94, 10.99, -0.09, -0.02, -0.02
26/07/2026 12:14:34, -15812711, -47838582, 10, 0.85, 0.07, NE, 30.0, 34.3, 2.11, -0.95, 10.98, -0.09, -0.02, -0.02
26/07/2026 12:15:05, -15812713, -47838584, 10, 0.79, 0.04, NE, 30.0, 34.4, 2.10, -0.94, 10.97, -0.09, -0.02, -0.02
26/07/2026 12:15:35, -15812714, -47838587, 10, 0.79, 0.07, NE, 30.0, 34.4, 2.11, -0.95, 10.98, -0.09, -0.02, -0.02
26/07/2026 12:16:06, -15812690, -47838584, 11, 0.85, 0.15, NE, 30.0, 34.4, 2.11, -0.94, 10.97, -0.09, -0.02, -0.02
26/07/2026 12:16:37, -15812678, -47838569, 11, 0.85, 0.17, NE, 30.0, 34.4, 2.10, -0.94, 10.98, -0.09, -0.02, -0.02
26/07/2026 12:17:07, -15812674, -47838572, 11, 0.79, 0.06, NE, 30.0, 34.5, 2.11, -0.93, 10.99, -0.09, -0.02, -0.02
26/07/2026 12:17:38, -15812681, -47838576, 11, 0.87, 0.07, NE, 29.9, 34.5, 2.11, -0.94, 10.98, -0.09, -0.02, -0.02
26/07/2026 12:18:09, -15812692, -47838575, 9, 0.85, 0.04, NE, 29.9, 34.6, 2.10, -0.96, 10.98, -0.09, -0.02, -0.02
26/07/2026 12:18:40, -15812691, -47838577, 9, 0.91, 0.04, NE, 29.8, 34.6, 2.10, -0.95, 10.99, -0.09, -0.02, -0.02
26/07/2026 12:19:10, -15812702, -47838586, 9, 0.85, 0.00, NE, 29.9, 34.6, 2.12, -0.94, 10.98, -0.09, -0.02, -0.02
26/07/2026 12:19:41, -15812701, -47838588, 10, 0.85, 0.00, NE, 29.9, 34.6, 2.11, -0.94, 10.98, -0.09, -0.02, -0.02
26/07/2026 12:20:12, -15812707, -47838591, 10, 0.85, 0.00, NE, 29.8, 34.6, 2.10, -0.95, 10.99, -0.09, -0.02, -0.02
26/07/2026 12:20:42, -15812695, -47838586, 9, 0.85, 0.04, NE, 29.8, 34.6, 2.11, -0.94, 10.98, -0.09, -0.02, -0.02
26/07/2026 12:21:13, -15812701, -47838590, 10, 0.85, 0.06, NE, 29.9, 34.7, 2.11, -0.94, 11.00, -0.09, -0.02, -0.02
26/07/2026 12:21:44, -15812702, -47838586, 10, 0.86, 0.00, NE, 29.9, 34.7, 2.10, -0.95, 10.99, -0.09, -0.02, -0.02
26/07/2026 12:22:15, -15812697, -47838593, 10, 0.86, 0.00, NE, 29.8, 34.8, 2.10, -0.95, 10.98, -0.09, -0.02, -0.02
26/07/2026 12:22:45, -15812696, -47838586, 10, 0.86, 0.13, NE, 29.8, 34.7, 2.11, -1.00, 10.97, -0.08, -0.02, -0.02
26/07/2026 12:23:16, -15812695, -47838582, 10, 0.86, 0.06, NE, 29.1, 34.8, 2.13, -0.91, 11.01, -0.08, -0.02, -0.02
26/07/2026 12:23:47, -15812689, -47838593, 10, 0.98, 0.02, NE, 28.7, 34.8, 2.10, -0.93, 10.96, -0.06, -0.03, -0.02
26/07/2026 12:24:17, -15812688, -47838579, 9, 0.98, 0.04, NE, 28.0, 34.9, 2.13, -0.88, 11.01, -0.08, -0.02, -0.02
26/07/2026 12:24:46, -15812714, -47838598, 10, 0.80, 2.50, SW, 27.9, 34.8, 2.65, -0.86, 10.84, -0.08, -0.02, 0.06
26/07/2026 12:25:03, -15812834, -47838554, 10, 0.86, 2.59, SE, 27.6, 34.9, 2.38, -0.74, 10.74, -0.10, -0.02, -0.02
26/07/2026 12:25:13, -15812759, -47838279, 10, 1.03, 21.50, NE, 26.7, 34.9, 2.55, -0.09, 11.30, 0.04, -0.07, -0.00
26/07/2026 12:25:24, -15812225, -47837695, 10, 0.80, 29.59, NE, 26.4, 34.9, 1.73, -0.51, 11.09, -0.08, -0.02, -0.02
26/07/2026 12:25:35, -15811847, -47837252, 10, 0.80, 18.83, NE, 26.1, 35.1, 2.79, -0.63, 10.64, -0.09, -0.03, -0.02
26/07/2026 12:25:45, -15811489, -47836833, 10, 0.80, 19.80, NE, 25.6, 35.4, 1.80, -0.18, 11.25, -0.10, -0.01, 0.01
26/07/2026 12:25:56, -15811341, -47836703, 10, 0.87, 12.98, NNE, 25.4, 35.7, 4.08, 0.35, 10.83, -0.04, -0.07, 0.22
26/07/2026 12:26:06, -15810590, -47836908, 10, 0.87, 39.58, NNW, 25.6, 35.5, 2.47, -0.05, 11.23, -0.11, -0.00, -0.01
26/07/2026 12:26:17, -15809444, -47837345, 10, 0.87, 46.97, NNW, 25.8, 35.3, 2.51, -0.47, 11.15, -0.10, -0.02, -0.02
26/07/2026 12:26:28, -15808220, -47837818, 10, 0.80, 43.93, NNW, 25.9, 35.2, 1.95, -0.36, 11.19, -0.08, -0.02, -0.02
26/07/2026 12:26:38, -15807215, -47838012, 10, 0.80, 37.24, N, 25.6, 35.1, 2.19, -1.14, 11.51, -0.18, 0.01, -0.11
26/07/2026 12:26:49, -15806424, -47838141, 10, 0.80, 31.95, WNW, 25.4, 35.0, 3.40, 2.07, 10.31, 0.12, -0.05, 0.20
26/07/2026 12:26:59, -15806472, -47839132, 10, 0.80, 43.08, W, 25.1, 34.9, 2.68, -1.26, 10.93, -0.08, -0.01, -0.07
26/07/2026 12:27:10, -15806100, -47840469, 10, 0.80, 52.32, WNW, 25.2, 34.8, 2.37, -0.85, 10.74, -0.07, -0.01, -0.02
26/07/2026 12:27:21, -15805641, -47841908, 10, 0.86, 53.23, WNW, 25.2, 34.8, 2.03, -0.89, 11.29, -0.12, -0.01, -0.02
26/07/2026 12:27:31, -15805221, -47843240, 10, 0.80, 54.67, WNW, 25.1, 34.8, 2.40, -0.83, 10.82, -0.06, -0.03, -0.03
26/07/2026 12:27:42, -15804748, -47844742, 10, 0.80, 55.67, WNW, 25.1, 34.6, 2.23, -0.63, 11.04, -0.08, -0.01, -0.02
26/07/2026 12:27:52, -15804315, -47846112, 10, 0.80, 55.95, WNW, 25.2, 34.5, 2.35, -0.51, 10.86, -0.04, -0.04, -0.02
26/07/2026 12:28:03, -15803849, -47847641, 10, 0.80, 55.89, WNW, 25.2, 34.5, 2.12, -0.54, 11.00, -0.10, -0.01, -0.02
26/07/2026 12:28:14, -15803381, -47849118, 10, 0.80, 50.28, WNW, 25.3, 34.5, 1.88, -0.43, 11.26, -0.14, 0.01, -0.02
26/07/2026 12:28:24, -15803028, -47850046, 10, 0.80, 25.00, NW, 25.5, 34.4, 1.51, -2.85, 11.43, -0.18, 0.01, -0.32
26/07/2026 12:28:35, -15802308, -47849489, 10, 0.80, 41.02, NE, 25.5, 34.3, 1.40, 0.30, 11.59, -0.04, -0.04, 0.05
26/07/2026 12:28:45, -15801625, -47849827, 9, 0.89, 42.76, WNW, 25.6, 34.2, 2.57, -1.26, 10.25, -0.07, -0.03, -0.06
26/07/2026 12:28:56, -15801036, -47850733, 10, 0.80, 24.32, NW, 25.8, 34.2, 2.52, -1.40, 10.28, -0.14, 0.02, -0.13
26/07/2026 12:29:07, -15799982, -47851195, 10, 0.80, 51.60, NNW, 25.8, 34.2, 2.45, -1.08, 11.23, -0.09, -0.01, -0.03
26/07/2026 12:29:17, -15798713, -47851686, 10, 0.80, 54.41, NNW, 25.9, 34.0, 2.08, -0.96, 10.48, -0.02, -0.06, -0.02
26/07/2026 12:29:28, -15797374, -47852392, 10, 0.80, 52.52, NW, 26.0, 34.0, 1.85, -1.55, 11.30, -0.19, 0.05, 0.02
26/07/2026 12:29:38, -15796554, -47853201, 10, 0.80, 36.32, NW, 26.2, 34.0, 1.56, -1.06, 10.58, -0.09, -0.00, -0.02
26/07/2026 12:29:49, -15795909, -47853843, 10, 0.80, 29.72, NW, 26.0, 33.9, 1.21, -0.75, 11.19, -0.08, -0.01, -0.02
26/07/2026 12:29:59, -15795649, -47854102, 10, 0.80, 2.02, NW, 26.0, 33.8, 1.61, -0.86, 11.07, -0.08, -0.02, -0.02
26/07/2026 12:30:10, -15795473, -47854278, 10, 0.80, 26.63, NW, 26.1, 33.8, 3.02, -1.18, 10.69, -0.10, -0.01, -0.02
26/07/2026 12:30:21, -15794638, -47855104, 10, 0.80, 52.17, NW, 26.1, 33.9, 2.46, -1.19, 10.72, -0.11, -0.02, -0.02
26/07/2026 12:30:31, -15793638, -47856098, 11, 0.80, 55.06, NW, 26.1, 33.8, 1.81, -0.81, 10.98, -0.06, -0.03, -0.02
26/07/2026 12:30:42, -15792503, -47857222, 11, 0.80, 55.65, NW, 26.2, 33.7, 1.40, -0.98, 11.32, -0.11, -0.01, -0.02
26/07/2026 12:30:52, -15791621, -47857894, 11, 0.80, 41.19, N, 26.2, 33.7, 1.93, -3.56, 10.83, -0.14, 0.01, -0.25
26/07/2026 12:31:03, -15790647, -47857045, 11, 0.80, 50.30, NE, 26.2, 33.6, 2.22, -0.21, 10.34, -0.07, -0.04, -0.02
26/07/2026 12:31:14, -15789920, -47856077, 11, 0.80, 33.39, ENE, 26.4, 33.7, 2.39, -0.96, 10.66, -0.01, -0.08, -0.12
26/07/2026 12:31:24, -15789903, -47855290, 11, 0.80, 27.82, E, 26.5, 33.6, 0.78, -0.38, 11.21, -0.08, -0.02, -0.02
26/07/2026 12:31:35, -15789903, -47854958, 11, 0.80, 3.94, E, 26.5, 33.7, 2.44, -0.42, 10.96, -0.08, -0.02, -0.01
26/07/2026 12:31:45, -15789896, -47854926, 11, 0.80, 6.06, E, 26.5, 33.6, 2.57, -0.50, 10.84, -0.09, -0.01, 0.00
26/07/2026 12:31:56, -15789899, -47854655, 11, 0.80, 8.57, ESE, 26.6, 33.6, 1.47, -1.52, 10.99, -0.14, 0.02, -0.38
26/07/2026 12:32:07, -15789979, -47854624, 11, 0.80, 4.07, ENE, 26.5, 33.6, 2.79, -0.78, 10.85, -0.11, -0.01, -0.04
26/07/2026 12:32:18, -15789905, -47854618, 11, 0.80, 3.22, NNW, 26.6, 33.6, 2.53, -0.82, 10.93, -0.06, -0.03, 0.13
26/07/2026 12:32:29, -15789881, -47854464, 11, 0.80, 15.76, E, 26.5, 33.6, 2.80, -0.81, 10.90, -0.10, -0.01, -0.01
26/07/2026 12:32:39, -15789902, -47854102, 11, 0.80, 11.82, E, 26.6, 33.6, 3.16, -0.57, 10.70, -0.09, -0.02, 0.02
26/07/2026 12:32:50, -15789908, -47853673, 11, 0.80, 11.45, E, 26.6, 33.6, 2.51, -0.42, 10.89, -0.07, -0.01, 0.00
26/07/2026 12:33:03, -15789923, -47853476, 11, 0.80, 2.09, SSW, 26.6, 33.6, 2.08, -0.54, 11.08, -0.07, -0.02, 0.09
26/07/2026 12:33:16, -15789934, -47853491, 11, 0.87, 2.15, ESE, 26.6, 33.6, 2.22, -0.52, 10.91, -0.09, -0.01, -0.00
26/07/2026 12:33:47, -15789942, -47853482, 11, 0.98, 0.07, WSW, 26.6, 33.6, 2.28, -0.46, 11.05, -0.09, -0.02, -0.02
26/07/2026 12:34:17, -15789939, -47853481, 11, 0.98, 0.06, WSW, 26.8, 33.7, 2.27, -0.47, 11.03, -0.10, -0.02, -0.02
26/07/2026 12:34:48, -15789918, -47853478, 11, 0.79, 0.06, WSW, 27.1, 33.7, 2.26, -0.46, 10.98, -0.09, -0.02, -0.02
26/07/2026 12:35:19, -15789936, -47853496, 11, 0.83, 0.11, WSW, 27.2, 33.8, 2.26, -0.47, 10.97, -0.09, -0.02, -0.02
26/07/2026 12:35:50, -15789948, -47853488, 10, 0.96, 0.09, WSW, 27.3, 33.8, 2.25, -0.46, 10.98, -0.09, -0.02, -0.02
26/07/2026 12:36:20, -15789946, -47853493, 10, 0.99, 0.02, WSW, 27.4, 33.9, 2.25, -0.46, 10.98, -0.08, -0.02, -0.02
26/07/2026 12:36:51, -15789948, -47853499, 11, 0.96, 0.00, WSW, 27.7, 34.0, 2.24, -0.47, 10.98, -0.09, -0.02, -0.02
26/07/2026 12:37:22, -15789956, -47853507, 10, 0.96, 0.06, WSW, 27.7, 34.2, 2.25, -0.46, 10.98, -0.09, -0.02, -0.02
26/07/2026 12:37:53, -15789955, -47853510, 10, 0.96, 0.06, WSW, 27.7, 34.3, 2.25, -0.47, 10.96, -0.09, -0.02, -0.02
26/07/2026 12:38:23, -15789944, -47853502, 11, 0.79, 0.00, WSW, 27.7, 34.5, 2.24, -0.47, 10.99, -0.08, -0.02, -0.02
26/07/2026 12:38:54, -15789949, -47853498, 11, 0.79, 0.04, WSW, 27.6, 34.6, 2.24, -0.47, 10.98, -0.09, -0.02, -0.02
26/07/2026 12:39:25, -15789972, -47853506, 11, 0.79, 0.26, WSW, 27.6, 34.7, 2.24, -0.47, 10.99, -0.09, -0.02, -0.02
26/07/2026 12:39:55, -15789985, -47853503, 11, 0.79, 0.06, WSW, 27.5, 34.9, 2.24, -0.47, 10.98, -0.09, -0.02, -0.02
26/07/2026 12:40:26, -15789973, -47853493, 11, 0.84, 0.13, WSW, 27.8, 35.1, 2.23, -0.47, 10.99, -0.09, -0.02, -0.02
26/07/2026 12:40:57, -15789955, -47853479, 10, 0.85, 0.11, WSW, 27.7, 35.2, 2.24, -0.47, 10.98, -0.09, -0.02, -0.02
26/07/2026 12:41:27, -15789955, -47853490, 10, 1.01, 0.04, WSW, 27.5, 35.5, 2.23, -0.47, 10.99, -0.09, -0.02, -0.02
26/07/2026 12:41:58, -15789964, -47853509, 10, 0.96, 0.02, WSW, 27.5, 35.7, 2.24, -0.47, 10.98, -0.09, -0.02, -0.02
26/07/2026 12:42:29, -15789973, -47853524, 11, 0.85, 0.06, WSW, 27.4, 35.8, 2.23, -0.48, 11.00, -0.09, -0.02, -0.02
26/07/2026 12:43:00, -15789969, -47853519, 11, 1.00, 0.06, WSW, 27.7, 36.0, 2.23, -0.47, 10.99, -0.09, -0.02, -0.02
26/07/2026 12:43:30, -15789964, -47853505, 10, 1.00, 0.07, WSW, 27.5, 36.2, 2.23, -0.48, 10.99, -0.09, -0.02, -0.02
26/07/2026 12:44:01, -15789958, -47853487, 10, 0.85, 0.07, WSW, 27.5, 36.3, 2.24, -0.47, 10.99, -0.09, -0.02, -0.02
26/07/2026 12:44:32, -15789953, -47853475, 10, 1.00, 0.13, WSW, 27.4, 36.5, 2.23, -0.47, 10.98, -0.09, -0.02, -0.02
26/07/2026 12:45:02, -15789959, -47853487, 11, 0.79, 0.04, WSW, 27.3, 36.7, 2.23, -0.47, 11.00, -0.09, -0.02, -0.02
26/07/2026 12:45:33, -15789963, -47853510, 10, 1.00, 0.04, WSW, 27.2, 36.8, 2.22, -0.48, 11.00, -0.09, -0.02, -0.02
26/07/2026 12:46:04, -15789961, -47853522, 11, 1.00, 0.00, WSW, 27.5, 37.0, 2.23, -0.48, 10.99, -0.09, -0.02, -0.02
26/07/2026 12:46:35, -15789969, -47853523, 10, 1.03, 0.04, WSW, 27.3, 37.2, 2.23, -0.48, 11.01, -0.09, -0.02, -0.02
26/07/2026 12:47:05, -15789969, -47853520, 10, 0.99, 0.07, WSW, 27.2, 37.3, 2.22, -0.49, 10.99, -0.09, -0.02, -0.02
26/07/2026 12:47:36, -15789969, -47853517, 11, 1.02, 0.07, WSW, 27.0, 37.5, 2.23, -0.48, 11.02, -0.09, -0.02, -0.02
26/07/2026 12:48:07, -15789941, -47853507, 10, 1.12, 0.11, WSW, 26.9, 37.7, 2.22, -0.48, 11.00, -0.09, -0.02, -0.02
26/07/2026 12:48:37, -15789942, -47853520, 10, 1.12, 0.04, WSW, 26.8, 37.8, 2.22, -0.48, 11.01, -0.09, -0.02, -0.02
26/07/2026 12:49:08, -15789954, -47853527, 10, 0.99, 0.13, WSW, 27.0, 38.0, 2.22, -0.47, 11.01, -0.09, -0.02, -0.02
26/07/2026 12:49:39, -15789966, -47853529, 11, 0.96, 0.04, WSW, 26.9, 38.1, 2.23, -0.47, 11.00, -0.09, -0.02, -0.02
26/07/2026 12:50:10, -15789977, -47853526, 11, 0.80, 0.04, WSW, 26.8, 38.3, 2.23, -0.47, 11.00, -0.09, -0.02, -0.02
26/07/2026 12:50:40, -15789986, -47853529, 10, 0.99, 0.02, WSW, 26.6, 38.5, 2.22, -0.47, 11.01, -0.09, -0.02, -0.02
26/07/2026 12:51:11, -15789983, -47853528, 11, 0.99, 0.07, WSW, 26.5, 38.7, 2.23, -0.47, 11.01, -0.09, -0.02, -0.02
26/07/2026 12:51:42, -15789990, -47853534, 11, 0.80, 0.02, WSW, 26.4, 38.8, 2.23, -0.47, 11.02, -0.09, -0.02, -0.02
26/07/2026 12:52:12, -15789989, -47853534, 11, 0.80, 0.13, WSW, 26.3, 38.9, 2.23, -0.48, 11.02, -0.09, -0.02, -0.02
26/07/2026 12:52:43, -15789988, -47853523, 11, 0.80, 0.06, WSW, 26.6, 39.1, 2.23, -0.48, 11.01, -0.09, -0.02, -0.02
26/07/2026 12:53:14, -15789990, -47853511, 11, 0.82, 0.06, WSW, 26.5, 39.2, 2.23, -0.48, 11.01, -0.09, -0.02, -0.02
26/07/2026 12:53:45, -15790001, -47853524, 11, 0.82, 0.15, WSW, 26.3, 39.4, 2.22, -0.47, 11.01, -0.09, -0.02, -0.03
26/07/2026 12:54:15, -15789996, -47853517, 11, 0.85, 0.02, WSW, 26.2, 39.5, 2.23, -0.48, 11.01, -0.09, -0.02, -0.02
26/07/2026 12:54:46, -15789981, -47853512, 11, 0.80, 0.09, WSW, 26.1, 39.7, 2.22, -0.48, 11.02, -0.09, -0.02, -0.03
26/07/2026 12:55:17, -15789990, -47853508, 11, 0.97, 0.44, WSW, 26.0, 39.8, 2.21, -0.48, 11.02, -0.09, -0.02, -0.03
26/07/2026 12:55:47, -15789996, -47853519, 11, 0.83, 0.15, WSW, 26.2, 40.0, 2.22, -0.48, 11.01, -0.09, -0.02, -0.03
26/07/2026 12:56:18, -15789998, -47853533, 11, 0.85, 0.04, WSW, 26.1, 40.1, 2.22, -0.47, 11.02, -0.09, -0.02, -0.03
26/07/2026 12:56:49, -15790000, -47853538, 11, 0.80, 0.09, WSW, 26.0, 40.3, 2.21, -0.47, 11.01, -0.09, -0.02, -0.03
26/07/2026 12:57:19, -15789985, -47853532, 11, 0.85, 0.07, WSW, 26.0, 40.5, 2.22, -0.47, 11.01, -0.09, -0.02, -0.03
26/07/2026 12:57:50, -15789978, -47853524, 11, 0.80, 0.06, WSW, 25.8, 40.6, 2.22, -0.49, 11.02, -0.09, -0.02, -0.03
26/07/2026 12:58:21, -15789958, -47853519, 11, 0.80, 0.04, WSW, 25.7, 40.8, 2.21, -0.48, 11.03, -0.09, -0.02, -0.03
26/07/2026 12:58:52, -15789949, -47853528, 11, 0.80, 0.11, WSW, 25.6, 40.8, 2.21, -0.47, 11.03, -0.09, -0.02, -0.03
26/07/2026 12:59:22, -15789963, -47853532, 11, 0.95, 0.02, WSW, 25.9, 41.0, 2.21, -0.48, 11.01, -0.09, -0.02, -0.03
26/07/2026 12:59:53, -15789973, -47853518, 11, 0.80, 0.02, WSW, 25.8, 41.1, 2.21, -0.48, 11.02, -0.09, -0.02, -0.03
26/07/2026 13:00:24, -15789973, -47853518, 11, 0.81, 0.07, WSW, 25.7, 41.3, 2.22, -0.49, 11.02, -0.09, -0.02, -0.03
26/07/2026 13:00:54, -15789983, -47853519, 11, 0.81, 0.20, WSW, 25.6, 41.4, 2.21, -0.48, 11.01, -0.09, -0.02, -0.03
26/07/2026 13:01:25, -15789979, -47853526, 11, 0.81, 0.02, WSW, 25.5, 41.5, 2.22, -0.48, 11.03, -0.09, -0.02, -0.03
26/07/2026 13:01:56, -15789969, -47853529, 11, 0.81, 0.15, WSW, 25.4, 41.6, 2.21, -0.48, 11.01, -0.09, -0.02, -0.03
26/07/2026 13:02:27, -15789966, -47853518, 11, 0.81, 0.07, WSW, 25.3, 41.8, 2.21, -0.48, 11.03, -0.09, -0.02, -0.03
26/07/2026 13:02:57, -15789951, -47853527, 11, 0.81, 0.48, WSW, 25.2, 41.9, 2.22, -0.48, 11.02, -0.09, -0.02, -0.03
26/07/2026 13:03:28, -15789961, -47853532, 11, 0.81, 0.04, WSW, 25.4, 42.0, 2.22, -0.49, 11.04, -0.09, -0.02, -0.03
26/07/2026 13:03:59, -15789977, -47853521, 11, 0.86, 0.07, WSW, 25.3, 42.1, 2.21, -0.48, 11.03, -0.09, -0.02, -0.03
26/07/2026 13:04:29, -15789978, -47853518, 11, 0.89, 0.06, WSW, 25.2, 42.2, 2.20, -0.48, 11.01, -0.09, -0.02, -0.03
26/07/2026 13:05:00, -15789981, -47853511, 11, 0.89, 0.09, WSW, 25.2, 42.4, 2.21, -0.48, 11.02, -0.09, -0.02, -0.03
26/07/2026 13:05:31, -15789979, -47853518, 11, 0.89, 0.02, WSW, 25.1, 42.5, 2.21, -0.48, 11.02, -0.09, -0.02, -0.03
26/07/2026 13:06:02, -15789959, -47853518, 12, 0.68, 0.15, WSW, 25.0, 42.6, 2.21, -0.48, 11.01, -0.09, -0.02, -0.03
26/07/2026 13:06:32, -15789947, -47853514, 12, 0.68, 0.15, WSW, 24.8, 42.7, 2.20, -0.49, 11.05, -0.09, -0.02, -0.03
26/07/2026 13:07:03, -15789942, -47853519, 11, 0.83, 0.28, WSW, 24.9, 42.9, 2.21, -0.48, 11.03, -0.09, -0.02, -0.03
26/07/2026 13:07:34, -15789954, -47853547, 11, 0.83, 0.02, WSW, 25.1, 43.0, 2.20, -0.48, 11.02, -0.09, -0.02, -0.03
26/07/2026 13:08:04, -15789974, -47853557, 12, 0.88, 0.06, WSW, 25.1, 43.1, 2.20, -0.48, 11.03, -0.09, -0.02, -0.03
26/07/2026 13:08:35, -15789963, -47853552, 12, 0.73, 0.09, WSW, 24.9, 43.3, 2.20, -0.49, 11.04, -0.09, -0.02, -0.03
26/07/2026 13:09:06, -15789960, -47853564, 12, 0.73, 0.46, WSW, 24.9, 43.3, 2.21, -0.48, 11.03, -0.09, -0.02, -0.03
26/07/2026 13:09:37, -15789968, -47853569, 12, 0.79, 0.30, WSW, 24.8, 43.4, 2.21, -0.49, 11.02, -0.09, -0.02, -0.03
26/07/2026 13:10:04, -15789951, -47853543, 10, 3.22, 3.65, WSW, 24.8, 43.6, 2.21, -0.49, 11.03, -0.09, -0.02, -0.03
26/07/2026 13:10:35, -15789955, -47853520, 12, 0.73, 0.17, WSW, 24.7, 43.6, 1.83, -0.30, 11.14, -0.08, -0.01, -0.03
26/07/2026 13:11:05, -15789964, -47853525, 11, 0.85, 0.43, WSW, 22.1, 43.6, 2.21, -0.47, 11.01, -0.09, -0.02, -0.03
26/07/2026 13:11:16, -15789949, -47853462, 11, 0.73, 12.85, ENE, 21.2, 43.6, 3.44, -1.34, 10.64, -0.10, -0.02, -0.07
26/07/2026 13:11:27, -15789870, -47853036, 11, 0.73, 3.44, NE, 19.2, 43.6, 1.35, -0.92, 11.13, -0.06, -0.03, 0.09
26/07/2026 13:11:37, -15789757, -47853344, 11, 0.73, 32.47, W, 18.5, 43.7, 2.87, -0.85, 10.48, -0.03, -0.06, -0.04
26/07/2026 13:11:48, -15789721, -47854498, 11, 0.74, 42.47, W, 17.9, 43.4, 2.12, -0.70, 10.96, -0.06, -0.04, -0.03
26/07/2026 13:11:58, -15789705, -47855568, 11, 0.73, 42.15, W, 17.7, 43.2, 2.46, -0.21, 10.33, 0.04, -0.07, -0.01
26/07/2026 13:12:09, -15790195, -47856745, 11, 0.79, 51.87, SW, 17.7, 43.0, 2.35, -1.63, 11.05, -0.15, 0.02, -0.05
26/07/2026 13:12:20, -15791195, -47857774, 11, 0.73, 40.10, SW, 17.6, 42.6, 0.65, -0.67, 11.59, -0.02, -0.04, -0.04
26/07/2026 13:12:30, -15791001, -47858411, 11, 0.73, 43.30, NNW, 17.6, 42.3, 2.57, -1.01, 11.12, -0.09, -0.01, -0.10
26/07/2026 13:12:41, -15789606, -47858349, 11, 0.73, 53.82, NNE, 17.7, 42.1, 1.57, -0.02, 11.14, -0.09, -0.01, 0.02
26/07/2026 13:12:51, -15788807, -47858249, 11, 0.73, 19.15, WNW, 18.0, 42.1, 3.01, 0.96, 11.00, 0.01, -0.06, 0.34
26/07/2026 13:13:02, -15789571, -47858723, 11, 0.73, 46.34, SSW, 18.1, 41.6, 2.61, -0.94, 10.69, -0.14, 0.00, -0.02
26/07/2026 13:13:13, -15790980, -47859019, 11, 0.73, 55.63, S, 18.1, 41.0, 2.99, -0.22, 10.89, -0.14, -0.01, 0.04
26/07/2026 13:13:23, -15792322, -47858461, 11, 0.73, 60.04, SE, 18.0, 40.9, 2.43, -0.27, 11.25, -0.06, -0.01, 0.01
26/07/2026 13:13:34, -15793580, -47857238, 11, 0.73, 65.02, SE, 18.2, 40.7, 2.00, -1.07, 11.17, -0.08, -0.01, -0.04
26/07/2026 13:13:44, -15794760, -47856065, 11, 0.73, 65.97, SE, 18.5, 40.2, 2.63, -1.27, 10.59, -0.09, -0.03, -0.02
26/07/2026 13:13:55, -15796107, -47854732, 11, 0.73, 66.26, SE, 19.0, 39.4, 1.91, -0.78, 10.81, -0.09, -0.01, -0.03
26/07/2026 13:14:06, -15797407, -47853444, 11, 0.73, 64.13, SE, 19.2, 39.2, 1.58, -1.25, 10.92, -0.05, -0.03, -0.02
26/07/2026 13:14:16, -15798595, -47852310, 11, 0.73, 64.43, SE, 19.4, 38.9, 2.01, -1.87, 10.24, -0.07, -0.01, -0.10
26/07/2026 13:14:27, -15800153, -47851571, 11, 0.73, 62.30, SSE, 20.0, 38.6, 2.05, -0.34, 11.42, -0.11, -0.02, -0.03
26/07/2026 13:14:37, -15801640, -47850962, 11, 0.76, 63.63, SSE, 20.5, 38.4, 1.91, -1.25, 10.54, -0.10, -0.03, -0.09
26/07/2026 13:14:48, -15803162, -47851397, 11, 0.73, 62.06, SW, 20.5, 38.0, 2.09, -1.62, 11.09, -0.09, -0.01, -0.08
26/07/2026 13:14:59, -15804059, -47852818, 11, 0.73, 61.45, WSW, 20.3, 37.8, 2.29, -1.13, 11.24, -0.13, 0.02, -0.03
26/07/2026 13:15:09, -15804935, -47854173, 11, 0.73, 61.73, WSW, 20.6, 37.7, 1.94, -0.72, 11.14, -0.08, -0.02, -0.02
26/07/2026 13:15:20, -15806057, -47855458, 11, 0.73, 60.65, SW, 20.8, 37.3, 2.08, -1.89, 11.20, -0.03, -0.02, -0.08
26/07/2026 13:15:30, -15806939, -47856755, 11, 0.75, 61.36, WSW, 21.0, 37.2, 1.68, -0.74, 10.88, -0.02, -0.05, -0.02
26/07/2026 13:15:41, -15807792, -47858144, 11, 0.73, 55.73, WSW, 21.3, 37.0, 2.41, -0.84, 11.55, -0.08, -0.05, -0.02
26/07/2026 13:15:52, -15808688, -47859556, 10, 0.75, 60.93, WSW, 21.3, 36.8, 2.23, -0.90, 11.27, -0.15, 0.01, -0.02
26/07/2026 13:16:02, -15809407, -47860927, 11, 0.73, 57.23, WSW, 21.8, 36.6, 2.03, -1.42, 10.46, -0.06, -0.03, -0.05
26/07/2026 13:16:13, -15810067, -47862413, 11, 0.73, 58.99, WSW, 22.0, 36.4, 2.26, -1.02, 10.64, -0.11, -0.00, -0.02
26/07/2026 13:16:23, -15810908, -47863752, 11, 0.73, 62.58, WSW, 22.2, 36.1, 2.12, -1.00, 10.81, -0.08, -0.03, -0.03
26/07/2026 13:16:34, -15811851, -47865261, 11, 0.73, 61.62, WSW, 22.2, 35.7, 1.52, -1.01, 10.92, -0.10, -0.01, -0.03
26/07/2026 13:16:44, -15812575, -47866446, 11, 0.73, 45.80, WSW, 22.4, 35.7, 0.91, -0.28, 10.85, -0.06, -0.04, -0.03
26/07/2026 13:16:55, -15812999, -47867251, 11, 0.76, 17.82, WSW, 22.6, 35.5, 1.13, -0.85, 11.18, -0.10, -0.01, -0.02
26/07/2026 13:17:18, -15813085, -47867408, 10, 0.75, 7.65, WSW, 23.2, 35.7, 3.19, -1.37, 10.63, -0.10, -0.02, -0.02
26/07/2026 13:17:29, -15813495, -47868225, 10, 0.75, 47.30, WSW, 23.2, 35.6, 1.94, -0.59, 11.17, -0.09, -0.01, -0.02
26/07/2026 13:17:40, -15814123, -47869522, 11, 0.73, 50.80, WSW, 23.6, 35.4, 1.59, -0.48, 12.16, -0.05, -0.03, -0.02
26/07/2026 13:17:50, -15814756, -47870790, 11, 0.73, 60.08, WSW, 23.7, 35.3, 2.45, -0.54, 11.61, -0.09, -0.05, -0.02
26/07/2026 13:18:01, -15815591, -47872550, 11, 0.73, 63.41, WSW, 23.9, 35.1, 1.61, -1.04, 11.05, 0.02, -0.05, -0.01
26/07/2026 13:18:11, -15816227, -47873863, 11, 0.73, 52.50, WSW, 24.1, 35.0, 1.53, -0.90, 11.29, -0.03, -0.03, -0.00
26/07/2026 13:18:22, -15816920, -47875254, 11, 0.73, 56.62, WSW, 23.9, 34.9, 1.64, -0.73, 10.94, -0.11, -0.00, -0.02
26/07/2026 13:18:33, -15817641, -47876704, 11, 0.73, 57.60, WSW, 23.9, 34.8, 1.89, -1.44, 11.65, -0.07, -0.02, -0.03
26/07/2026 13:18:43, -15818303, -47878051, 11, 0.73, 56.26, WSW, 23.9, 34.7, 2.54, -0.31, 10.99, -0.04, -0.04, 0.00
26/07/2026 13:18:54, -15819060, -47879508, 11, 0.73, 59.32, WSW, 23.9, 34.6, 1.95, -1.15, 10.80, -0.08, -0.01, -0.02
26/07/2026 13:19:04, -15819779, -47881002, 11, 0.73, 65.62, WSW, 24.1, 34.5, 2.13, -1.10, 11.71, -0.04, -0.02, -0.01
26/07/2026 13:19:15, -15820627, -47882702, 11, 0.73, 66.21, WSW, 24.4, 34.4, 2.23, -1.41, 10.39, -0.10, -0.02, -0.02
26/07/2026 13:19:26, -15821631, -47884289, 11, 0.73, 63.12, SW, 24.6, 34.3, 2.45, -0.02, 11.46, -0.01, -0.06, 0.02
26/07/2026 13:19:36, -15822860, -47885457, 11, 0.73, 68.62, SW, 24.8, 34.1, 1.82, -1.23, 11.07, -0.11, -0.02, -0.02
26/07/2026 13:19:47, -15824387, -47886739, 11, 0.73, 75.08, SW, 25.0, 34.1, 1.96, -0.99, 11.17, -0.08, -0.02, -0.03
26/07/2026 13:19:57, -15825765, -47887993, 11, 0.73, 70.60, SW, 25.3, 34.0, 2.44, -1.25, 11.26, -0.00, -0.03, -0.01
26/07/2026 13:20:08, -15827186, -47889418, 11, 0.73, 72.36, SW, 25.3, 33.9, 2.06, -2.25, 11.07, -0.07, -0.01, -0.03
26/07/2026 13:20:19, -15828631, -47890861, 11, 0.73, 71.52, SW, 25.4, 33.8, 1.99, -0.86, 11.21, -0.07, -0.03, -0.02
26/07/2026 13:20:29, -15829967, -47892070, 11, 0.73, 69.93, SW, 25.3, 33.8, 1.72, -0.71, 11.00, -0.07, -0.03, -0.00
26/07/2026 13:20:40, -15831520, -47893160, 11, 0.73, 68.17, SW, 25.4, 33.6, 1.82, -1.07, 11.21, -0.08, -0.01, -0.03
26/07/2026 13:20:50, -15832892, -47894221, 11, 0.73, 68.67, SW, 25.8, 33.6, 1.52, -0.69, 10.73, -0.04, -0.01, -0.05
26/07/2026 13:21:01, -15833933, -47895832, 11, 0.73, 67.21, WSW, 25.9, 33.4, 2.04, -0.97, 10.91, -0.08, -0.03, -0.02
26/07/2026 13:21:12, -15834696, -47897602, 11, 0.73, 69.38, WSW, 26.0, 33.3, 2.37, -1.01, 11.80, -0.11, 0.02, -0.03
26/07/2026 13:21:22, -15835425, -47899280, 11, 0.73, 71.01, WSW, 26.0, 33.2, 2.09, -0.70, 10.85, -0.05, -0.05, -0.01
26/07/2026 13:21:33, -15836201, -47901067, 11, 0.73, 69.39, WSW, 26.1, 33.1, 1.59, -1.39, 10.52, -0.12, -0.01, -0.02
26/07/2026 13:21:43, -15836912, -47902726, 11, 0.73, 70.21, WSW, 26.1, 33.1, 2.22, -1.50, 10.51, -0.02, -0.05, -0.01
26/07/2026 13:21:54, -15837692, -47904547, 11, 0.73, 68.17, WSW, 26.3, 33.0, 2.11, -1.03, 10.49, -0.09, 0.00, -0.02
26/07/2026 13:22:04, -15838380, -47906158, 11, 0.73, 66.56, WSW, 26.5, 33.0, 2.03, -1.23, 10.91, -0.08, -0.01, -0.02
26/07/2026 13:22:15, -15839170, -47907999, 11, 0.73, 74.14, WSW, 26.8, 33.0, 1.94, -1.04, 10.57, -0.06, -0.02, -0.01
26/07/2026 13:22:26, -15840029, -47909941, 11, 0.73, 73.51, WSW, 26.6, 32.8, 2.07, -1.02, 11.38, -0.12, -0.01, -0.02
26/07/2026 13:22:36, -15840745, -47911632, 11, 0.73, 70.26, WSW, 26.6, 32.8, 2.58, -1.30, 11.41, -0.14, -0.00, -0.02
26/07/2026 13:22:47, -15841500, -47913407, 11, 0.73, 64.23, WSW, 26.6, 32.7, 1.96, -0.80, 10.61, -0.09, 0.00, -0.01
26/07/2026 13:22:57, -15842179, -47914982, 11, 0.73, 66.54, WSW, 26.6, 32.7, 1.21, -1.00, 10.69, -0.15, -0.01, -0.04
26/07/2026 13:23:08, -15842898, -47916653, 11, 0.77, 60.62, WSW, 26.5, 32.6, 2.13, -0.84, 11.42, -0.09, -0.01, -0.01
26/07/2026 13:23:19, -15843604, -47918297, 11, 0.73, 62.60, WSW, 26.6, 32.6, 2.04, -0.23, 9.49, -0.09, 0.03, -0.03
26/07/2026 13:23:29, -15844247, -47919789, 11, 0.73, 62.91, WSW, 26.7, 32.5, 2.15, -0.85, 10.39, -0.10, -0.01, -0.01
26/07/2026 13:23:40, -15844907, -47921451, 11, 0.73, 63.04, WSW, 26.9, 32.5, 2.42, -0.49, 10.84, -0.11, -0.03, -0.02
26/07/2026 13:23:50, -15845365, -47923156, 11, 0.73, 71.30, WSW, 27.0, 32.5, 1.63, -1.48, 10.50, -0.09, -0.01, -0.05
26/07/2026 13:24:01, -15845465, -47925209, 11, 0.73, 70.84, W, 27.1, 32.4, 1.79, -1.49, 11.14, -0.08, -0.04, -0.03
26/07/2026 13:24:12, -15845338, -47927219, 11, 0.73, 72.17, W, 27.0, 32.5, 2.34, -1.21, 11.24, -0.08, -0.02, -0.02
26/07/2026 13:24:22, -15845215, -47929104, 11, 0.73, 73.41, W, 27.0, 32.4, 2.63, -0.77, 10.33, -0.07, -0.02, -0.02
26/07/2026 13:24:33, -15845087, -47931210, 11, 0.73, 72.62, W, 27.0, 32.3, 0.87, -0.92, 11.27, -0.09, -0.01, -0.02
26/07/2026 13:24:43, -15844970, -47933021, 11, 0.73, 68.64, W, 26.9, 32.3, 1.64, -0.67, 11.39, -0.02, -0.07, -0.01
26/07/2026 13:24:54, -15844855, -47934821, 11, 0.73, 58.12, W, 27.0, 32.3, 1.71, -0.89, 11.53, -0.05, -0.04, -0.02
26/07/2026 13:25:05, -15844749, -47936588, 11, 0.73, 68.28, W, 27.4, 32.2, 2.20, -1.05, 11.05, -0.11, -0.01, -0.02
26/07/2026 13:25:15, -15844637, -47938395, 11, 0.73, 68.10, W, 27.5, 32.2, 2.06, -0.92, 11.18, -0.08, -0.01, -0.02
26/07/2026 13:25:26, -15844487, -47940230, 11, 0.73, 64.69, W, 27.5, 32.2, 1.98, -1.58, 10.92, -0.06, -0.02, -0.04
26/07/2026 13:25:36, -15844073, -47941945, 11, 0.73, 66.47, WNW, 27.4, 32.1, 1.24, -0.49, 11.63, -0.08, -0.00, -0.02
26/07/2026 13:25:47, -15843532, -47943712, 11, 0.73, 64.86, WNW, 27.6, 32.1, 2.35, -0.73, 11.05, -0.07, -0.01, -0.02
26/07/2026 13:25:58, -15842934, -47945613, 11, 0.73, 68.86, WNW, 27.7, 32.1, 1.86, -0.81, 11.04, -0.06, -0.02, -0.02
26/07/2026 13:26:08, -15842417, -47947257, 11, 0.73, 65.26, WNW, 27.8, 32.1, 2.06, -0.71, 10.78, -0.10, -0.00, -0.02
26/07/2026 13:26:19, -15841860, -47949047, 11, 0.73, 66.36, WNW, 27.9, 32.1, 2.10, -1.07, 10.72, -0.09, -0.02, -0.02
26/07/2026 13:26:29, -15841348, -47950721, 11, 0.73, 70.99, WNW, 27.9, 32.0, 2.27, -0.97, 11.16, -0.10, -0.01, -0.03
26/07/2026 13:26:40, -15840770, -47952576, 11, 0.73, 66.12, WNW, 27.9, 32.0, 2.36, -0.96, 9.96, -0.10, 0.02, -0.02
26/07/2026 13:26:50, -15840239, -47954276, 11, 0.73, 69.30, WNW, 27.6, 31.9, 2.03, -0.88, 10.82, -0.12, 0.00, -0.02
26/07/2026 13:27:01, -15839658, -47956133, 11, 0.73, 67.06, WNW, 27.7, 31.8, 1.82, -0.67, 11.02, -0.07, -0.02, -0.02
26/07/2026 13:27:12, -15839091, -47957937, 10, 0.75, 68.82, WNW, 27.7, 31.8, 1.84, -0.46, 10.97, -0.09, -0.02, -0.01
26/07/2026 13:27:22, -15838564, -47959654, 11, 0.73, 67.01, WNW, 27.7, 31.8, 2.85, -1.03, 10.92, -0.05, -0.04, -0.00
26/07/2026 13:27:33, -15837900, -47961857, 11, 0.73, 84.65, WNW, 28.0, 31.8, 2.50, -1.08, 10.24, -0.11, 0.02, -0.02
26/07/2026 13:27:43, -15837269, -47963920, 11, 0.73, 74.36, WNW, 28.5, 31.7, 1.78, -0.82, 10.53, -0.05, -0.04, -0.02
26/07/2026 13:27:54, -15836733, -47965510, 11, 0.73, 57.65, WNW, 28.5, 31.7, 2.92, -0.49, 10.69, -0.08, -0.05, -0.00
26/07/2026 13:28:05, -15836223, -47967083, 11, 0.73, 56.02, WNW, 28.5, 31.7, 2.24, -0.63, 11.11, -0.08, -0.03, -0.01
26/07/2026 13:28:15, -15835943, -47968244, 11, 0.73, 24.32, W, 28.2, 31.7, 0.63, 0.53, 11.43, -0.04, -0.03, 0.16
26/07/2026 13:28:26, -15836023, -47968380, 11, 0.77, 4.04, SSW, 28.0, 31.6, 2.48, -0.99, 10.95, -0.08, -0.03, 0.06
26/07/2026 13:28:36, -15836390, -47967848, 11, 0.73, 44.82, ESE, 28.0, 31.7, 2.27, -1.48, 10.28, -0.11, -0.01, -0.06
26/07/2026 13:28:47, -15837464, -47966929, 11, 0.73, 53.17, SSE, 28.1, 31.7, 1.69, -1.34, 11.11, -0.07, -0.04, -0.06
26/07/2026 13:28:58, -15838910, -47966632, 10, 0.86, 55.34, S, 28.2, 31.7, 1.65, -0.55, 11.61, -0.06, -0.02, -0.02
26/07/2026 13:29:08, -15840211, -47966474, 10, 0.86, 52.69, S, 28.1, 31.7, 2.08, -0.58, 11.12, -0.08, -0.01, -0.02
26/07/2026 13:29:19, -15841656, -47966309, 10, 0.86, 49.28, S, 28.1, 31.6, 1.84, -1.10, 11.06, -0.10, -0.01, -0.02
26/07/2026 13:29:29, -15842843, -47966155, 11, 0.73, 45.32, S, 27.9, 31.7, 1.37, -0.65, 10.96, -0.07, -0.03, -0.02
26/07/2026 13:29:40, -15843732, -47966141, 11, 0.73, 37.35, S, 27.9, 31.6, 2.63, -1.43, 10.90, -0.09, -0.01, -0.06
26/07/2026 13:29:51, -15844877, -47966673, 11, 0.73, 50.56, SW, 28.1, 31.6, 1.81, -1.47, 11.38, -0.14, -0.00, -0.07
26/07/2026 13:30:01, -15845582, -47967688, 11, 0.73, 42.24, WSW, 28.3, 31.6, 0.58, -0.90, 11.20, -0.09, -0.01, -0.06
26/07/2026 13:30:12, -15845758, -47968517, 11, 0.73, 39.67, W, 28.2, 31.6, 2.67, -0.79, 10.89, -0.04, -0.04, -0.02
26/07/2026 13:30:22, -15845886, -47969641, 11, 0.73, 44.21, W, 28.1, 31.6, 2.04, -0.97, 10.97, -0.07, -0.02, -0.02
26/07/2026 13:30:33, -15846037, -47970925, 11, 0.73, 44.49, W, 28.0, 31.6, 1.91, -0.94, 11.11, -0.05, -0.03, -0.02
26/07/2026 13:30:44, -15846191, -47972163, 11, 0.73, 45.71, W, 27.7, 31.6, 2.11, -0.29, 10.90, -0.09, -0.02, -0.02
26/07/2026 13:30:54, -15846331, -47973327, 11, 0.73, 42.24, W, 27.6, 31.5, 1.53, -0.62, 11.46, -0.07, -0.02, -0.02
26/07/2026 13:31:05, -15846448, -47974315, 11, 0.73, 23.71, W, 27.5, 31.5, 1.12, -0.32, 11.26, -0.07, -0.03, -0.02
26/07/2026 13:31:15, -15846489, -47974607, 11, 0.73, 2.00, W, 27.4, 31.5, 1.55, -0.48, 11.09, -0.08, -0.02, -0.02
26/07/2026 13:31:26, -15846492, -47974620, 11, 0.73, 2.46, W, 27.4, 31.6, 3.91, -1.07, 10.53, -0.09, -0.02, -0.02
26/07/2026 13:31:36, -15846568, -47975353, 11, 0.73, 42.61, W, 27.4, 31.6, 2.26, -1.02, 10.74, -0.08, -0.03, -0.04
26/07/2026 13:31:47, -15846552, -47976702, 11, 0.73, 52.74, W, 27.4, 31.5, 2.28, -1.16, 11.17, -0.07, -0.02, -0.04
26/07/2026 13:31:58, -15846225, -47978302, 11, 0.73, 58.73, WNW, 27.2, 31.5, 1.85, -1.01, 10.85, -0.10, -0.02, -0.04
26/07/2026 13:32:08, -15845728, -47979556, 11, 0.73, 44.63, WNW, 27.2, 31.5, 1.85, -0.94, 11.07, -0.07, -0.01, -0.05
26/07/2026 13:32:19, -15845352, -47980390, 11, 0.73, 12.19, WSW, 27.4, 31.5, 2.00, 1.64, 11.08, -0.02, -0.08, 0.63
26/07/2026 13:32:29, -15845829, -47979778, 10, 0.82, 45.86, ESE, 27.4, 31.5, 1.87, -1.14, 11.32, -0.11, -0.01, -0.01
26/07/2026 13:32:40, -15846352, -47978674, 11, 0.76, 38.69, ESE, 27.4, 31.5, 1.62, -1.36, 11.20, -0.07, -0.01, -0.02
26/07/2026 13:32:51, -15846776, -47978077, 11, 0.82, 21.15, S, 27.3, 31.5, 1.20, -1.58, 10.91, -0.11, 0.00, -0.17
26/07/2026 13:33:01, -15847130, -47978166, 11, 0.80, 4.65, SSW, 27.4, 31.5, 1.04, -1.05, 10.99, -0.08, -0.01, -0.02
26/07/2026 13:33:32, -15847144, -47978181, 11, 0.73, 0.30, SW, 27.6, 31.5, 1.59, -1.20, 10.94, -0.09, -0.01, -0.02
26/07/2026 13:34:03, -15847160, -47978140, 11, 0.80, 0.15, SW, 27.8, 31.6, 1.57, -1.23, 11.00, -0.09, -0.02, -0.02
26/07/2026 13:34:33, -15847189, -47978151, 10, 0.80, 0.17, SW, 28.1, 31.7, 1.59, -1.22, 11.08, -0.08, -0.02, -0.02
26/07/2026 13:35:04, -15847160, -47978123, 11, 0.80, 0.35, SW, 28.0, 31.8, 1.57, -1.24, 11.04, -0.09, -0.02, -0.02
26/07/2026 13:35:35, -15847137, -47978123, 11, 0.94, 0.06, SW, 27.8, 31.9, 1.59, -1.23, 11.02, -0.08, -0.02, -0.02
26/07/2026 13:36:05, -15847142, -47978169, 10, 0.80, 0.13, SW, 27.7, 31.9, 1.59, -1.23, 11.02, -0.08, -0.02, -0.02
26/07/2026 13:36:36, -15847137, -47978159, 10, 0.80, 0.07, SW, 28.0, 32.1, 1.58, -1.23, 11.02, -0.08, -0.02, -0.02
26/07/2026 13:37:07, -15847139, -47978176, 10, 0.80, 0.28, SW, 28.0, 32.2, 1.57, -1.23, 11.03, -0.08, -0.02, -0.02
26/07/2026 13:37:38, -15847117, -47978136, 9, 0.88, 0.00, SW, 27.9, 32.4, 1.58, -1.23, 11.02, -0.08, -0.02, -0.02
26/07/2026 13:38:08, -15847075, -47978058, 10, 0.80, 0.17, SW, 27.9, 32.5, 1.58, -1.24, 11.01, -0.08, -0.02, -0.02
26/07/2026 13:38:39, -15847081, -47978069, 10, 0.83, 0.02, SW, 27.8, 32.7, 1.58, -1.24, 11.01, -0.08, -0.02, -0.02
26/07/2026 13:39:10, -15847077, -47978057, 10, 0.82, 0.07, ENE, 27.7, 32.8, 1.57, -1.24, 11.02, -0.08, -0.02, -0.02
26/07/2026 13:39:40, -15847086, -47978085, 10, 0.80, 0.13, ENE, 27.6, 32.9, 1.58, -1.23, 11.03, -0.08, -0.02, -0.02
26/07/2026 13:40:11, -15847100, -47978122, 10, 0.93, 0.02, ENE, 27.8, 33.1, 1.58, -1.23, 11.02, -0.08, -0.02, -0.02
26/07/2026 13:40:42, -15847101, -47978116, 10, 0.88, 0.09, ENE, 27.7, 33.3, 1.56, -1.24, 11.03, -0.08, -0.02, -0.02
26/07/2026 13:41:12, -15847094, -47978090, 10, 0.80, 0.04, ENE, 27.6, 33.4, 1.56, -1.24, 11.04, -0.09, -0.02, -0.02
26/07/2026 13:41:43, -15847102, -47978091, 10, 0.80, 0.07, SSW, 27.4, 33.7, 1.56, -1.24, 11.03, -0.08, -0.02, -0.02
26/07/2026 13:42:14, -15847110, -47978105, 10, 0.80, 0.13, SSW, 27.4, 33.7, 1.55, -1.25, 11.04, -0.08, -0.02, -0.02
26/07/2026 13:42:45, -15847113, -47978112, 10, 0.80, 0.20, SSW, 27.2, 33.9, 1.56, -1.24, 11.03, -0.08, -0.02, -0.02
26/07/2026 13:43:15, -15847124, -47978135, 10, 0.90, 0.43, SSW, 27.4, 34.1, 1.56, -1.25, 11.05, -0.08, -0.02, -0.02
26/07/2026 13:43:46, -15847116, -47978135, 10, 0.82, 0.11, SSW, 27.3, 34.3, 1.56, -1.24, 11.03, -0.08, -0.02, -0.02
26/07/2026 13:44:17, -15847090, -47978123, 10, 0.82, 0.07, SSW, 27.1, 34.4, 1.56, -1.25, 11.05, -0.09, -0.02, -0.02
26/07/2026 13:44:47, -15847074, -47978120, 10, 0.82, 0.11, SSW, 27.1, 34.6, 1.56, -1.25, 11.04, -0.08, -0.02, -0.02
26/07/2026 13:45:18, -15847073, -47978095, 10, 0.82, 0.35, SSW, 26.9, 34.7, 1.56, -1.25, 11.05, -0.09, -0.02, -0.02
26/07/2026 13:45:49, -15847074, -47978097, 9, 0.85, 0.07, ESE, 26.8, 34.9, 1.56, -1.26, 11.02, -0.09, -0.02, -0.02
26/07/2026 13:46:20, -15847092, -47978107, 9, 0.94, 0.13, ESE, 27.0, 35.1, 1.56, -1.25, 11.04, -0.09, -0.02, -0.02
26/07/2026 13:46:50, -15847130, -47978124, 8, 0.94, 0.11, ESE, 26.9, 35.2, 1.56, -1.26, 11.03, -0.08, -0.02, -0.02
26/07/2026 13:47:21, -15847143, -47978131, 8, 0.97, 0.30, ESE, 26.8, 35.4, 1.55, -1.26, 11.05, -0.09, -0.02, -0.02
26/07/2026 13:47:52, -15847152, -47978133, 8, 0.94, 0.13, ESE, 26.8, 35.6, 1.56, -1.26, 11.03, -0.09, -0.02, -0.02
26/07/2026 13:48:22, -15847153, -47978125, 7, 0.97, 0.15, ESE, 26.7, 35.7, 1.55, -1.25, 11.04, -0.09, -0.02, -0.02
26/07/2026 13:48:53, -15847176, -47978122, 8, 0.94, 0.06, ESE, 26.6, 35.9, 1.54, -1.26, 11.05, -0.09, -0.02, -0.02
26/07/2026 13:49:24, -15847181, -47978085, 9, 0.95, 0.04, ESE, 26.8, 36.0, 1.55, -1.26, 11.04, -0.09, -0.02, -0.02
26/07/2026 13:49:55, -15847164, -47978119, 9, 0.93, 0.09, ESE, 26.6, 36.2, 1.56, -1.25, 11.03, -0.08, -0.02, -0.02
26/07/2026 13:50:25, -15847131, -47978129, 9, 1.08, 0.15, ESE, 26.5, 36.3, 1.55, -1.25, 11.04, -0.09, -0.02, -0.02
26/07/2026 13:50:56, -15847125, -47978134, 9, 0.90, 0.02, ESE, 26.5, 36.5, 1.54, -1.26, 11.06, -0.09, -0.02, -0.02
26/07/2026 13:51:27, -15847138, -47978145, 9, 0.95, 0.00, ESE, 26.4, 36.6, 1.56, -1.26, 11.04, -0.09, -0.02, -0.02
26/07/2026 13:51:57, -15847147, -47978138, 9, 0.82, 0.15, ESE, 26.3, 36.8, 1.54, -1.26, 11.05, -0.09, -0.02, -0.02
26/07/2026 13:52:28, -15847146, -47978136, 9, 1.09, 0.07, ESE, 26.2, 36.9, 1.55, -1.26, 11.06, -0.09, -0.02, -0.02
26/07/2026 13:52:59, -15847136, -47978150, 9, 1.09, 0.00, ESE, 26.5, 37.0, 1.56, -1.24, 11.04, -0.08, -0.02, -0.02
26/07/2026 13:53:30, -15847129, -47978144, 9, 1.09, 0.02, ESE, 26.4, 37.2, 1.54, -1.26, 11.06, -0.09, -0.02, -0.02
26/07/2026 13:54:00, -15847132, -47978146, 9, 0.82, 0.19, ESE, 26.1, 37.3, 1.54, -1.28, 11.05, -0.08, -0.02, -0.02
26/07/2026 13:54:31, -15847127, -47978131, 9, 1.28, 0.41, ESE, 22.6, 37.2, 1.56, -1.29, 11.06, -0.09, -0.02, -0.02
26/07/2026 13:54:57, -15847136, -47978134, 9, 1.09, 2.30, ESE, 22.5, 37.3, 2.03, -1.53, 10.86, -0.11, -0.00, -0.11
26/07/2026 13:55:08, -15847342, -47978221, 9, 0.90, 11.63, SSW, 22.2, 37.3, 2.14, -0.54, 10.57, -0.06, -0.02, 0.01
26/07/2026 13:55:19, -15847575, -47978298, 9, 0.82, 4.78, E, 21.7, 37.2, 2.57, 0.33, 10.68, -0.02, -0.03, 0.45
26/07/2026 13:55:29, -15847263, -47978147, 9, 0.82, 18.67, N, 21.8, 37.2, 2.53, -1.50, 10.16, -0.12, -0.01, -0.01
26/07/2026 13:55:40, -15846694, -47977868, 9, 0.92, 16.76, NE, 21.6, 37.2, 1.77, -2.13, 10.91, -0.13, 0.02, -0.34
26/07/2026 13:55:50, -15846739, -47977153, 9, 0.92, 39.47, E, 21.5, 37.1, 2.33, -1.42, 11.28, -0.04, -0.03, -0.05
26/07/2026 13:56:01, -15846795, -47975934, 9, 0.92, 39.37, E, 21.1, 36.8, 1.86, -0.03, 11.15, -0.08, -0.01, 0.05
26/07/2026 13:56:12, -15846668, -47975369, 9, 0.82, 4.04, NNE, 21.3, 36.7, 2.06, -0.83, 10.99, -0.07, -0.03, 0.08
26/07/2026 13:56:22, -15846587, -47975777, 9, 0.82, 34.21, W, 21.5, 36.8, 2.64, -0.71, 10.75, -0.06, -0.03, -0.05
26/07/2026 13:56:33, -15846506, -47977072, 9, 0.82, 51.58, W, 21.5, 36.6, 1.84, -0.83, 10.97, -0.09, -0.02, -0.05
26/07/2026 13:56:43, -15846186, -47978393, 9, 0.82, 53.49, WNW, 21.6, 36.3, 1.84, -1.09, 11.29, -0.13, -0.01, -0.04
26/07/2026 13:56:54, -15845590, -47979757, 9, 0.82, 51.15, WNW, 21.9, 36.0, 1.97, -0.87, 10.72, -0.09, -0.01, -0.05
26/07/2026 13:57:05, -15844762, -47980941, 9, 0.82, 50.91, NW, 21.9, 35.9, 2.02, -1.20, 11.05, -0.10, -0.02, -0.04
26/07/2026 13:57:15, -15843845, -47981857, 9, 0.82, 49.37, NW, 21.9, 35.7, 1.85, -0.93, 11.05, -0.08, -0.02, -0.04
26/07/2026 13:57:26, -15842866, -47982523, 9, 0.82, 35.45, NNW, 22.0, 35.5, 2.78, -0.78, 10.86, -0.07, -0.01, -0.02
26/07/2026 13:57:36, -15841785, -47983070, 8, 0.93, 55.36, NNW, 22.2, 35.4, 2.40, -0.86, 11.15, -0.07, -0.02, -0.03
26/07/2026 13:57:47, -15840341, -47983791, 8, 1.29, 57.41, NNW, 22.5, 35.1, 1.71, -0.80, 11.34, -0.16, -0.00, -0.03
26/07/2026 13:57:58, -15839064, -47984388, 8, 1.67, 46.71, NNW, 22.7, 34.9, 1.79, -0.80, 10.93, -0.08, -0.01, -0.02
26/07/2026 13:58:08, -15838361, -47984876, 8, 1.11, 28.19, NNW, 22.9, 34.8, 3.01, -0.92, 10.92, -0.08, -0.01, -0.02
26/07/2026 13:58:19, -15837258, -47985463, 9, 0.82, 54.12, NNW, 23.0, 34.7, 2.31, -0.57, 10.93, -0.06, -0.01, -0.03
# BOOT bootCount=1 reset_reason=1
19/09/2026 10:21:37, -15826329, -47987041, 4, 3.34, 1.19, N, 41.6, 27.8, 5.90, 1.18, 9.21, -0.17, 0.05, -0.03
19/09/2026 10:21:48, -15826564, -47987182, 4, 3.34, 2.00, N, 41.5, 27.8, 9.61, -0.15, 4.18, 1.11, -0.07, 0.58
19/09/2026 10:22:18, -15826598, -47987214, 5, 3.07, 0.35, SW, 41.3, 27.9, 9.76, -0.99, 3.79, -0.09, -0.01, -0.02
19/09/2026 10:22:49, -15826608, -47987253, 6, 2.57, 0.15, SW, 41.6, 28.0, 9.73, -0.64, 3.92, -0.01, -0.00, -0.00
19/09/2026 10:23:20, -15826629, -47987255, 6, 2.59, 0.06, SW, 41.4, 28.0, 9.77, -0.72, 3.83, -0.07, -0.02, -0.01
19/09/2026 10:23:50, -15826621, -47987262, 6, 2.62, 0.09, SW, 41.2, 28.1, 9.53, -0.07, 4.52, -0.07, -0.04, -0.01
19/09/2026 10:24:03, -15826603, -47987234, 6, 2.63, 2.61, SW, 41.1, 28.1, 8.53, 1.76, 6.01, -0.49, -0.05, -0.10
19/09/2026 10:24:14, -15826657, -47987234, 6, 2.64, 6.74, S, 41.0, 28.2, 10.10, -0.09, 4.45, 0.61, -0.05, 0.35
19/09/2026 10:24:24, -15826586, -47987012, 6, 2.64, 8.52, ENE, 40.9, 28.3, 9.15, -0.18, 5.25, 0.04, 0.13, 0.04
19/09/2026 10:24:42, -15826593, -47986954, 7, 1.45, 3.69, NE, 40.8, 28.3, 8.97, -1.13, 5.03, -0.16, -0.05, -0.10
19/09/2026 10:24:53, -15826206, -47987003, 7, 1.44, 22.63, NNW, 40.8, 28.3, 10.19, -0.38, 4.93, -0.06, 0.05, -0.05
19/09/2026 10:25:03, -15825593, -47987218, 7, 1.44, 26.97, NNW, 40.6, 28.3, 9.62, -1.36, 4.52, -0.13, 0.07, -0.03
19/09/2026 10:25:14, -15824790, -47987541, 7, 1.44, 29.21, NNW, 40.5, 28.4, 9.44, -0.01, 4.95, -0.07, 0.02, -0.02
19/09/2026 10:25:24, -15824256, -47987738, 7, 1.44, 24.74, NNW, 40.5, 28.4, 9.43, -0.75, 4.67, -0.07, 0.00, -0.04
19/09/2026 10:25:35, -15823914, -47987379, 7, 1.44, 31.80, E, 40.4, 28.5, 8.74, 0.63, 6.21, -0.04, 0.09, -0.01
19/09/2026 10:25:46, -15823197, -47987338, 7, 1.44, 35.65, N, 40.3, 28.5, 9.96, -0.66, 4.56, -0.06, 0.00, 0.14
19/09/2026 10:25:56, -15822484, -47987609, 7, 1.44, 24.98, NNW, 40.3, 28.6, 10.88, -0.04, 4.66, -0.08, -0.15, 0.04
19/09/2026 10:26:07, -15821667, -47987923, 7, 1.43, 30.63, NNW, 40.2, 28.6, 9.64, -1.11, 5.09, -0.09, -0.05, -0.03
19/09/2026 10:26:14, -15821205, -47987994, 7, 1.43, 20.19, ENE, 40.2, 28.6, 10.08, -1.70, 3.30, 0.01, -0.13, 0.09
19/09/2026 10:26:25, -15820909, -47987464, 7, 1.43, 19.85, N, 40.1, 28.6, 8.53, -0.15, 4.23, 0.12, -0.15, 0.06
19/09/2026 10:26:36, -15820062, -47987738, 7, 1.43, 20.91, NNW, 40.1, 28.7, 9.17, -0.24, 5.21, -0.14, -0.14, 0.04
19/09/2026 10:26:46, -15819910, -47987495, 7, 1.43, 6.24, E, 40.0, 28.7, 9.08, 0.70, 5.96, -0.05, -0.01, -0.01
19/09/2026 10:26:57, -15819950, -47987309, 7, 1.43, 25.91, ESE, 40.0, 28.7, 10.47, -1.09, 4.19, -0.27, 0.06, -0.08
19/09/2026 10:27:07, -15819931, -47986471, 7, 1.43, 34.87, NNE, 39.9, 28.8, 10.52, -0.32, 4.85, 0.11, -0.17, 0.05
19/09/2026 10:27:18, -15818761, -47985994, 7, 1.42, 53.76, NE, 39.9, 28.8, 9.04, 0.60, 5.68, -0.20, -0.06, -0.10
19/09/2026 10:27:28, -15818679, -47984481, 7, 2.29, 63.04, E, 39.9, 28.8, 10.18, -0.14, 5.98, -0.07, -0.05, 0.00
19/09/2026 10:27:39, -15818943, -47983105, 7, 1.42, 36.67, E, 39.7, 28.9, 9.68, -0.67, 6.21, 0.16, -0.01, 0.09
19/09/2026 10:27:50, -15818276, -47982619, 7, 1.42, 47.23, NE, 39.6, 28.9, 8.88, -3.07, 3.85, -0.27, 0.12, 0.06
19/09/2026 10:28:00, -15817242, -47981342, 7, 2.26, 65.62, NE, 39.5, 28.9, 9.56, -1.08, 5.51, -0.11, 0.04, -0.07
19/09/2026 10:28:11, -15816253, -47980057, 7, 1.42, 50.93, NE, 39.9, 29.0, 9.10, -0.73, 4.11, -0.08, 0.03, -0.00
19/09/2026 10:28:21, -15815603, -47979366, 7, 1.42, 28.30, NNE, 39.8, 29.0, 9.80, -0.92, 3.87, 0.01, -0.06, 0.14
19/09/2026 10:28:32, -15814318, -47979226, 7, 1.42, 60.62, N, 39.7, 29.0, 9.43, 0.76, 6.40, -0.12, 0.01, -0.01
19/09/2026 10:28:43, -15813512, -47979255, 6, 2.23, 30.80, N, 39.7, 29.1, 9.38, -1.74, 3.88, -0.29, -0.03, -0.09
19/09/2026 10:28:53, -15812513, -47979285, 6, 2.22, 43.04, N, 39.6, 29.1, 8.96, -0.68, 5.30, -0.09, -0.01, -0.06
19/09/2026 10:29:04, -15811521, -47979184, 7, 1.41, 40.26, NNE, 39.5, 29.1, 10.06, -0.12, 6.18, -0.24, -0.01, -0.09
19/09/2026 10:29:14, -15811191, -47978708, 6, 2.20, 8.11, ENE, 39.5, 29.2, 10.02, -0.96, 3.65, 0.59, -0.21, 0.16
19/09/2026 10:29:25, -15811590, -47978374, 7, 1.41, 23.84, SSW, 39.4, 29.2, 9.34, -0.26, 5.07, -0.27, 0.12, -0.22
19/09/2026 10:29:36, -15811916, -47979645, 7, 1.41, 72.23, W, 39.4, 29.2, 10.22, -1.03, 5.69, -0.12, -0.03, -0.02
19/09/2026 10:29:46, -15812038, -47981622, 7, 1.41, 76.14, W, 39.3, 29.3, 9.53, -1.59, 4.51, -0.09, -0.03, 0.03
19/09/2026 10:29:57, -15812029, -47983905, 9, 0.95, 80.43, W, 39.3, 29.3, 9.33, -1.09, 4.20, -0.03, 0.03, -0.09
19/09/2026 10:30:07, -15811714, -47985992, 9, 0.95, 77.54, W, 39.3, 29.3, 10.16, -1.31, 5.40, -0.08, 0.00, 0.02
19/09/2026 10:30:18, -15811424, -47988066, 9, 0.95, 74.01, W, 39.3, 29.4, 10.84, -1.26, 3.88, -0.08, -0.00, -0.02
19/09/2026 10:30:29, -15811107, -47990135, 9, 0.95, 65.39, W, 39.3, 29.4, 9.68, -0.50, 5.30, -0.08, -0.00, -0.03
19/09/2026 10:30:39, -15810762, -47991630, 9, 0.95, 66.28, W, 39.4, 29.5, 9.90, -1.19, 5.37, -0.13, 0.00, -0.05
19/09/2026 10:30:50, -15810527, -47993542, 9, 0.95, 67.49, W, 39.3, 29.5, 9.47, -1.55, 4.31, -0.01, -0.08, 0.03
19/09/2026 10:31:00, -15810709, -47995218, 9, 0.95, 64.28, WSW, 39.3, 29.5, 9.10, -0.49, 4.69, -0.05, -0.00, -0.01
19/09/2026 10:31:11, -15811241, -47996885, 9, 1.01, 70.95, WSW, 39.2, 29.5, 9.68, 0.12, 3.61, 0.02, 0.03, -0.10
19/09/2026 10:31:22, -15811737, -47998680, 9, 0.95, 59.71, W, 39.2, 29.6, 10.85, -0.96, 4.77, -0.23, -0.11, -0.03
19/09/2026 10:31:32, -15810814, -48000153, 9, 0.95, 69.12, NW, 39.2, 29.6, 9.74, -0.36, 5.97, -0.20, -0.03, -0.03
19/09/2026 10:31:43, -15809864, -48000724, 9, 0.95, 45.91, N, 39.2, 29.6, 9.09, -2.50, 4.36, -0.18, 0.06, -0.02
19/09/2026 10:31:53, -15808319, -48000857, 9, 0.95, 73.17, N, 39.2, 29.7, 9.36, -2.07, 3.92, -0.06, 0.00, -0.05
19/09/2026 10:32:04, -15806175, -48000874, 10, 0.81, 78.08, N, 39.2, 29.7, 8.40, -1.14, 3.48, -0.04, -0.06, 0.03
19/09/2026 10:32:15, -15804224, -48000950, 10, 0.81, 71.41, N, 39.1, 29.8, 8.38, -3.46, 4.78, -0.04, 0.02, -0.03
19/09/2026 10:32:25, -15802548, -48001008, 11, 0.78, 54.58, N, 38.9, 29.8, 9.10, -0.78, 4.67, -0.09, 0.00, -0.01
19/09/2026 10:32:36, -15800950, -48000965, 11, 0.78, 69.32, N, 38.8, 29.8, 9.72, -1.58, 4.60, -0.30, 0.04, -0.04
19/09/2026 10:32:46, -15799157, -48000384, 11, 0.78, 78.15, NNE, 38.6, 29.9, 10.30, -0.40, 4.92, 0.00, 0.01, -0.03
19/09/2026 10:32:57, -15797178, -47999578, 11, 0.78, 75.64, NNE, 38.4, 29.9, 10.46, -1.27, 5.51, -0.13, -0.01, 0.06
19/09/2026 10:33:07, -15795435, -47998868, 11, 0.78, 73.21, NNE, 38.6, 30.0, 10.49, -1.01, 4.62, -0.07, 0.01, -0.07
19/09/2026 10:33:18, -15793601, -47998123, 11, 0.78, 61.73, NNE, 38.6, 30.0, 9.51, 0.38, 5.04, -0.08, -0.01, -0.03
19/09/2026 10:33:29, -15792069, -47997485, 11, 0.78, 66.78, NNE, 38.5, 30.0, 9.58, -2.41, 4.76, -0.18, 0.10, -0.01
19/09/2026 10:33:39, -15790403, -47997172, 11, 0.78, 64.19, N, 38.4, 30.0, 8.39, -1.04, 4.48, -0.05, -0.02, -0.02
19/09/2026 10:33:50, -15788837, -47997216, 11, 0.78, 63.10, N, 38.2, 30.1, 9.13, -2.34, 3.66, 0.04, -0.11, -0.16
19/09/2026 10:34:00, -15787137, -47997302, 11, 0.78, 67.12, N, 38.0, 30.1, 10.74, -1.00, 4.89, -0.10, -0.07, 0.06
19/09/2026 10:34:11, -15785630, -47997151, 11, 0.78, 34.72, NNE, 37.8, 30.1, 9.48, -2.95, 3.24, -0.20, 0.08, -0.08
19/09/2026 10:34:22, -15785534, -47996255, 11, 0.90, 33.71, SE, 37.7, 30.2, 10.28, -1.88, 4.10, -0.30, -0.00, -0.13
19/09/2026 10:34:32, -15786121, -47996750, 11, 0.78, 49.26, W, 37.7, 30.2, 9.16, -1.59, 4.00, -0.12, -0.07, 0.05
19/09/2026 10:34:43, -15786066, -47998662, 11, 0.78, 73.58, W, 37.5, 30.3, 10.68, -0.85, 4.88, -0.09, -0.02, 0.03
19/09/2026 10:34:53, -15786079, -48000504, 11, 0.78, 72.39, W, 37.4, 30.3, 10.84, -1.63, 5.00, -0.17, -0.19, 0.13
19/09/2026 10:35:04, -15786151, -48002752, 11, 0.78, 81.38, W, 37.4, 30.4, 14.09, -0.50, 6.53, -0.24, 0.01, 0.03
19/09/2026 10:35:15, -15786314, -48005070, 11, 0.78, 83.38, W, 37.3, 30.4, 8.49, -1.86, 3.60, -0.01, -0.02, -0.01
19/09/2026 10:35:25, -15786586, -48007229, 11, 0.78, 83.53, W, 37.2, 30.4, 8.49, -2.30, 3.77, -0.07, 0.06, -0.10
19/09/2026 10:35:36, -15787016, -48009619, 11, 0.78, 86.60, WSW, 37.2, 30.5, 9.42, -2.72, 4.13, -0.11, 0.07, -0.09
19/09/2026 10:35:46, -15787527, -48011781, 11, 0.78, 85.64, WSW, 37.2, 30.5, 6.72, -2.80, 1.15, -0.01, 0.02, -0.00
19/09/2026 10:35:57, -15788104, -48014128, 11, 0.78, 82.54, WSW, 37.0, 30.5, 7.29, -2.43, 2.48, 0.06, -0.12, 0.05
19/09/2026 10:36:08, -15788663, -48016436, 11, 0.81, 83.15, WSW, 37.0, 30.5, 9.30, -2.00, 4.00, -0.07, 0.04, -0.09
19/09/2026 10:36:18, -15789175, -48018596, 11, 0.78, 91.86, WSW, 37.0, 30.6, 9.71, -1.13, 4.41, -0.06, -0.05, -0.01
19/09/2026 10:36:29, -15789751, -48021295, 11, 0.78, 100.40, W, 36.8, 30.6, 8.41, -1.86, 3.04, -0.05, -0.05, 0.01
19/09/2026 10:36:39, -15790117, -48023687, 11, 0.78, 87.36, W, 36.5, 30.6, 8.54, -2.75, 3.50, -0.01, -0.03, 0.06
19/09/2026 10:36:50, -15790423, -48026122, 11, 0.78, 85.75, W, 36.4, 30.7, 9.01, -1.71, 3.47, -0.04, 0.00, -0.03
19/09/2026 10:37:01, -15790649, -48028567, 11, 0.78, 85.36, W, 36.3, 30.7, 12.25, -1.05, 5.89, -0.22, 0.00, -0.04
19/09/2026 10:37:11, -15790770, -48030792, 11, 0.78, 85.62, W, 36.2, 30.8, 9.69, -2.18, 3.93, -0.10, -0.08, 0.05
19/09/2026 10:37:22, -15790814, -48032996, 11, 0.78, 72.58, W, 36.1, 30.8, 7.33, -2.79, 2.73, -0.06, -0.15, 0.05
19/09/2026 10:37:32, -15790807, -48035018, 11, 0.78, 83.36, W, 36.0, 30.8, 8.18, -2.46, 3.30, -0.00, 0.05, -0.06
19/09/2026 10:37:43, -15790791, -48037445, 11, 0.79, 86.34, W, 36.0, 30.8, 8.49, -2.54, 3.45, -0.09, -0.00, -0.04
19/09/2026 10:37:54, -15790771, -48039887, 11, 0.79, 85.03, W, 35.9, 30.9, 11.82, -0.51, 5.09, -0.14, 0.02, -0.07
19/09/2026 10:38:04, -15790795, -48042095, 11, 0.79, 86.10, W, 35.8, 30.9, 9.61, -2.30, 3.45, -0.11, 0.02, 0.01
19/09/2026 10:38:15, -15790918, -48044527, 11, 0.79, 84.69, W, 36.2, 31.0, 9.61, -1.68, 3.32, -0.06, -0.02, -0.00
19/09/2026 10:38:25, -15791093, -48046702, 11, 0.82, 82.25, W, 36.2, 31.0, 8.94, -1.40, 4.62, -0.08, 0.03, -0.06
19/09/2026 10:38:36, -15791378, -48048880, 11, 0.79, 67.19, W, 36.2, 31.0, 9.16, -1.17, 5.09, -0.12, -0.03, 0.03
19/09/2026 10:38:46, -15791671, -48050726, 11, 0.79, 84.45, W, 36.1, 31.1, 9.47, -1.85, 4.68, -0.07, -0.08, 0.02
19/09/2026 10:38:57, -15792153, -48053192, 11, 0.82, 89.95, WSW, 36.0, 31.1, 10.25, -1.34, 5.23, -0.06, 0.01, -0.02
19/09/2026 10:39:08, -15792647, -48055637, 11, 0.79, 87.17, WSW, 35.9, 31.1, 9.26, -1.99, 4.36, -0.12, 0.01, -0.05
19/09/2026 10:39:18, -15793219, -48057862, 11, 0.79, 88.84, WSW, 35.9, 31.2, 10.00, -1.40, 4.52, -0.06, -0.06, -0.04
19/09/2026 10:39:29, -15793944, -48060269, 11, 0.79, 87.71, WSW, 35.8, 31.2, 10.89, -1.20, 5.27, -0.12, 0.07, -0.05
19/09/2026 10:39:39, -15794602, -48062342, 11, 0.79, 77.12, WSW, 35.7, 31.2, 9.98, -0.96, 4.92, -0.02, 0.04, -0.08
19/09/2026 10:39:50, -15795198, -48064193, 11, 0.79, 60.12, WSW, 35.7, 31.3, 9.46, -0.94, 4.70, -0.05, -0.06, 0.04
19/09/2026 10:40:01, -15795739, -48065972, 11, 0.79, 81.23, WSW, 35.7, 31.3, 10.67, -1.51, 4.39, -0.12, -0.02, -0.02
19/09/2026 10:40:11, -15796305, -48068145, 11, 0.90, 89.38, WSW, 35.5, 31.4, 9.33, -2.24, 3.82, -0.17, 0.03, -0.05
19/09/2026 10:40:22, -15797129, -48070608, 11, 0.90, 92.73, WSW, 35.5, 31.4, 10.24, -1.99, 4.73, -0.10, -0.03, -0.01
19/09/2026 10:40:32, -15797956, -48072843, 11, 0.90, 90.34, WSW, 35.4, 31.5, 8.57, -2.63, 3.21, -0.13, 0.01, -0.05
19/09/2026 10:40:43, -15799011, -48075182, 11, 0.90, 91.06, SW, 35.3, 31.5, 10.57, -1.78, 5.11, -0.09, -0.11, 0.06
19/09/2026 10:40:54, -15800566, -48077260, 11, 0.90, 91.80, SW, 35.2, 31.5, 7.43, -2.86, 2.84, 0.02, -0.12, 0.07
19/09/2026 10:41:04, -15801703, -48079381, 11, 1.02, 89.64, WSW, 35.0, 31.6, 9.63, -2.17, 4.91, -0.19, -0.02, 0.01
19/09/2026 10:41:15, -15802256, -48081796, 10, 0.91, 88.53, W, 35.0, 31.6, 10.16, -3.19, 4.21, -0.26, 0.05, -0.08
19/09/2026 10:41:25, -15801780, -48084182, 11, 0.90, 91.93, WNW, 34.7, 31.6, 6.92, -2.52, 2.91, 0.07, -0.15, 0.09
19/09/2026 10:41:36, -15800448, -48086243, 10, 0.90, 78.36, NW, 34.6, 31.7, 9.21, -1.40, 4.44, -0.01, 0.07, -0.10
19/09/2026 10:41:47, -15799195, -48087935, 11, 0.91, 76.51, NW, 34.6, 31.7, 9.82, -2.24, 3.25, -0.19, 0.03, -0.04
19/09/2026 10:41:57, -15797947, -48089634, 11, 0.90, 83.99, NW, 34.6, 31.7, 10.06, -2.76, 4.77, -0.16, 0.00, -0.10
19/09/2026 10:42:08, -15796583, -48091612, 11, 0.91, 87.01, WNW, 34.5, 31.8, 9.98, -1.58, 5.24, -0.08, 0.02, -0.09
19/09/2026 10:42:18, -15795602, -48093628, 10, 0.90, 86.49, WNW, 34.3, 31.8, 7.89, -2.58, 3.37, 0.05, -0.18, 0.11
19/09/2026 10:42:29, -15794716, -48095937, 10, 0.90, 85.97, WNW, 34.1, 31.9, 9.51, -1.83, 3.82, -0.11, -0.12, 0.08
19/09/2026 10:42:40, -15793860, -48098175, 10, 0.90, 81.93, WNW, 34.0, 31.9, 9.30, 0.06, 5.01, -0.04, -0.01, -0.04
19/09/2026 10:42:50, -15793190, -48099946, 10, 0.90, 73.73, WNW, 34.4, 32.0, 8.94, -1.93, 3.52, -0.09, -0.06, 0.00
19/09/2026 10:43:01, -15792410, -48101889, 10, 0.90, 75.52, WNW, 34.4, 32.0, 8.92, -2.29, 3.23, -0.08, -0.06, 0.01
19/09/2026 10:43:11, -15791736, -48103668, 10, 0.90, 65.25, WNW, 34.3, 32.0, 9.63, -1.63, 5.59, -0.10, 0.05, -0.14
19/09/2026 10:43:22, -15791185, -48105116, 10, 0.90, 58.78, WNW, 34.2, 32.1, 9.06, -3.03, 2.34, 0.19, -0.03, 0.00
19/09/2026 10:43:33, -15790448, -48107044, 10, 0.90, 78.64, WNW, 34.2, 32.1, 8.62, -2.47, 3.66, -0.08, -0.01, -0.04
19/09/2026 10:43:43, -15789703, -48108990, 10, 0.90, 80.32, WNW, 34.0, 32.2, 9.24, -1.81, 4.03, -0.09, -0.06, 0.01
19/09/2026 10:43:54, -15788882, -48111178, 10, 0.90, 82.69, WNW, 34.0, 32.1, 8.17, -2.57, 2.87, -0.13, -0.05, -0.03
19/09/2026 10:44:04, -15788127, -48113202, 10, 0.90, 83.91, WNW, 33.9, 32.2, 9.43, -1.24, 4.04, -0.04, -0.01, -0.03
19/09/2026 10:44:15, -15787327, -48115181, 10, 0.90, 69.69, WNW, 33.7, 32.2, 9.15, -4.36, 4.73, -0.26, 0.10, -0.19
19/09/2026 10:44:26, -15786518, -48117238, 10, 0.90, 80.34, WNW, 33.5, 32.3, 10.22, -0.48, 5.80, -0.14, 0.00, -0.00
19/09/2026 10:44:36, -15785790, -48119180, 10, 0.90, 79.60, WNW, 33.4, 32.3, 10.74, -1.57, 5.52, -0.11, -0.02, 0.09
19/09/2026 10:44:47, -15785138, -48120865, 10, 0.90, 53.26, WNW, 33.4, 32.3, 9.80, -1.79, 4.85, -0.11, -0.00, -0.03
19/09/2026 10:44:57, -15784538, -48122436, 10, 0.90, 78.21, WNW, 33.4, 32.3, 10.27, -1.64, 4.31, -0.10, 0.03, -0.02
19/09/2026 10:45:08, -15783707, -48124609, 10, 0.90, 83.54, WNW, 33.3, 32.4, 8.71, -1.65, 3.82, 0.12, -0.12, 0.43
19/09/2026 10:45:19, -15783343, -48126971, 10, 0.90, 86.53, W, 33.2, 32.4, 8.57, -1.90, 3.62, -0.04, 0.10, -0.14
19/09/2026 10:45:29, -15783752, -48129048, 9, 1.03, 79.10, WSW, 33.1, 32.4, 8.56, -2.31, 3.46, -0.14, -0.03, -0.02
19/09/2026 10:45:40, -15784370, -48131253, 9, 1.03, 80.25, WSW, 32.9, 32.5, 9.64, -1.91, 4.36, -0.06, 0.00, -0.06
19/09/2026 10:45:50, -15784897, -48133090, 9, 1.03, 59.06, WSW, 32.5, 32.6, 9.24, -1.32, 5.09, -0.13, -0.02, 0.02
19/09/2026 10:46:01, -15785358, -48134683, 9, 1.03, 70.26, WSW, 32.5, 32.6, 10.62, -1.32, 4.94, 0.04, -0.04, -0.07
19/09/2026 10:46:11, -15785949, -48136640, 9, 0.96, 84.56, WSW, 32.5, 32.6, 9.39, -2.07, 4.21, -0.12, 0.03, -0.05
19/09/2026 10:46:22, -15786594, -48138996, 10, 0.90, 84.17, WSW, 32.2, 32.7, 9.02, -2.25, 4.68, -0.09, -0.07, 0.05
19/09/2026 10:46:33, -15787244, -48141249, 10, 1.03, 80.36, WSW, 32.0, 32.7, 9.35, -0.91, 3.71, -0.02, -0.02, 0.01
19/09/2026 10:46:43, -15787828, -48143259, 10, 0.90, 81.88, WSW, 31.8, 32.7, 8.28, -1.26, 3.50, 0.03, -0.06, 0.13
19/09/2026 10:46:54, -15788478, -48145524, 10, 0.90, 83.14, WSW, 31.7, 32.7, 9.95, -1.31, 4.81, -0.05, 0.01, -0.08
19/09/2026 10:47:04, -15789108, -48147613, 10, 0.90, 85.58, WSW, 31.7, 32.8, 9.23, -2.63, 3.72, -0.12, -0.01, -0.04
19/09/2026 10:47:15, -15789798, -48150103, 9, 0.99, 88.51, WSW, 31.6, 32.8, 7.64, -1.99, 3.89, -0.16, -0.04, -0.04
19/09/2026 10:47:26, -15790478, -48152371, 10, 0.90, 83.12, WSW, 31.4, 32.8, 9.26, -2.56, 4.03, -0.17, -0.02, -0.04
19/09/2026 10:47:36, -15791063, -48154492, 9, 0.99, 86.34, WSW, 31.3, 32.9, 10.05, -2.04, 4.33, 0.02, -0.04, 0.09
19/09/2026 10:47:47, -15791746, -48156864, 9, 0.99, 86.66, WSW, 31.2, 32.9, 8.47, -2.50, 3.18, -0.11, -0.01, -0.02
19/09/2026 10:47:57, -15792369, -48159037, 10, 0.90, 87.30, WSW, 31.0, 32.9, 9.15, -2.10, 4.14, -0.12, -0.06, 0.00
19/09/2026 10:48:08, -15793021, -48161293, 10, 0.90, 77.38, WSW, 31.4, 33.0, 9.04, -2.21, 3.51, 0.03, 0.08, -0.10
19/09/2026 10:48:19, -15793613, -48163352, 10, 0.90, 76.04, WSW, 31.1, 33.0, 8.54, -2.71, 2.64, -0.04, 0.02, -0.01
19/09/2026 10:48:29, -15794162, -48165261, 10, 0.99, 78.97, WSW, 31.2, 33.0, 9.95, -2.19, 4.19, -0.09, 0.01, -0.06
19/09/2026 10:48:40, -15794739, -48167296, 10, 0.90, 64.49, WSW, 31.2, 33.1, 8.96, -0.49, 5.10, -0.07, -0.02, -0.09
19/09/2026 10:49:10, -15794910, -48167991, 10, 0.90, 0.06, WSW, 31.3, 33.1, 9.33, -3.88, 2.45, -0.10, -0.01, -0.02
19/09/2026 10:49:41, -15794909, -48167991, 10, 0.90, 0.06, WSW, 31.1, 33.3, 9.29, -3.92, 2.43, -0.09, -0.03, -0.00
19/09/2026 10:50:12, -15794909, -48167994, 10, 0.90, 0.02, WSW, 30.8, 33.4, 9.43, -3.50, 2.93, -0.07, -0.02, -0.01
19/09/2026 10:50:24, -15794921, -48168021, 10, 0.90, 12.56, WSW, 30.8, 33.4, 9.88, -3.05, 3.66, -0.14, -0.18, 0.03
19/09/2026 10:50:45, -15795671, -48170599, 10, 0.99, 63.63, WSW, 30.6, 33.4, 10.24, -2.40, 3.98, -0.01, 0.10, -0.21
19/09/2026 10:50:55, -15795974, -48172184, 10, 0.90, 51.80, WNW, 30.4, 33.5, 11.73, -0.20, 6.72, 0.13, 0.00, 0.12
19/09/2026 10:51:06, -15796536, -48173463, 10, 0.90, 66.21, WSW, 30.2, 33.5, 10.64, -2.17, 2.95, -0.03, -0.05, 0.05
19/09/2026 10:51:17, -15797170, -48175637, 10, 0.90, 87.25, WSW, 30.2, 33.6, 10.64, -2.48, 3.56, -0.24, -0.10, -0.02
19/09/2026 10:51:27, -15797775, -48177826, 10, 0.90, 86.12, WSW, 30.0, 33.6, 9.04, -2.36, 2.36, -0.01, 0.04, -0.10
19/09/2026 10:51:38, -15798446, -48180073, 10, 0.90, 82.08, WSW, 29.8, 33.6, 9.63, -2.87, 3.00, -0.11, -0.05, 0.02
19/09/2026 10:51:48, -15799035, -48182225, 10, 0.90, 86.53, W, 29.6, 33.6, 7.32, -2.95, 1.62, -0.07, -0.08, 0.11
19/09/2026 10:51:59, -15798998, -48184725, 10, 0.90, 90.54, WNW, 29.6, 33.7, 10.42, -1.92, 4.03, -0.11, -0.05, 0.06
19/09/2026 10:52:10, -15798323, -48187050, 10, 0.90, 77.21, WNW, 29.4, 33.7, 8.43, -3.19, 2.28, -0.13, -0.06, 0.01
19/09/2026 10:52:20, -15797685, -48189162, 10, 0.90, 87.84, WNW, 29.5, 33.7, 9.54, -1.70, 3.96, -0.03, 0.02, -0.03
19/09/2026 10:52:31, -15797093, -48191138, 10, 0.90, 57.75, WNW, 29.5, 33.8, 9.49, -1.28, 4.08, -0.10, -0.04, 0.01
19/09/2026 10:52:41, -15796599, -48192723, 10, 0.90, 78.15, WNW, 29.6, 33.8, 7.95, -2.83, 1.72, -0.02, -0.05, -0.02
19/09/2026 10:52:52, -15795917, -48194901, 10, 0.90, 77.40, WNW, 29.5, 33.8, 10.00, -1.68, 4.44, -0.09, -0.02, 0.03
19/09/2026 10:53:03, -15795284, -48196898, 10, 0.90, 76.90, W, 29.5, 33.9, 10.06, -3.25, 4.13, -0.15, 0.02, 0.11
19/09/2026 10:53:13, -15794762, -48198826, 10, 0.90, 79.69, WNW, 29.4, 33.9, 10.96, -2.68, 3.37, -0.12, -0.01, -0.01
19/09/2026 10:53:24, -15794074, -48201114, 10, 0.90, 84.28, WNW, 29.6, 34.0, 9.98, -1.53, 4.05, -0.11, -0.07, 0.06
19/09/2026 10:53:34, -15793458, -48203169, 10, 0.90, 81.69, WNW, 29.3, 33.9, 9.98, -1.42, 3.97, -0.08, -0.01, -0.03
19/09/2026 10:53:45, -15792798, -48205379, 10, 0.90, 79.95, WNW, 29.5, 34.0, 10.43, -1.90, 3.14, -0.15, -0.03, 0.02
19/09/2026 10:53:56, -15792117, -48207639, 10, 0.90, 85.12, WNW, 29.6, 34.0, 8.99, -1.82, 2.72, -0.05, 0.03, -0.05
19/09/2026 10:54:06, -15791476, -48209784, 10, 0.90, 86.99, WNW, 29.5, 34.1, 9.74, -1.40, 3.87, -0.08, -0.07, 0.05
19/09/2026 10:54:17, -15790737, -48212215, 10, 0.90, 92.60, WNW, 29.4, 34.1, 10.60, -1.67, 4.71, -0.10, -0.01, -0.01
19/09/2026 10:54:27, -15790063, -48214471, 10, 0.90, 88.95, WNW, 29.3, 34.1, 10.45, -2.57, 3.73, -0.11, -0.05, -0.01
19/09/2026 10:54:38, -15789357, -48216830, 11, 0.90, 85.34, WNW, 29.2, 34.2, 10.66, -2.34, 3.09, -0.09, 0.06, -0.06
19/09/2026 10:54:48, -15788880, -48218872, 11, 0.90, 73.28, W, 29.2, 34.2, 9.85, -1.20, 4.04, -0.12, -0.10, 0.07
19/09/2026 10:54:59, -15788913, -48220752, 11, 0.90, 58.91, W, 29.3, 34.2, 9.68, -0.95, 4.63, -0.09, -0.04, -0.04
19/09/2026 10:55:10, -15789170, -48222537, 11, 0.78, 76.06, W, 29.3, 34.2, 10.96, -2.37, 3.19, -0.14, -0.08, -0.01
19/09/2026 10:55:20, -15789392, -48224635, 11, 0.78, 83.65, W, 29.2, 34.3, 10.01, -1.03, 3.83, -0.11, -0.10, 0.02
19/09/2026 10:55:31, -15788375, -48226776, 11, 0.90, 86.56, NW, 29.1, 34.3, 9.72, -1.89, 4.01, -0.16, 0.02, -0.06
19/09/2026 10:55:41, -15787032, -48228572, 11, 0.78, 85.95, NW, 29.0, 34.3, 11.28, -1.82, 3.37, -0.11, -0.04, 0.03
19/09/2026 10:55:52, -15785725, -48230527, 11, 0.90, 76.84, NW, 28.9, 34.3, 10.03, -1.45, 3.37, -0.08, -0.01, -0.10
19/09/2026 10:56:03, -15784425, -48231809, 11, 0.82, 48.28, NW, 28.9, 34.4, 9.54, -1.35, 4.07, -0.07, 0.01, -0.03
19/09/2026 10:56:13, -15783324, -48232819, 11, 0.78, 69.84, NW, 29.0, 34.4, 9.14, -6.22, 5.52, -0.21, 0.02, 0.05
19/09/2026 10:56:24, -15781561, -48234035, 10, 0.86, 79.99, NNW, 28.9, 34.4, 9.31, -3.09, 2.51, -0.00, 0.01, -0.08
19/09/2026 10:56:34, -15779535, -48234181, 10, 0.82, 82.27, N, 28.8, 34.5, 9.90, -2.92, 2.88, -0.23, 0.08, -0.07
19/09/2026 10:56:45, -15777408, -48233356, 10, 0.82, 83.43, NNE, 28.7, 34.5, 10.32, -1.29, 4.34, -0.18, -0.13, 0.07
19/09/2026 10:56:56, -15775343, -48232383, 11, 0.82, 81.41, NNE, 28.5, 34.6, 10.59, -1.76, 4.41, -0.08, 0.02, -0.10
19/09/2026 10:57:06, -15773518, -48231514, 10, 0.82, 79.65, NNE, 28.5, 34.6, 9.23, -3.02, 2.27, -0.13, -0.06, -0.01
19/09/2026 10:57:17, -15771518, -48230565, 10, 0.82, 81.14, NNE, 28.4, 34.6, 9.18, -2.47, 3.07, -0.02, 0.02, -0.06
19/09/2026 10:57:27, -15769526, -48229900, 11, 0.78, 86.51, N, 28.3, 34.6, 8.73, -2.54, 3.05, -0.08, -0.02, -0.03
19/09/2026 10:57:38, -15767144, -48229972, 10, 0.97, 85.95, NNW, 28.2, 34.6, 9.78, -2.07, 3.62, -0.01, -0.00, -0.03
19/09/2026 10:57:49, -15764988, -48230902, 11, 0.82, 84.30, NNW, 28.1, 34.6, 9.44, -2.56, 2.82, -0.06, -0.00, -0.04
19/09/2026 10:57:59, -15763423, -48232370, 11, 0.78, 85.56, NW, 28.1, 34.6, 10.40, -2.84, 3.54, -0.11, -0.05, 0.04
19/09/2026 10:58:10, -15762314, -48234550, 10, 0.90, 89.43, WNW, 28.0, 34.6, 10.31, -2.48, 4.13, -0.03, 0.10, -0.10
19/09/2026 10:58:20, -15761813, -48236802, 10, 0.89, 89.12, WNW, 28.0, 34.7, 9.40, -3.10, 2.54, -0.13, -0.04, -0.01
19/09/2026 10:58:31, -15761138, -48239144, 11, 0.78, 83.82, WNW, 27.9, 34.8, 9.36, -2.56, 2.57, 0.02, 0.00, -0.02
19/09/2026 10:58:42, -15760779, -48241534, 11, 0.78, 81.65, W, 27.9, 34.7, 10.58, -1.41, 4.79, -0.18, 0.03, -0.06
19/09/2026 10:58:52, -15760398, -48243508, 11, 0.78, 81.19, WNW, 27.8, 34.8, 10.62, -1.63, 4.24, -0.17, -0.06, 0.04
19/09/2026 10:59:03, -15759973, -48245418, 11, 0.78, 56.73, WNW, 27.8, 34.8, 9.23, -2.51, 2.79, -0.06, 0.02, -0.05
19/09/2026 10:59:13, -15759629, -48246997, 11, 0.78, 72.38, WNW, 27.8, 34.7, 10.44, -1.93, 2.61, -0.01, -0.06, 0.05
19/09/2026 10:59:24, -15759084, -48249122, 11, 0.78, 79.52, WNW, 27.8, 34.8, 8.38, -3.01, 1.02, 0.00, -0.14, 0.03
19/09/2026 10:59:35, -15758508, -48251419, 11, 0.78, 85.62, WNW, 27.7, 34.8, 9.10, -3.23, 0.80, -0.07, -0.09, 0.03
19/09/2026 10:59:45, -15757566, -48253443, 11, 0.78, 84.75, WNW, 27.7, 34.8, 9.75, -2.07, 3.26, -0.06, -0.01, -0.03
19/09/2026 10:59:56, -15756349, -48255372, 11, 0.78, 79.93, NW, 27.6, 34.8, 10.02, -2.48, 3.29, -0.15, 0.01, -0.05
19/09/2026 11:00:06, -15755107, -48256771, 11, 0.78, 61.63, NW, 27.5, 34.8, 8.22, -2.36, 3.17, -0.03, 0.05, -0.08
19/09/2026 11:00:17, -15753824, -48258017, 11, 0.78, 68.10, NW, 27.5, 34.9, 9.26, -2.55, 3.06, -0.04, -0.02, -0.03
19/09/2026 11:00:28, -15752570, -48259228, 11, 0.78, 54.80, NW, 27.5, 34.9, 9.33, -1.44, 3.43, -0.08, 0.03, -0.04
19/09/2026 11:00:38, -15751795, -48259975, 11, 0.78, 35.10, NW, 27.5, 34.9, 9.87, -1.22, 4.20, -0.08, 0.03, -0.04
19/09/2026 11:00:49, -15751307, -48259984, 11, 0.82, 17.02, NE, 27.6, 34.9, 9.76, -1.33, 4.02, 0.07, -0.15, -0.03
19/09/2026 11:01:19, -15751213, -48259895, 11, 0.89, 0.04, NE, 27.6, 34.9, 9.89, -2.42, 0.25, -0.07, -0.02, -0.02
19/09/2026 11:01:44, -15751201, -48259917, 10, 0.82, 4.78, N, 27.9, 35.0, 9.72, -0.77, 4.92, 0.09, -0.03, 0.24
19/09/2026 11:01:54, -15751303, -48260313, 10, 0.90, 19.96, SW, 27.6, 35.0, 10.00, -0.73, 6.14, -0.49, 0.02, -0.20
19/09/2026 11:02:05, -15750559, -48261214, 10, 0.89, 61.23, NW, 27.6, 35.0, 10.11, -1.31, 4.25, -0.09, -0.05, -0.00
19/09/2026 11:02:16, -15749280, -48262334, 11, 0.78, 48.95, NW, 27.6, 35.0, 10.28, 0.03, 5.51, -0.13, 0.00, 0.03
19/09/2026 11:02:26, -15749362, -48262722, 11, 0.89, 32.67, SE, 27.6, 35.1, 10.26, -0.51, 4.45, 0.01, -0.17, 0.07
19/09/2026 11:02:37, -15750319, -48261715, 11, 0.78, 60.97, SE, 27.6, 35.1, 8.77, -2.15, 4.65, -0.12, 0.04, -0.07
19/09/2026 11:02:47, -15751347, -48260712, 11, 0.89, 48.41, SE, 27.6, 35.1, 10.60, -0.84, 4.99, -0.02, 0.02, -0.06
19/09/2026 11:02:58, -15751951, -48260508, 11, 0.78, 21.37, WSW, 27.6, 35.1, 9.22, -0.85, 5.09, -0.09, 0.19, -0.03
19/09/2026 11:03:09, -15752440, -48260934, 11, 0.78, 22.95, SW, 27.6, 35.1, 9.02, -1.31, 4.09, -0.02, -0.03, -0.06
19/09/2026 11:03:19, -15752678, -48261159, 11, 0.89, 8.26, SW, 27.5, 35.2, 9.17, -0.60, 5.12, -0.22, 0.01, -0.04
19/09/2026 11:03:50, -15752743, -48261268, 10, 0.90, 0.09, SW, 27.5, 35.2, 9.91, -2.43, 0.86, -0.10, -0.10, -0.02
19/09/2026 11:04:00, -15752841, -48261350, 11, 0.80, 20.82, SW, 27.4, 35.2, 9.31, -1.06, 4.53, -0.21, -0.01, -0.09
19/09/2026 11:04:11, -15753196, -48261682, 11, 0.78, 13.24, SW, 27.4, 35.2, 9.62, -0.91, 5.07, -0.04, -0.03, 0.04
19/09/2026 11:04:22, -15753573, -48262116, 11, 0.80, 17.09, SW, 27.4, 35.2, 9.32, -0.39, 4.87, -0.04, -0.02, -0.01
19/09/2026 11:04:32, -15753940, -48262533, 11, 0.95, 17.91, SW, 27.4, 35.2, 9.10, -0.11, 5.37, -0.11, 0.00, -0.01
19/09/2026 11:05:03, -15754102, -48262756, 11, 0.78, 0.11, SW, 27.4, 35.3, 9.92, -1.23, 2.97, -0.11, -0.05, 0.07
19/09/2026 11:05:16, -15754119, -48262767, 11, 0.78, 4.93, SW, 27.4, 35.3, 9.64, -0.13, 4.53, 0.52, -0.01, 0.28
19/09/2026 11:05:26, -15753990, -48262552, 11, 0.83, 19.82, NE, 27.4, 35.3, 9.36, -1.66, 3.82, -0.05, -0.06, -0.03
19/09/2026 11:05:37, -15753681, -48262192, 11, 0.90, 11.93, NE, 27.4, 35.3, 9.57, -2.10, 3.93, -0.05, -0.00, -0.08
19/09/2026 11:05:47, -15753425, -48261918, 11, 0.83, 10.93, NE, 27.4, 35.4, 9.09, -0.27, 5.13, -0.33, -0.00, -0.16
19/09/2026 11:06:02, -15753349, -48261818, 11, 0.78, 2.83, WSW, 27.4, 35.4, 9.08, -0.53, 5.52, -0.25, -0.04, -0.11
19/09/2026 11:06:13, -15753362, -48261855, 11, 0.78, 2.94, W, 27.4, 35.4, 8.37, 0.60, 5.72, -0.51, -0.02, -0.10
19/09/2026 11:06:28, -15753383, -48261837, 11, 0.78, 2.11, S, 27.3, 35.5, 8.14, -0.02, 6.70, -0.56, 0.22, -0.35
19/09/2026 11:06:58, -15753391, -48261847, 11, 0.78, 0.81, SW, 27.3, 35.6, 8.95, 0.46, 5.51, 0.13, -0.10, 0.32
19/09/2026 11:07:29, -15753397, -48261834, 11, 0.78, 0.07, SW, 27.4, 35.6, 9.70, -0.53, 4.03, -0.22, -0.00, -0.05
19/09/2026 11:07:53, -15753392, -48261847, 11, 0.88, 2.07, W, 27.4, 35.6, 1.34, 8.15, 7.12, 0.08, -0.00, -0.20
19/09/2026 11:08:24, -15753396, -48261871, 11, 0.89, 0.02, W, 27.1, 35.7, 2.24, 7.81, 6.57, -0.08, -0.02, -0.02
19/09/2026 11:08:55, -15753397, -48261860, 11, 0.97, 0.11, W, 27.1, 35.7, 2.28, 7.79, 6.60, -0.09, -0.02, -0.02
19/09/2026 11:09:26, -15753392, -48261881, 11, 0.78, 0.02, W, 27.1, 35.7, 2.42, 8.00, 6.24, -0.08, -0.02, -0.02
19/09/2026 11:09:56, -15753389, -48261872, 11, 1.08, 0.15, W, 27.2, 35.8, 2.69, 7.62, 6.70, -0.07, -0.02, -0.02
19/09/2026 11:10:24, -15753366, -48261856, 11, 0.78, 5.00, SSW, 27.2, 35.8, 7.74, -8.99, 8.07, -2.17, 0.79, -1.07
19/09/2026 11:10:39, -15753395, -48261855, 11, 0.78, 2.48, S, 27.2, 35.8, 9.73, 0.45, 3.55, 0.83, -0.09, 0.12
19/09/2026 11:10:50, -15753375, -48261867, 11, 0.78, 2.50, NNW, 27.3, 35.9, 10.17, -0.10, 5.04, -0.28, 0.13, -0.25
19/09/2026 11:11:01, -15753297, -48261872, 10, 0.83, 4.04, NW, 27.3, 35.8, 9.61, 0.14, 4.06, 0.19, -0.02, 0.04
19/09/2026 11:11:13, -15753268, -48261908, 10, 0.83, 2.65, NW, 27.3, 35.8, 10.12, -0.20, 3.35, 0.17, -0.01, 0.01
19/09/2026 11:11:31, -15753255, -48261930, 9, 0.91, 2.00, NW, 27.2, 35.9, 9.73, -0.29, 3.04, 0.01, -0.05, 0.04
19/09/2026 11:12:01, -15753283, -48261947, 10, 0.83, 0.33, NW, 27.6, 36.0, 9.50, 0.75, 4.39, -0.08, -0.01, -0.03
19/09/2026 11:12:32, -15753275, -48261943, 10, 0.83, 0.04, NW, 27.6, 36.0, 9.51, 0.93, 4.45, -0.08, -0.02, -0.02
19/09/2026 11:13:03, -15753280, -48261912, 10, 0.91, 0.50, NW, 27.6, 36.1, 9.50, 0.94, 4.45, -0.08, -0.02, -0.02
19/09/2026 11:13:34, -15753278, -48261893, 11, 0.83, 0.17, NW, 27.4, 36.2, 9.50, 0.96, 4.46, -0.08, -0.02, -0.02
19/09/2026 11:14:05, -15753293, -48261856, 10, 0.83, 0.13, NW, 27.3, 36.2, 9.50, 0.97, 4.47, -0.08, -0.02, -0.02
19/09/2026 11:14:35, -15753287, -48261857, 10, 0.83, 0.78, NW, 27.0, 36.3, 9.48, 0.99, 4.48, -0.08, -0.02, -0.02
19/09/2026 11:15:06, -15753297, -48261888, 11, 0.83, 0.28, NW, 26.8, 36.3, 9.49, 1.00, 4.47, -0.08, -0.02, -0.02
19/09/2026 11:15:37, -15753299, -48261913, 9, 0.90, 0.43, NW, 26.6, 36.3, 9.49, 1.00, 4.48, -0.08, -0.02, -0.02
19/09/2026 11:16:08, -15753305, -48261911, 11, 0.78, 0.54, SSW, 26.3, 36.4, 9.49, 1.01, 4.49, -0.08, -0.02, -0.02
19/09/2026 11:16:38, -15753276, -48261916, 11, 0.83, 0.39, SSW, 26.0, 36.5, 9.49, 1.02, 4.49, -0.08, -0.02, -0.02
19/09/2026 11:17:09, -15753278, -48261925, 11, 0.83, 0.43, SSW, 25.8, 36.4, 9.49, 1.02, 4.46, -0.08, -0.02, -0.02
19/09/2026 11:17:40, -15753299, -48261943, 11, 0.83, 0.48, SSW, 25.5, 36.5, 9.48, 1.03, 4.49, -0.08, -0.02, -0.02
19/09/2026 11:18:11, -15753284, -48261959, 11, 0.84, 0.28, SSW, 25.3, 36.6, 9.48, 1.03, 4.49, -0.08, -0.02, -0.02
19/09/2026 11:18:41, -15753267, -48261961, 11, 0.84, 0.13, SSW, 25.1, 36.5, 9.48, 1.04, 4.50, -0.08, -0.02, -0.02
19/09/2026 11:19:12, -15753314, -48261879, 11, 0.78, 0.20, SSW, 24.9, 36.5, 9.48, 1.05, 4.50, -0.08, -0.02, -0.02
19/09/2026 11:19:43, -15753304, -48261901, 11, 0.78, 0.07, SSW, 24.8, 36.6, 9.48, 1.05, 4.50, -0.08, -0.02, -0.02
19/09/2026 11:20:13, -15753318, -48261930, 11, 0.78, 0.80, SSW, 24.7, 36.5, 9.47, 1.05, 4.49, -0.08, -0.02, -0.02
19/09/2026 11:20:44, -15753327, -48261906, 11, 0.84, 0.78, SSW, 24.6, 36.6, 9.48, 1.05, 4.50, -0.08, -0.02, -0.02
19/09/2026 11:21:15, -15753319, -48261928, 11, 0.92, 0.19, SSW, 24.5, 36.5, 9.47, 1.07, 4.49, -0.08, -0.02, -0.02
19/09/2026 11:21:46, -15753303, -48261928, 11, 0.84, 0.28, SSW, 24.4, 36.5, 9.47, 1.05, 4.50, -0.08, -0.02, -0.02
19/09/2026 11:22:16, -15753340, -48261983, 11, 0.84, 0.31, SSW, 24.4, 36.4, 9.48, 1.06, 4.49, -0.08, -0.02, -0.02
19/09/2026 11:22:47, -15753310, -48261954, 11, 0.84, 0.07, SSW, 24.3, 36.4, 9.47, 1.07, 4.49, -0.08, -0.02, -0.02
19/09/2026 11:23:18, -15753283, -48261915, 10, 0.84, 0.48, SSW, 24.3, 36.3, 9.48, 1.07, 4.50, -0.08, -0.02, -0.02
19/09/2026 11:23:48, -15753259, -48261908, 11, 0.84, 0.39, SSW, 24.3, 36.4, 9.48, 1.08, 4.49, -0.08, -0.02, -0.02
19/09/2026 11:24:19, -15753265, -48261921, 10, 0.84, 0.52, SSW, 24.3, 36.3, 9.48, 1.08, 4.49, -0.08, -0.02, -0.02
19/09/2026 11:24:50, -15753273, -48261908, 11, 0.84, 0.61, SSW, 24.3, 36.3, 9.48, 1.07, 4.49, -0.08, -0.02, -0.02
19/09/2026 11:25:21, -15753257, -48261915, 11, 0.84, 0.24, SSW, 24.3, 36.2, 9.48, 1.07, 4.49, -0.08, -0.02, -0.02
19/09/2026 11:25:51, -15753247, -48261930, 11, 0.84, 0.04, SSW, 24.3, 36.2, 9.48, 1.08, 4.50, -0.08, -0.02, -0.02
19/09/2026 11:26:22, -15753259, -48261938, 10, 0.93, 0.06, SSW, 24.3, 36.2, 9.48, 1.08, 4.50, -0.08, -0.02, -0.02
19/09/2026 11:26:53, -15753268, -48261949, 11, 0.84, 0.39, SSW, 24.3, 36.1, 9.47, 1.09, 4.50, -0.08, -0.02, -0.02
19/09/2026 11:27:23, -15753285, -48261912, 10, 0.84, 0.17, SSW, 24.3, 36.1, 9.48, 1.08, 4.50, -0.08, -0.02, -0.02
19/09/2026 11:27:54, -15753260, -48261890, 10, 0.84, 0.98, SSW, 24.4, 36.0, 9.47, 1.09, 4.50, -0.08, -0.02, -0.02
19/09/2026 11:28:25, -15753277, -48261867, 11, 0.78, 0.33, SSW, 24.4, 36.0, 9.47, 1.10, 4.50, -0.08, -0.02, -0.02
19/09/2026 11:28:56, -15753255, -48261914, 11, 0.87, 0.15, SSW, 24.4, 36.0, 9.47, 1.10, 4.50, -0.08, -0.02, -0.02
19/09/2026 11:29:26, -15753274, -48261940, 11, 0.78, 0.28, SSW, 24.2, 35.9, 9.47, 1.10, 4.51, -0.08, -0.02, -0.02
19/09/2026 11:29:57, -15753263, -48261940, 11, 0.78, 0.44, SSW, 24.2, 35.8, 9.47, 1.10, 4.49, -0.08, -0.02, -0.02
19/09/2026 11:30:28, -15753244, -48261939, 11, 0.84, 0.02, SSW, 24.2, 35.8, 9.47, 1.09, 4.50, -0.08, -0.02, -0.02
19/09/2026 11:30:58, -15753258, -48261958, 11, 0.78, 0.59, SSW, 24.3, 35.8, 9.48, 1.09, 4.49, -0.08, -0.02, -0.02
19/09/2026 11:31:29, -15753266, -48261966, 11, 0.78, 0.20, SSW, 24.3, 35.8, 9.48, 1.10, 4.50, -0.08, -0.02, -0.02
19/09/2026 11:32:00, -15753251, -48261955, 11, 0.78, 0.06, SSW, 24.3, 35.7, 9.47, 1.09, 4.48, -0.08, -0.02, -0.02
19/09/2026 11:32:31, -15753265, -48261916, 11, 0.78, 0.31, WNW, 24.3, 35.7, 9.48, 1.10, 4.49, -0.08, -0.02, -0.02
19/09/2026 11:33:01, -15753286, -48261912, 11, 0.78, 0.41, WNW, 24.4, 35.7, 9.47, 1.10, 4.50, -0.08, -0.02, -0.02
19/09/2026 11:33:32, -15753278, -48261909, 10, 0.85, 0.17, WNW, 24.4, 35.6, 9.46, 1.10, 4.51, -0.08, -0.02, -0.02
19/09/2026 11:34:03, -15753278, -48261938, 10, 0.85, 0.39, WNW, 24.4, 35.6, 9.46, 1.09, 4.52, -0.08, -0.02, -0.02
19/09/2026 11:34:33, -15753265, -48261922, 10, 0.85, 0.50, WNW, 24.4, 35.5, 9.46, 1.10, 4.52, -0.08, -0.02, -0.02
19/09/2026 11:35:04, -15753257, -48261920, 10, 0.85, 0.09, WNW, 24.5, 35.5, 9.46, 1.10, 4.50, -0.08, -0.02, -0.02
19/09/2026 11:35:35, -15753258, -48261911, 11, 0.85, 0.15, W, 24.5, 35.5, 9.46, 1.11, 4.51, -0.08, -0.02, -0.02
19/09/2026 11:36:06, -15753250, -48261914, 10, 0.85, 0.11, W, 24.5, 35.5, 9.47, 1.11, 4.51, -0.08, -0.02, -0.02
19/09/2026 11:36:36, -15753253, -48261908, 11, 0.85, 0.11, W, 24.6, 35.4, 9.47, 1.11, 4.50, -0.08, -0.02, -0.02
19/09/2026 11:37:07, -15753260, -48261915, 11, 0.85, 0.56, W, 24.6, 35.4, 9.46, 1.12, 4.50, -0.08, -0.02, -0.02
19/09/2026 11:37:38, -15753268, -48261910, 10, 0.85, 0.67, W, 24.6, 35.3, 9.47, 1.11, 4.50, -0.08, -0.02, -0.02
19/09/2026 11:38:09, -15753255, -48261914, 10, 0.85, 0.24, W, 24.7, 35.3, 9.46, 1.11, 4.49, -0.08, -0.02, -0.02
19/09/2026 11:38:39, -15753248, -48261937, 10, 0.85, 0.26, W, 24.7, 35.3, 9.46, 1.11, 4.51, -0.08, -0.02, -0.02
19/09/2026 11:39:10, -15753266, -48261945, 11, 0.84, 0.07, W, 24.7, 35.3, 9.47, 1.11, 4.51, -0.08, -0.02, -0.02
19/09/2026 11:39:29, -15753269, -48261947, 11, 0.85, 2.04, W, 24.7, 35.4, 9.46, 1.11, 4.51, -0.08, -0.02, -0.02
19/09/2026 11:40:00, -15753252, -48261939, 10, 0.85, 0.72, W, 24.7, 35.3, 9.46, 1.13, 4.51, -0.08, -0.02, -0.02
19/09/2026 11:40:31, -15753265, -48261924, 10, 0.85, 0.57, W, 24.7, 35.3, 9.47, 1.13, 4.50, -0.08, -0.02, -0.02
19/09/2026 11:41:02, -15753284, -48261935, 11, 0.85, 0.80, W, 24.7, 35.3, 9.46, 1.13, 4.51, -0.08, -0.02, -0.02
19/09/2026 11:41:33, -15753295, -48261935, 11, 0.78, 0.69, W, 24.7, 35.3, 9.47, 1.12, 4.51, -0.08, -0.02, -0.02
19/09/2026 11:42:03, -15753285, -48261920, 11, 1.22, 0.87, W, 24.6, 35.3, 9.47, 1.13, 4.51, -0.08, -0.02, -0.02
19/09/2026 11:42:34, -15753256, -48261946, 10, 1.15, 0.15, W, 24.7, 35.3, 9.46, 1.12, 4.49, -0.08, -0.02, -0.02
19/09/2026 11:43:05, -15753258, -48261954, 11, 0.85, 0.02, W, 24.7, 35.3, 9.47, 1.13, 4.50, -0.08, -0.02, -0.02
19/09/2026 11:43:36, -15753262, -48261945, 11, 1.17, 0.17, W, 24.6, 35.3, 9.47, 1.12, 4.49, -0.08, -0.02, -0.02
19/09/2026 11:44:07, -15753261, -48261938, 9, 1.25, 0.00, W, 24.6, 35.3, 9.46, 1.13, 4.50, -0.08, -0.02, -0.02
19/09/2026 11:44:37, -15753257, -48261925, 10, 0.86, 0.50, W, 24.6, 35.3, 9.47, 1.13, 4.51, -0.08, -0.02, -0.02
19/09/2026 11:45:08, -15753248, -48261943, 11, 0.86, 0.06, W, 24.6, 35.3, 9.46, 1.13, 4.52, -0.08, -0.02, -0.02
19/09/2026 11:45:39, -15753255, -48261952, 11, 0.86, 0.06, W, 24.6, 35.3, 9.47, 1.14, 4.50, -0.08, -0.02, -0.02
19/09/2026 11:46:09, -15753260, -48261955, 9, 0.87, 0.07, W, 24.5, 35.3, 9.45, 1.12, 4.49, -0.08, -0.02, -0.02
19/09/2026 11:46:40, -15753260, -48261949, 11, 0.86, 0.11, W, 24.5, 35.4, 9.46, 1.14, 4.50, -0.08, -0.02, -0.02
19/09/2026 11:47:11, -15753267, -48261949, 10, 0.86, 0.09, W, 24.5, 35.3, 9.46, 1.17, 4.53, -0.08, -0.02, -0.02
19/09/2026 11:47:42, -15753262, -48261948, 11, 0.86, 0.28, W, 24.5, 35.3, 9.46, 1.17, 4.52, -0.08, -0.02, -0.02
19/09/2026 11:48:12, -15753274, -48261967, 10, 0.86, 0.04, W, 24.5, 35.3, 9.45, 1.16, 4.52, -0.08, -0.02, -0.02
19/09/2026 11:48:43, -15753288, -48261939, 10, 0.86, 0.72, W, 24.5, 35.3, 9.45, 1.17, 4.53, -0.08, -0.02, -0.02
19/09/2026 11:49:14, -15753324, -48261931, 11, 0.78, 0.96, W, 24.5, 35.3, 9.45, 1.17, 4.52, -0.08, -0.02, -0.02
19/09/2026 11:49:44, -15753326, -48261945, 11, 0.98, 0.54, W, 24.5, 35.2, 9.45, 1.17, 4.52, -0.08, -0.02, -0.02
19/09/2026 11:50:15, -15753303, -48261952, 11, 0.86, 0.28, W, 24.6, 35.2, 9.45, 1.18, 4.52, -0.08, -0.02, -0.02
19/09/2026 11:50:46, -15753276, -48261958, 11, 0.86, 1.02, W, 24.6, 35.2, 9.44, 1.17, 4.52, -0.08, -0.02, -0.02
19/09/2026 11:51:17, -15753291, -48261956, 11, 0.78, 0.57, W, 24.6, 35.2, 9.45, 1.17, 4.52, -0.08, -0.02, -0.02
19/09/2026 11:51:47, -15753301, -48261944, 10, 0.86, 0.00, NNW, 24.6, 35.2, 9.45, 1.17, 4.50, -0.08, -0.02, -0.02
19/09/2026 11:52:18, -15753247, -48261958, 9, 1.27, 0.67, NNW, 24.7, 35.1, 9.44, 1.16, 4.54, -0.08, -0.02, -0.02
19/09/2026 11:52:47, -15753228, -48261970, 11, 1.28, 2.26, NNW, 24.7, 35.1, 6.06, -6.53, 4.58, -2.83, 0.59, -2.18
19/09/2026 11:53:03, -15753268, -48261926, 11, 0.91, 2.93, NNE, 24.7, 35.1, 8.99, -1.29, 5.48, 0.34, -0.25, 0.19
19/09/2026 11:53:14, -15753327, -48261943, 11, 0.79, 4.35, SSW, 24.7, 35.1, 7.96, -2.34, 5.90, -0.25, 0.06, -0.20
19/09/2026 11:53:34, -15753367, -48261879, 11, 0.79, 2.48, ENE, 24.8, 35.1, 8.13, -3.09, 3.50, -0.62, 0.57, -1.28
19/09/2026 11:54:05, -15753403, -48261832, 11, 0.91, 0.06, NE, 24.8, 35.0, 2.03, 6.96, 7.78, -0.08, -0.02, -0.02
19/09/2026 11:54:35, -15753412, -48261832, 11, 0.85, 0.06, NE, 25.0, 35.0, 1.94, 7.26, 7.44, -0.08, -0.02, -0.02
19/09/2026 11:55:06, -15753399, -48261836, 11, 0.86, 0.02, NE, 25.2, 35.0, 1.95, 7.22, 7.48, -0.08, -0.02, -0.02
19/09/2026 11:55:37, -15753411, -48261839, 11, 0.85, 0.39, NE, 25.5, 35.0, 9.67, -1.86, 3.54, 0.10, -0.08, 0.03
19/09/2026 11:56:08, -15753402, -48261857, 11, 0.79, 0.17, ESE, 25.4, 34.9, 9.55, -0.46, 4.56, -0.29, 0.02, -0.05
19/09/2026 11:56:31, -15753405, -48261846, 11, 0.79, 2.94, NNE, 25.6, 34.9, 8.86, 1.11, 4.83, 0.15, -0.04, 0.19
19/09/2026 11:56:42, -15753208, -48261641, 11, 0.89, 10.63, NE, 25.6, 34.9, 9.65, -0.18, 4.75, -0.17, -0.08, -0.12
19/09/2026 11:56:52, -15753001, -48261322, 11, 1.59, 22.09, NE, 26.1, 35.0, 9.51, 0.90, 5.61, -0.15, 0.06, -0.03
19/09/2026 11:57:03, -15752758, -48261090, 10, 0.89, 10.17, NE, 26.1, 35.0, 9.42, -0.21, 4.99, -0.06, -0.01, 0.01
19/09/2026 11:57:13, -15752482, -48260809, 11, 0.98, 13.83, ENE, 26.1, 35.0, 8.85, 0.39, 5.65, -0.14, -0.02, -0.04
19/09/2026 11:57:24, -15752337, -48260622, 11, 0.93, 10.48, ENE, 26.0, 35.0, 9.61, -0.78, 3.84, -0.22, -0.06, 0.05
19/09/2026 11:57:34, -15752150, -48260008, 10, 1.52, 35.95, SE, 26.0, 35.0, 8.74, -0.78, 5.22, -0.04, 0.10, -0.15
19/09/2026 11:57:45, -15753297, -48258798, 10, 0.89, 73.65, SE, 26.0, 35.1, 9.38, 0.60, 4.87, -0.05, -0.07, -0.03
19/09/2026 11:57:56, -15754796, -48257336, 10, 0.89, 74.27, SE, 25.9, 35.1, 12.63, 1.55, 6.74, 0.02, 0.06, 0.01
19/09/2026 11:58:06, -15756113, -48255938, 10, 0.90, 78.45, SE, 25.8, 35.0, 9.78, -0.01, 6.17, -0.01, 0.05, -0.10
19/09/2026 11:58:17, -15757393, -48254055, 11, 0.89, 80.82, ESE, 25.6, 35.1, 9.76, -0.20, 5.05, 0.12, -0.07, -0.08
19/09/2026 11:58:27, -15758324, -48252254, 11, 0.79, 76.41, ESE, 25.5, 35.1, 8.29, -1.50, 5.44, -0.05, -0.05, -0.07
19/09/2026 11:58:38, -15759062, -48250551, 12, 0.79, 52.12, ESE, 25.5, 35.1, 9.36, -0.90, 5.31, -0.04, -0.00, -0.07
19/09/2026 11:58:49, -15759627, -48248773, 12, 0.85, 76.52, E, 25.5, 35.1, 10.08, -1.02, 5.70, -0.03, 0.05, -0.14
19/09/2026 11:58:59, -15759840, -48246855, 12, 0.77, 65.47, E, 25.4, 35.2, 8.40, 0.93, 6.09, -0.11, -0.04, 0.03
19/09/2026 11:59:10, -15760164, -48245303, 12, 0.74, 62.45, ESE, 25.4, 35.2, 9.33, -2.52, 4.45, -0.14, 0.05, -0.07
19/09/2026 11:59:20, -15760545, -48243428, 12, 0.74, 79.01, ESE, 25.4, 35.2, 8.71, -1.03, 4.24, -0.12, -0.05, -0.01
19/09/2026 11:59:31, -15761059, -48241232, 12, 0.74, 79.28, ESE, 25.3, 35.3, 8.65, -1.14, 6.16, -0.20, -0.02, 0.14
19/09/2026 11:59:42, -15761575, -48238988, 12, 0.74, 83.56, E, 25.3, 35.3, 10.73, 0.38, 6.26, -0.11, -0.01, 0.03
19/09/2026 11:59:52, -15762009, -48236798, 12, 0.85, 88.25, ESE, 25.3, 35.3, 9.00, -0.89, 5.29, -0.11, -0.06, -0.00
19/09/2026 12:00:03, -15762583, -48234333, 12, 0.93, 89.56, ESE, 25.2, 35.4, 10.36, 0.12, 6.46, -0.13, 0.04, -0.06
19/09/2026 12:00:13, -15763716, -48232310, 12, 0.74, 89.86, SE, 25.1, 35.3, 8.99, -1.09, 5.66, -0.10, 0.02, -0.05
19/09/2026 12:00:24, -15765616, -48230752, 12, 0.74, 87.84, SSE, 25.2, 35.3, 9.01, -0.87, 4.61, -0.08, -0.00, -0.11
19/09/2026 12:00:35, -15767871, -48230056, 12, 0.74, 85.30, S, 25.2, 35.4, 10.02, -0.84, 6.66, -0.18, -0.03, 0.07
19/09/2026 12:00:45, -15770023, -48230189, 12, 0.74, 86.60, SSW, 25.2, 35.5, 9.53, -0.72, 5.76, -0.10, -0.00, -0.03
19/09/2026 12:00:56, -15772180, -48231073, 12, 0.74, 79.95, SSW, 25.2, 35.4, 8.70, 0.78, 5.80, -0.06, 0.03, -0.10
19/09/2026 12:01:06, -15773838, -48231871, 12, 0.79, 62.43, SSW, 25.3, 35.5, 8.91, -0.27, 5.66, -0.08, -0.02, -0.01
19/09/2026 12:01:17, -15775353, -48232589, 12, 0.74, 72.99, SSW, 25.3, 35.5, 9.61, -1.29, 6.58, -0.18, 0.05, -0.08
19/09/2026 12:01:28, -15777417, -48233568, 11, 0.79, 86.03, SSW, 25.3, 35.5, 8.16, -2.01, 4.42, -0.06, -0.03, -0.00
19/09/2026 12:01:38, -15779373, -48234386, 11, 0.79, 82.04, SSW, 25.3, 35.6, 9.58, -0.22, 5.83, -0.00, -0.03, 0.07
19/09/2026 12:01:49, -15781715, -48234199, 11, 0.79, 90.51, SSE, 25.3, 35.6, 8.37, -2.01, 5.38, -0.01, -0.06, -0.02
19/09/2026 12:01:59, -15783491, -48232993, 11, 0.80, 83.19, SE, 25.3, 35.6, 9.30, -2.19, 4.66, -0.11, -0.04, 0.07
19/09/2026 12:02:10, -15785268, -48231334, 12, 0.87, 90.30, SE, 25.3, 35.6, 9.18, -2.59, 3.79, 0.01, -0.08, 0.05
19/09/2026 12:02:21, -15786882, -48229349, 11, 0.85, 89.86, SE, 25.2, 35.7, 8.95, -1.96, 4.44, -0.08, -0.09, 0.12
19/09/2026 12:02:31, -15788183, -48227464, 11, 0.85, 88.64, SE, 25.0, 35.7, 8.38, -0.31, 5.06, 0.03, -0.03, 0.01
19/09/2026 12:02:42, -15789544, -48225601, 11, 0.80, 85.17, ESE, 25.0, 35.7, 9.61, -0.76, 5.57, -0.07, -0.09, 0.22
19/09/2026 12:02:52, -15789529, -48223416, 12, 0.75, 86.25, E, 24.9, 35.8, 8.71, -0.56, 5.17, -0.00, -0.02, -0.12
19/09/2026 12:03:03, -15789177, -48220998, 12, 0.75, 85.62, E, 24.7, 35.8, 8.23, -3.03, 3.87, -0.14, -0.02, -0.08
19/09/2026 12:03:14, -15789198, -48218563, 12, 0.84, 85.60, ESE, 24.7, 35.8, 10.12, -1.13, 5.86, -0.12, 0.03, -0.09
19/09/2026 12:03:24, -15789851, -48216409, 12, 0.75, 87.78, ESE, 24.6, 35.9, 8.60, -0.09, 5.85, -0.08, 0.02, -0.05
19/09/2026 12:03:35, -15790580, -48213961, 11, 0.90, 87.27, ESE, 24.6, 35.8, 9.02, 0.54, 6.58, -0.05, -0.06, -0.01
19/09/2026 12:03:45, -15791222, -48211826, 12, 0.86, 87.86, ESE, 24.6, 35.9, 8.50, -2.18, 4.35, -0.08, 0.02, -0.04
19/09/2026 12:03:56, -15791951, -48209412, 12, 0.84, 88.71, ESE, 24.6, 35.9, 9.22, -1.18, 5.28, 0.04, -0.03, -0.01
19/09/2026 12:04:07, -15792667, -48207013, 12, 0.84, 86.25, ESE, 24.5, 35.9, 9.73, -0.75, 6.10, -0.04, -0.02, -0.04
19/09/2026 12:04:17, -15793296, -48204839, 12, 0.84, 90.10, ESE, 24.8, 36.0, 8.04, -0.48, 4.93, -0.08, -0.08, 0.07
19/09/2026 12:04:28, -15794055, -48202375, 12, 0.84, 90.12, ESE, 24.7, 36.0, 9.70, -0.17, 5.89, -0.11, 0.01, -0.03
19/09/2026 12:04:38, -15794712, -48200189, 12, 0.84, 85.32, ESE, 24.6, 36.0, 9.35, -0.03, 5.39, -0.01, -0.00, -0.05
19/09/2026 12:04:49, -15795404, -48197918, 12, 0.91, 83.54, ESE, 24.5, 36.0, 8.65, -0.27, 5.80, 0.04, 0.03, -0.15
19/09/2026 12:04:59, -15796125, -48196241, 12, 0.84, 61.19, ESE, 24.3, 36.0, 9.01, -2.18, 4.22, -0.02, 0.00, -0.00
19/09/2026 12:05:10, -15796547, -48194209, 12, 0.84, 82.41, ESE, 24.4, 36.1, 8.44, -1.05, 5.14, -0.10, -0.05, -0.00
19/09/2026 12:05:21, -15797225, -48191833, 11, 0.84, 87.71, ESE, 24.4, 36.1, 9.31, -1.21, 5.60, -0.16, -0.07, 0.08
19/09/2026 12:05:31, -15797879, -48189673, 11, 0.84, 87.04, ESE, 24.3, 36.1, 9.45, -1.34, 5.09, -0.13, 0.01, -0.04
19/09/2026 12:05:42, -15798605, -48187263, 11, 0.84, 89.14, ESE, 24.3, 36.2, 8.75, -1.01, 4.63, -0.02, -0.02, -0.05
19/09/2026 12:05:52, -15799196, -48185057, 11, 0.84, 86.90, E, 24.3, 36.2, 11.11, -0.53, 7.00, -0.07, 0.04, -0.01
19/09/2026 12:06:03, -15799271, -48182580, 11, 0.84, 88.04, E, 24.2, 36.2, 8.94, 0.09, 5.24, 0.00, -0.04, -0.04
19/09/2026 12:06:14, -15798794, -48180132, 11, 0.84, 87.80, ENE, 24.1, 36.3, 8.60, -1.11, 4.71, -0.08, -0.02, -0.03
19/09/2026 12:06:24, -15798141, -48177915, 11, 0.84, 89.62, ENE, 23.9, 36.3, 9.47, -0.75, 4.80, -0.04, 0.00, -0.01
19/09/2026 12:06:35, -15797442, -48175494, 11, 0.84, 82.32, ENE, 23.7, 36.3, 9.91, 0.29, 7.10, -0.11, 0.00, -0.00
19/09/2026 12:06:45, -15796982, -48173915, 11, 0.84, 54.80, ENE, 23.7, 36.3, 9.29, -1.16, 5.24, -0.10, -0.02, 0.01
19/09/2026 12:06:56, -15796488, -48172202, 11, 0.84, 75.86, ENE, 23.7, 36.4, 8.90, -1.35, 4.79, -0.17, -0.05, 0.04
19/09/2026 12:07:07, -15795848, -48169952, 11, 0.84, 85.71, ENE, 23.6, 36.3, 8.27, -1.20, 5.01, -0.09, -0.05, 0.06
19/09/2026 12:07:17, -15795239, -48167838, 11, 0.84, 85.15, ENE, 23.3, 36.4, 10.16, -0.01, 5.58, -0.14, 0.01, 0.10
19/09/2026 12:07:28, -15794571, -48165509, 11, 0.84, 86.34, ENE, 23.2, 36.4, 8.65, -0.61, 4.82, -0.02, -0.02, -0.05
19/09/2026 12:07:38, -15793937, -48163308, 11, 0.84, 89.73, ENE, 23.0, 36.5, 8.95, -1.36, 5.28, -0.07, 0.01, -0.09
19/09/2026 12:07:49, -15793232, -48160856, 11, 0.84, 89.73, ENE, 22.8, 36.4, 9.81, 0.03, 5.67, -0.05, 0.01, -0.05
19/09/2026 12:08:00, -15792533, -48158376, 11, 0.84, 91.23, ENE, 22.6, 36.5, 10.09, 0.29, 5.70, 0.01, -0.05, -0.01
19/09/2026 12:08:10, -15791917, -48156225, 11, 0.84, 75.12, ENE, 22.5, 36.5, 9.00, -1.85, 4.11, -0.05, -0.00, -0.06
19/09/2026 12:08:21, -15791306, -48154130, 11, 0.84, 81.64, ENE, 22.6, 36.5, 9.53, -0.90, 5.04, -0.16, -0.04, 0.02
19/09/2026 12:08:31, -15790740, -48152149, 11, 0.84, 80.14, ENE, 22.6, 36.5, 9.28, -1.25, 4.87, -0.09, -0.04, -0.01
19/09/2026 12:08:42, -15790092, -48149856, 11, 0.84, 84.99, ENE, 22.6, 36.6, 10.09, 0.04, 5.60, 0.05, -0.02, -0.04
19/09/2026 12:08:53, -15789420, -48147548, 11, 0.84, 84.04, ENE, 22.6, 36.6, 9.52, -1.02, 6.11, -0.22, 0.04, 0.03
19/09/2026 12:09:03, -15788796, -48145448, 11, 0.86, 84.34, ENE, 22.6, 36.6, 10.25, 0.17, 5.77, -0.11, -0.02, 0.04
19/09/2026 12:09:14, -15788125, -48143114, 11, 0.84, 85.80, ENE, 22.5, 36.6, 8.98, -1.28, 5.35, -0.05, -0.03, -0.09
19/09/2026 12:09:24, -15787511, -48140987, 11, 0.84, 85.51, ENE, 22.5, 36.6, 9.00, -1.32, 4.61, -0.00, -0.07, -0.02
19/09/2026 12:09:35, -15786838, -48138672, 11, 0.84, 84.06, ENE, 22.4, 36.6, 8.70, -1.79, 4.63, -0.15, -0.03, -0.01
19/09/2026 12:09:46, -15786226, -48136581, 11, 0.84, 63.01, ENE, 22.4, 36.7, 8.06, -1.26, 5.77, -0.07, 0.03, -0.05
19/09/2026 12:09:56, -15785798, -48135083, 11, 0.84, 66.10, ENE, 22.5, 36.7, 8.42, -1.88, 4.42, -0.19, 0.04, -0.04
19/09/2026 12:10:07, -15785193, -48132917, 11, 0.84, 86.60, ENE, 22.5, 36.7, 9.81, -1.61, 5.44, -0.09, 0.00, -0.01
19/09/2026 12:10:17, -15784535, -48130703, 11, 0.84, 90.58, ENE, 22.4, 36.7, 9.65, -0.94, 5.17, -0.01, -0.05, -0.02
19/09/2026 12:10:28, -15783838, -48128263, 10, 0.86, 87.88, ENE, 22.2, 36.7, 9.29, -1.65, 5.97, -0.24, -0.04, 0.04
19/09/2026 12:10:39, -15783654, -48125855, 11, 0.84, 82.41, E, 22.1, 36.7, 8.03, -1.00, 5.71, -0.16, -0.08, 0.05
19/09/2026 12:10:49, -15784267, -48123874, 11, 0.84, 85.53, ESE, 22.2, 36.7, 9.10, -0.99, 5.15, -0.07, -0.01, 0.01
19/09/2026 12:11:00, -15785189, -48121511, 11, 0.84, 93.43, ESE, 22.1, 36.7, 7.02, -2.69, 5.32, -0.19, 0.01, 0.02
19/09/2026 12:11:10, -15786023, -48119329, 11, 0.84, 87.12, ESE, 22.1, 36.7, 9.78, -0.72, 6.36, -0.05, 0.06, -0.07
19/09/2026 12:11:21, -15786898, -48117025, 11, 0.84, 86.41, ESE, 22.1, 36.7, 9.62, 0.07, 5.92, 0.01, 0.01, -0.05
19/09/2026 12:11:32, -15787743, -48114774, 11, 0.84, 82.14, ESE, 22.1, 36.7, 9.73, -1.41, 5.77, -0.10, 0.04, -0.03
19/09/2026 12:11:42, -15788499, -48112791, 11, 0.84, 75.47, ESE, 22.2, 36.7, 9.80, 0.45, 7.37, -0.07, 0.05, -0.03
19/09/2026 12:11:53, -15789143, -48111155, 11, 0.84, 59.95, ESE, 22.3, 36.8, 10.49, 0.03, 4.30, -0.04, -0.04, 0.02
19/09/2026 12:12:03, -15789837, -48109348, 11, 0.86, 82.14, ESE, 22.3, 36.8, 9.64, -0.94, 5.88, -0.09, 0.06, -0.04
19/09/2026 12:12:14, -15790642, -48107160, 11, 0.84, 81.73, ESE, 22.3, 36.8, 9.93, -0.55, 6.02, -0.13, 0.06, -0.09
19/09/2026 12:12:25, -15791473, -48104993, 11, 0.84, 82.32, ESE, 22.3, 36.8, 10.49, -1.06, 5.86, 0.03, 0.07, -0.14
19/09/2026 12:12:35, -15792222, -48103039, 11, 0.84, 78.40, ESE, 22.2, 36.8, 8.94, -1.69, 6.23, -0.23, -0.09, 0.21
19/09/2026 12:12:46, -15792963, -48101141, 11, 0.84, 76.02, ESE, 22.3, 36.8, 10.13, -1.20, 5.94, -0.05, -0.01, -0.06
19/09/2026 12:12:56, -15793698, -48099191, 11, 0.83, 82.30, ESE, 22.3, 36.8, 9.71, -1.57, 5.82, -0.07, -0.05, 0.03
19/09/2026 12:13:07, -15794544, -48096982, 11, 0.83, 84.10, ESE, 22.3, 36.8, 9.00, -1.75, 4.24, -0.10, -0.03, 0.04
19/09/2026 12:13:17, -15795325, -48094931, 11, 0.83, 85.30, ESE, 22.2, 36.8, 8.60, -2.25, 5.31, -0.04, 0.01, -0.14
19/09/2026 12:13:28, -15796256, -48092695, 11, 0.83, 85.49, ESE, 22.2, 36.9, 8.27, -1.01, 5.29, -0.12, 0.06, -0.09
19/09/2026 12:13:39, -15797463, -48090885, 11, 0.83, 80.02, SE, 22.2, 36.9, 9.76, -0.99, 5.26, -0.15, 0.00, -0.03
19/09/2026 12:13:49, -15798690, -48089157, 11, 0.83, 81.25, SE, 22.3, 36.9, 8.66, -1.11, 5.12, -0.09, -0.01, -0.07
19/09/2026 12:14:00, -15800015, -48087222, 11, 0.83, 84.08, SE, 22.4, 36.9, 8.44, -1.95, 5.10, -0.12, -0.02, -0.00
19/09/2026 12:14:11, -15801380, -48085277, 10, 1.09, 83.56, SE, 22.4, 36.9, 9.46, -0.18, 5.30, -0.16, 0.02, 0.04
19/09/2026 12:14:21, -15802274, -48083479, 11, 0.83, 82.51, ESE, 22.5, 36.9, 9.02, -1.11, 4.77, -0.04, 0.00, -0.01
19/09/2026 12:14:32, -15802500, -48081092, 11, 0.83, 85.82, E, 22.5, 36.9, 8.28, -1.98, 4.71, -0.14, -0.05, 0.05
19/09/2026 12:14:42, -15801918, -48078979, 11, 0.83, 84.30, ENE, 22.6, 36.9, 8.81, 0.80, 5.55, -0.06, -0.01, 0.04
19/09/2026 12:14:53, -15800829, -48077322, 11, 0.83, 58.06, NE, 22.6, 36.9, 9.19, 0.14, 5.49, -0.07, 0.00, -0.03
19/09/2026 12:15:03, -15799849, -48075968, 11, 0.83, 79.88, NE, 22.6, 36.9, 9.01, -1.35, 5.18, -0.11, -0.04, 0.05
19/09/2026 12:15:14, -15798560, -48074003, 11, 0.83, 82.03, ENE, 22.6, 36.9, 9.15, -1.08, 5.39, -0.14, 0.00, -0.10
19/09/2026 12:15:25, -15797845, -48071926, 11, 0.83, 67.14, ENE, 22.9, 37.0, 7.80, -0.96, 5.72, -0.05, -0.03, -0.05
19/09/2026 12:15:35, -15797361, -48070413, 11, 0.83, 63.62, ENE, 22.9, 37.0, 9.36, -0.90, 5.40, -0.05, -0.01, -0.02
19/09/2026 12:15:46, -15796752, -48068508, 11, 0.83, 80.60, ENE, 22.9, 37.0, 8.34, -2.44, 4.83, -0.12, -0.04, -0.04
19/09/2026 12:15:56, -15796093, -48066474, 11, 0.83, 81.19, ENE, 22.8, 37.0, 9.69, 0.63, 6.40, -0.18, 0.07, -0.05
19/09/2026 12:16:07, -15795405, -48064356, 11, 0.83, 79.12, ENE, 22.8, 37.1, 8.82, -1.04, 4.40, 0.02, -0.01, -0.14
19/09/2026 12:16:18, -15794696, -48062147, 11, 0.83, 83.12, ENE, 22.7, 37.0, 9.55, -1.72, 5.21, -0.13, 0.03, -0.05
19/09/2026 12:16:28, -15794028, -48060092, 11, 0.83, 83.64, ENE, 22.6, 37.0, 9.38, -2.16, 6.32, -0.10, 0.01, -0.10
19/09/2026 12:16:39, -15793348, -48057900, 11, 0.83, 81.17, ENE, 22.5, 37.0, 8.72, -2.61, 4.44, -0.18, -0.07, 0.04
19/09/2026 12:16:49, -15792804, -48055799, 11, 0.83, 81.58, ENE, 22.5, 37.1, 8.37, -2.45, 5.63, -0.22, -0.02, -0.00
19/09/2026 12:17:00, -15792296, -48053486, 10, 0.89, 93.77, ENE, 22.4, 37.1, 9.80, -2.08, 6.04, -0.20, 0.04, -0.04
19/09/2026 12:17:11, -15791838, -48051062, 11, 0.83, 83.21, E, 22.3, 37.1, 10.40, -1.96, 5.10, -0.04, -0.02, 0.02
19/09/2026 12:17:21, -15791544, -48049135, 11, 0.83, 74.36, E, 22.3, 37.1, 9.63, -1.38, 4.69, -0.01, 0.01, -0.08
19/09/2026 12:17:32, -15791293, -48047006, 11, 0.83, 73.38, E, 22.3, 37.1, 8.10, -2.97, 4.64, -0.14, -0.06, 0.03
19/09/2026 12:17:43, -15791125, -48044730, 11, 0.89, 84.80, E, 22.2, 37.1, 9.76, -0.43, 6.26, -0.17, -0.03, 0.03
19/09/2026 12:17:53, -15791006, -48042526, 11, 0.83, 84.41, E, 22.1, 37.1, 8.73, -1.23, 6.46, -0.11, -0.00, 0.01
19/09/2026 12:18:04, -15790954, -48040125, 11, 0.83, 85.45, E, 22.1, 37.1, 10.00, 0.33, 5.92, -0.05, 0.01, -0.00
19/09/2026 12:18:14, -15790980, -48037907, 11, 0.83, 85.25, E, 22.0, 37.1, 9.51, -0.75, 6.53, -0.17, -0.01, 0.03
19/09/2026 12:18:25, -15791022, -48035515, 10, 0.86, 82.97, E, 22.0, 37.2, 10.80, -0.73, 5.26, 0.07, -0.11, -0.13
19/09/2026 12:18:35, -15791033, -48033476, 11, 0.86, 71.86, E, 22.0, 37.2, 9.88, -1.49, 5.60, 0.06, 0.08, -0.14
19/09/2026 12:18:46, -15791007, -48031260, 11, 0.83, 81.49, E, 22.0, 37.2, 8.36, -1.33, 5.12, -0.21, -0.03, -0.01
19/09/2026 12:18:57, -15790887, -48029015, 11, 0.83, 76.47, E, 22.0, 37.2, 9.50, -2.05, 5.85, -0.09, -0.01, -0.11
19/09/2026 12:19:07, -15790708, -48026937, 11, 0.83, 83.17, E, 21.9, 37.2, 8.73, -2.24, 5.53, 0.03, 0.02, -0.06
19/09/2026 12:19:18, -15790446, -48024634, 11, 0.83, 80.15, E, 21.8, 37.2, 8.19, -1.74, 4.92, -0.21, -0.04, 0.06
19/09/2026 12:19:28, -15790138, -48022564, 11, 0.83, 81.56, E, 21.7, 37.2, 9.71, -0.89, 6.41, -0.14, -0.02, 0.00
19/09/2026 12:19:39, -15789711, -48020225, 10, 1.07, 85.45, ENE, 21.8, 37.2, 9.89, -1.03, 5.68, -0.11, -0.11, 0.04
19/09/2026 12:19:50, -15789221, -48017843, 11, 0.83, 85.14, ENE, 21.7, 37.2, 6.93, -2.41, 4.53, -0.02, -0.11, -0.03
19/09/2026 12:20:00, -15788699, -48015731, 11, 0.83, 83.69, ENE, 21.7, 37.2, 8.13, -1.75, 4.78, -0.04, -0.03, -0.05
19/09/2026 12:20:11, -15788127, -48013428, 11, 0.83, 83.36, ENE, 21.7, 37.2, 8.98, -0.91, 4.93, 0.14, -0.05, -0.13
19/09/2026 12:20:21, -15787607, -48011321, 10, 0.86, 83.71, ENE, 21.7, 37.2, 9.35, 0.07, 4.97, -0.11, 0.05, -0.10
19/09/2026 12:20:32, -15787093, -48008971, 11, 0.83, 82.40, ENE, 21.7, 37.2, 8.84, -1.06, 6.03, -0.26, -0.06, 0.11
19/09/2026 12:20:43, -15787045, -48007743, 11, 0.86, 16.58, SE, 21.8, 37.3, 9.40, 0.95, 6.42, -0.09, -0.02, 0.11
19/09/2026 12:20:53, -15787028, -48006942, 11, 0.83, 52.06, ENE, 21.8, 37.2, 9.45, -2.46, 4.42, -0.11, 0.09, 0.03
19/09/2026 12:21:04, -15786799, -48004944, 11, 0.83, 69.97, E, 21.8, 37.3, 7.56, -0.90, 4.61, 0.01, 0.03, -0.11
19/09/2026 12:21:14, -15786786, -48003389, 11, 1.07, 53.56, E, 21.9, 37.2, 9.32, -0.46, 6.27, -0.02, -0.08, 0.04
19/09/2026 12:21:25, -15786729, -48002096, 11, 0.83, 30.24, E, 21.9, 37.3, 8.57, -2.26, 4.93, -0.41, 0.12, -0.01
19/09/2026 12:21:36, -15786667, -48000909, 10, 1.07, 57.32, E, 21.9, 37.2, 9.22, -1.85, 5.72, 0.02, -0.00, -0.13
19/09/2026 12:21:46, -15786680, -47999295, 11, 0.83, 64.13, E, 21.9, 37.3, 9.52, -2.28, 5.55, -0.20, -0.06, 0.02
19/09/2026 12:21:57, -15787606, -47997904, 11, 0.83, 58.80, SE, 21.9, 37.3, 9.08, -1.54, 5.59, -0.15, 0.03, -0.08
19/09/2026 12:22:07, -15788655, -47997392, 12, 0.76, 56.69, S, 21.9, 37.3, 10.36, -1.11, 5.26, 0.02, -0.10, 0.05
19/09/2026 12:22:18, -15790227, -47997313, 11, 0.83, 55.13, S, 21.9, 37.3, 8.80, -2.04, 4.70, -0.06, -0.04, -0.07
19/09/2026 12:22:29, -15791762, -47997706, 11, 0.83, 66.34, SSW, 21.9, 37.3, 9.65, -1.39, 5.14, -0.06, -0.06, -0.03
19/09/2026 12:22:39, -15793448, -47998364, 12, 0.76, 70.19, SSW, 22.0, 37.4, 8.23, -1.23, 3.73, -0.07, -0.08, -0.04
19/09/2026 12:22:50, -15795398, -47999147, 12, 0.76, 80.25, SSW, 22.0, 37.4, 9.05, -1.83, 6.24, -0.12, 0.01, 0.00
19/09/2026 12:23:00, -15797302, -47999931, 12, 0.82, 82.30, SSW, 22.0, 37.4, 9.07, -1.03, 5.27, 0.03, -0.02, -0.08
19/09/2026 12:23:11, -15799050, -48000657, 12, 0.82, 54.30, SSW, 22.0, 37.4, 9.69, -1.61, 4.74, -0.03, -0.12, -0.04
19/09/2026 12:23:22, -15800915, -48001141, 12, 0.82, 78.65, S, 22.1, 37.4, 8.34, -1.91, 4.73, -0.05, -0.02, -0.02
19/09/2026 12:23:32, -15802879, -48001161, 12, 0.76, 75.97, S, 22.2, 37.4, 8.02, -2.54, 5.53, -0.23, 0.04, 0.06
19/09/2026 12:23:43, -15805005, -48001123, 11, 0.82, 77.23, S, 22.2, 37.4, 9.34, -1.55, 4.75, -0.06, -0.06, 0.02
19/09/2026 12:23:53, -15806921, -48001042, 12, 0.76, 69.62, S, 22.2, 37.4, 8.48, 0.04, 5.55, -0.09, -0.05, -0.04
19/09/2026 12:24:04, -15808681, -48000997, 12, 0.76, 73.19, S, 22.2, 37.4, 9.39, -1.72, 5.57, -0.09, -0.01, -0.04
19/09/2026 12:24:15, -15810860, -48000933, 12, 0.75, 78.67, S, 22.2, 37.5, 8.18, -1.90, 6.09, -0.05, 0.06, -0.07
19/09/2026 12:24:25, -15812701, -48000376, 12, 0.75, 68.02, SSE, 22.2, 37.5, 8.28, -0.88, 6.54, -0.10, -0.03, 0.05
19/09/2026 12:24:36, -15814035, -48000162, 11, 0.82, 42.45, SW, 22.2, 37.4, 8.73, -1.59, 5.71, -0.38, -0.04, -0.03
19/09/2026 12:24:46, -15813658, -48000803, 11, 0.79, 33.48, NNE, 22.2, 37.5, 10.22, -2.25, 5.49, -0.31, -0.02, -0.06
19/09/2026 12:24:57, -15812966, -47999449, 12, 0.75, 71.56, ENE, 22.2, 37.5, 9.37, -1.56, 5.04, -0.01, -0.04, -0.07
19/09/2026 12:25:08, -15812274, -47997613, 12, 0.75, 71.60, ENE, 22.2, 37.6, 9.35, -1.15, 6.23, -0.35, 0.03, -0.02
19/09/2026 12:25:18, -15811595, -47995818, 12, 0.75, 74.23, ENE, 22.0, 37.6, 8.27, -1.89, 5.05, -0.05, -0.06, -0.08
19/09/2026 12:25:29, -15811173, -47993711, 12, 0.75, 73.45, E, 21.9, 37.6, 8.98, -1.04, 6.26, -0.13, 0.08, -0.17
19/09/2026 12:25:39, -15811359, -47991851, 12, 0.75, 71.34, E, 21.8, 37.7, 9.10, -1.81, 4.44, -0.02, -0.10, -0.05
19/09/2026 12:25:50, -15811641, -47989816, 12, 0.75, 72.43, E, 21.8, 37.6, 8.65, -2.78, 5.64, -0.16, -0.04, 0.05
19/09/2026 12:26:01, -15811924, -47987790, 12, 0.75, 69.34, E, 21.8, 37.7, 9.05, -1.71, 6.12, -0.06, -0.04, 0.00
19/09/2026 12:26:11, -15812181, -47985955, 12, 0.75, 71.73, E, 21.7, 37.7, 9.03, -1.17, 6.80, -0.17, 0.01, 0.00
19/09/2026 12:26:22, -15812426, -47984051, 12, 0.75, 52.45, E, 21.7, 37.6, 8.03, 0.07, 6.16, -0.08, 0.07, -0.08
19/09/2026 12:26:32, -15812545, -47982685, 12, 0.75, 58.45, E, 21.7, 37.7, 8.17, -2.43, 5.37, -0.07, -0.01, -0.03
19/09/2026 12:26:43, -15812462, -47980996, 12, 0.75, 57.86, E, 21.7, 37.7, 9.59, -2.08, 5.66, -0.12, -0.05, 0.02
19/09/2026 12:26:54, -15812980, -47979669, 11, 0.82, 49.93, SE, 21.6, 37.8, 9.53, -1.20, 6.87, -0.23, -0.01, -0.03
19/09/2026 12:27:04, -15814294, -47979359, 11, 0.82, 64.63, S, 21.6, 37.8, 7.72, -3.14, 5.15, -0.12, -0.02, -0.00
19/09/2026 12:27:15, -15815886, -47979741, 12, 0.75, 70.39, SW, 21.6, 37.8, 9.23, -1.14, 6.91, -0.03, 0.06, -0.14
19/09/2026 12:27:25, -15816942, -47981150, 12, 0.75, 63.97, SW, 21.6, 37.8, 8.98, -0.50, 7.18, -0.00, -0.04, -0.02
19/09/2026 12:27:36, -15817802, -47982294, 12, 0.75, 35.15, SW, 21.6, 37.8, 7.03, -1.56, 5.78, 0.01, -0.06, -0.11
19/09/2026 12:27:47, -15818314, -47983274, 12, 0.75, 43.23, WSW, 21.5, 37.9, 8.37, -2.12, 5.79, -0.11, -0.06, -0.03
19/09/2026 12:27:57, -15818577, -47984704, 12, 0.75, 62.97, W, 21.6, 37.9, 8.42, -1.73, 6.48, -0.27, 0.12, 0.04
19/09/2026 12:28:08, -15818849, -47986428, 12, 0.75, 64.63, WSW, 21.5, 37.9, 8.24, -2.14, 6.00, -0.04, -0.00, -0.05
19/09/2026 12:28:18, -15819691, -47987285, 11, 0.88, 31.24, SSW, 21.5, 37.9, 7.57, -0.34, 7.31, -0.20, -0.13, -0.13
19/09/2026 12:28:29, -15819903, -47987755, 12, 0.82, 17.30, WSW, 21.8, 38.0, 8.54, -1.12, 6.64, 0.28, -0.07, 0.49
19/09/2026 12:28:40, -15820359, -47988066, 12, 0.82, 35.10, WSW, 21.8, 38.0, 8.78, -0.47, 6.93, -0.09, -0.01, -0.00
19/09/2026 12:28:50, -15820774, -47988345, 11, 0.82, 30.43, SSE, 21.8, 38.0, 8.38, -1.48, 7.25, -0.10, -0.00, -0.06
19/09/2026 12:29:01, -15821779, -47987931, 12, 0.82, 45.69, SSE, 21.8, 38.0, 8.64, -1.23, 6.42, -0.05, -0.01, -0.03
19/09/2026 12:29:11, -15822614, -47987602, 12, 1.10, 28.82, SSE, 21.8, 38.0, 7.84, 0.04, 6.76, -0.05, -0.02, 0.04
19/09/2026 12:29:22, -15823110, -47987701, 11, 0.85, 25.22, WSW, 21.8, 38.1, 8.87, -0.06, 7.53, 0.03, 0.01, 0.03
19/09/2026 12:29:33, -15823404, -47988091, 12, 0.82, 22.26, S, 21.7, 38.1, 8.88, -1.79, 6.42, 0.16, -0.16, -0.14
19/09/2026 12:29:43, -15824498, -47987696, 11, 0.82, 42.32, SSE, 21.8, 38.0, 8.54, 0.52, 7.96, -0.15, -0.04, -0.04
19/09/2026 12:29:54, -15825378, -47987351, 12, 0.93, 15.08, SSE, 21.7, 38.1, 7.35, -1.31, 6.58, -0.05, -0.11, -0.06
19/09/2026 12:30:04, -15825825, -47987230, 12, 0.75, 10.57, SW, 21.7, 38.1, 7.80, -2.43, 5.72, -0.18, -0.01, -0.02
19/09/2026 12:30:15, -15826030, -47987535, 12, 0.93, 5.20, S, 21.7, 38.1, 9.94, -1.43, 6.34, 0.20, -0.11, 0.18
19/09/2026 12:30:26, -15826458, -47987390, 12, 0.78, 22.80, SSE, 21.7, 38.1, 9.83, -2.15, 6.47, -0.24, 0.07, 0.05
19/09/2026 12:30:36, -15826634, -47987177, 11, 0.78, 2.59, NE, 21.7, 38.1, 8.93, 0.20, 5.66, 0.25, -0.29, 0.08
19/09/2026 12:31:07, -15826662, -47987170, 12, 0.86, 0.15, NE, 21.8, 38.3, 8.93, -0.98, 6.31, 0.47, -0.06, 0.12
19/09/2026 12:31:38, -15826663, -47987156, 12, 0.86, 0.22, NE, 21.7, 38.3, 9.12, -0.88, 5.48, -0.08, -0.07, 0.01
19/09/2026 12:32:03, -15826661, -47987158, 12, 1.27, 2.32, N, 21.7, 38.4, 8.83, 0.02, 6.46, -0.40, 0.00, -0.15
19/09/2026 12:32:34, -15826640, -47987167, 11, 1.27, 0.00, N, 21.5, 38.4, 3.28, 6.39, 7.94, -0.08, -0.02, -0.02
19/09/2026 12:33:04, -15826618, -47987166, 11, 0.93, 0.13, N, 21.5, 38.5, 3.26, 6.36, 7.96, -0.08, -0.02, -0.02
19/09/2026 12:33:33, -15826620, -47987165, 12, 0.93, 2.04, N, 21.4, 38.4, 8.87, -1.85, 6.11, -2.35, 0.31, -1.33
19/09/2026 12:34:04, -15826660, -47987175, 12, 0.92, 1.91, N, 21.2, 38.4, 8.76, 0.93, 6.15, -0.29, 0.05, -0.17
19/09/2026 12:34:24, -15826674, -47987175, 11, 0.92, 3.32, NNE, 21.1, 38.4, 9.48, -0.41, 5.92, -0.34, -0.11, -0.41
19/09/2026 12:34:39, -15826702, -47987016, 12, 0.81, 3.94, E, 20.9, 38.4, 8.20, -1.30, 6.70, 0.15, 0.08, 0.25
19/09/2026 12:34:49, -15826360, -47987021, 12, 0.80, 14.87, NNW, 20.9, 38.4, 8.87, -0.42, 6.63, 0.03, 0.03, -0.01
19/09/2026 12:35:00, -15825691, -47987218, 11, 0.78, 21.87, NNW, 20.8, 38.4, 7.64, 0.54, 7.71, 0.01, 0.02, -0.06
19/09/2026 12:35:10, -15825143, -47987418, 11, 0.92, 28.00, NNW, 20.8, 38.4, 7.69, -0.58, 6.89, -0.10, -0.02, -0.04
19/09/2026 12:35:21, -15824562, -47987615, 12, 0.81, 24.19, NNW, 20.8, 38.4, 8.29, 0.97, 7.21, -0.02, 0.03, 0.04
19/09/2026 12:35:32, -15824159, -47987651, 12, 0.81, 20.87, ENE, 20.7, 38.4, 7.94, -2.68, 6.16, -0.02, -0.05, 0.09
19/09/2026 12:35:42, -15823954, -47987228, 12, 0.74, 5.30, ENE, 20.7, 38.5, 7.77, 0.33, 8.41, 0.27, 0.14, 0.43
19/09/2026 12:35:53, -15823444, -47987353, 12, 1.23, 26.71, NNW, 20.6, 38.4, 8.67, -0.62, 8.09, -0.10, -0.08, 0.00
19/09/2026 12:36:03, -15822990, -47987467, 12, 0.92, 19.59, N, 20.6, 38.4, 7.80, 0.04, 7.13, 0.03, -0.01, 0.08
19/09/2026 12:36:14, -15822436, -47987665, 12, 0.92, 26.47, NNW, 20.6, 38.4, 7.48, -1.63, 6.87, -0.14, -0.10, 0.03
19/09/2026 12:36:25, -15821643, -47987975, 10, 0.92, 20.91, NNW, 20.6, 38.4, 8.08, 0.70, 8.50, -0.13, 0.03, 0.09
19/09/2026 12:36:35, -15821306, -47987833, 12, 0.80, 25.89, ENE, 20.5, 38.4, 8.00, -0.86, 6.85, -0.04, -0.01, 0.00
19/09/2026 12:36:46, -15820828, -47987499, 12, 0.85, 28.08, NNW, 20.5, 38.4, 7.20, -0.98, 6.95, -0.04, -0.01, -0.08
19/09/2026 12:36:56, -15820247, -47987699, 11, 0.78, 10.57, NNW, 20.5, 38.4, 8.24, -0.27, 7.69, 0.05, -0.08, 0.05
19/09/2026 12:37:07, -15820048, -47987410, 12, 0.74, 22.41, E, 20.5, 38.4, 8.41, -3.04, 7.55, -0.35, 0.01, -0.10
19/09/2026 12:37:18, -15820076, -47986467, 11, 0.78, 33.82, NE, 20.5, 38.4, 7.16, 0.35, 7.94, 0.16, -0.02, 0.18
19/09/2026 12:37:28, -15819014, -47986253, 11, 0.78, 48.73, NNE, 20.5, 38.4, 7.33, 0.48, 6.92, -0.25, -0.10, -0.01
19/09/2026 12:37:39, -15818698, -47984871, 12, 0.94, 51.73, E, 20.4, 38.4, 8.33, 1.28, 7.94, -0.10, -0.00, -0.00
19/09/2026 12:37:49, -15818736, -47983788, 11, 0.92, 32.48, ESE, 20.4, 38.4, 7.07, 1.06, 8.65, -0.07, -0.02, -0.07
19/09/2026 12:38:07, -15818814, -47983487, 12, 0.91, 3.44, ESE, 20.4, 38.4, 8.07, -1.20, 7.63, -0.17, -0.03, -0.05
19/09/2026 12:38:18, -15818753, -47982860, 11, 0.94, 37.06, NNE, 20.4, 38.4, 7.68, -0.96, 8.36, -0.03, -0.05, 0.09
19/09/2026 12:38:28, -15817856, -47982017, 11, 0.78, 54.25, NE, 20.4, 38.4, 7.63, 1.40, 7.82, -0.08, -0.07, -0.01
19/09/2026 12:38:39, -15817108, -47981081, 11, 0.78, 28.54, NE, 20.4, 38.5, 8.13, 1.06, 7.91, -0.16, -0.09, -0.05
19/09/2026 12:38:50, -15816872, -47980758, 11, 0.78, 4.28, NE, 20.4, 38.5, 7.19, 2.05, 8.02, 0.00, -0.00, -0.06
19/09/2026 12:39:00, -15816482, -47980181, 12, 0.78, 32.65, NE, 20.4, 38.5, 7.01, 3.25, 8.54, 0.03, -0.02, 0.07
19/09/2026 12:39:11, -15816573, -47979810, 11, 0.94, 9.45, SSE, 20.4, 38.5, 7.61, -0.13, 7.65, 0.21, 0.17, 0.34
19/09/2026 12:39:21, -15816470, -47979394, 11, 1.02, 16.69, ENE, 20.4, 38.5, 7.82, 1.65, 8.50, -0.15, 0.03, -0.02
19/09/2026 12:39:52, -15816387, -47979259, 12, 0.78, 0.44, NW, 20.5, 38.5, 8.74, 0.71, 6.12, 0.01, -0.03, 0.09
19/09/2026 12:40:23, -15816357, -47979238, 12, 0.93, 0.91, N, 20.5, 38.6, 4.72, -4.59, 8.69, -0.23, 0.37, -0.27
19/09/2026 12:40:44, -15816337, -47979255, 12, 0.78, 2.22, ENE, 20.6, 38.6, 9.41, -0.67, 5.14, 0.43, -0.05, 0.20
19/09/2026 12:41:04, -15816360, -47979226, 11, 0.78, 2.24, E, 20.6, 38.6, 6.42, -5.78, 7.01, -2.37, 1.85, -2.09
19/09/2026 12:41:15, -15816387, -47979229, 11, 0.78, 3.13, S, 20.6, 38.6, 6.04, -3.76, 8.25, 0.42, -0.36, 0.33
19/09/2026 12:41:28, -15816384, -47979268, 11, 0.78, 2.82, SW, 20.7, 38.6, 5.65, -3.89, 8.69, -0.10, 0.04, -0.11
19/09/2026 12:41:39, -15816395, -47979207, 11, 0.78, 2.37, SW, 20.7, 38.6, 5.50, -3.58, 8.88, 0.10, -0.21, 0.17
19/09/2026 12:41:50, -15816397, -47979198, 11, 0.78, 3.11, SW, 20.7, 38.6, 8.63, -1.33, 6.66, -0.35, -0.00, -0.23
19/09/2026 12:42:21, -15816363, -47979260, 10, 0.86, 0.35, WNW, 20.8, 38.6, 7.84, -1.84, 7.34, -0.02, -0.03, 0.02
19/09/2026 12:42:52, -15816365, -47979229, 10, 1.00, 0.54, WNW, 20.9, 38.7, 8.67, -1.35, 6.52, 0.36, 0.00, 0.30
19/09/2026 12:43:23, -15816360, -47979183, 11, 0.93, 1.31, WNW, 20.9, 38.7, 8.32, -1.10, 7.12, -0.01, -0.02, -0.02
19/09/2026 12:43:35, -15816357, -47979170, 11, 0.92, 2.15, WNW, 20.9, 38.7, 6.54, -5.06, 7.71, 0.33, -0.70, 0.11
19/09/2026 12:43:46, -15816381, -47979166, 11, 0.92, 3.11, WNW, 20.9, 38.7, 7.82, 0.50, 7.58, -0.08, -0.02, -0.02
19/09/2026 12:44:01, -15816373, -47979222, 11, 0.78, 4.67, WNW, 20.9, 38.7, 7.79, 0.53, 7.60, -0.08, -0.02, -0.02
19/09/2026 12:44:32, -15816368, -47979216, 11, 0.78, 0.46, WNW, 20.9, 38.8, 7.78, 0.55, 7.61, -0.08, -0.02, -0.02
19/09/2026 12:45:03, -15816419, -47979214, 10, 0.92, 1.69, WNW, 20.9, 38.8, 7.76, 0.59, 7.61, -0.08, -0.02, -0.02
19/09/2026 12:45:33, -15816445, -47979236, 11, 0.92, 0.54, WNW, 20.8, 38.9, 7.76, 0.60, 7.61, -0.08, -0.02, -0.02
19/09/2026 12:46:04, -15816438, -47979221, 9, 0.98, 0.70, WNW, 20.8, 38.9, 7.73, 0.62, 7.64, -0.08, -0.02, -0.02
19/09/2026 12:46:35, -15816452, -47979188, 11, 1.18, 0.70, WNW, 20.7, 38.9, 7.73, 0.62, 7.66, -0.08, -0.02, -0.02
19/09/2026 12:47:06, -15816498, -47979159, 11, 1.03, 1.15, WNW, 20.7, 38.9, 7.74, 0.63, 7.65, -0.08, -0.02, -0.02
19/09/2026 12:47:36, -15816434, -47979174, 11, 0.78, 1.00, WNW, 20.6, 38.9, 7.72, 0.64, 7.66, -0.08, -0.02, -0.02
19/09/2026 12:48:07, -15816411, -47979185, 10, 0.84, 0.72, WNW, 20.6, 38.9, 7.72, 0.65, 7.65, -0.08, -0.02, -0.02
19/09/2026 12:48:30, -15816416, -47979202, 11, 0.84, 2.48, WNW, 20.5, 38.9, 7.72, 0.64, 7.66, -0.08, -0.02, -0.02
19/09/2026 12:49:01, -15816458, -47979181, 11, 0.85, 0.72, WNW, 20.5, 38.9, 7.72, 0.65, 7.66, -0.08, -0.02, -0.02
19/09/2026 12:49:14, -15816483, -47979176, 11, 0.85, 2.56, WNW, 20.5, 38.9, 7.71, 0.67, 7.66, -0.08, -0.02, -0.02
19/09/2026 12:49:28, -15816487, -47979178, 11, 0.85, 2.93, WNW, 20.5, 38.9, 7.72, 0.66, 7.66, -0.08, -0.02, -0.02
19/09/2026 12:49:58, -15816461, -47979180, 10, 0.99, 0.63, WNW, 20.5, 38.9, 7.71, 0.66, 7.67, -0.08, -0.02, -0.02
19/09/2026 12:50:29, -15816459, -47979193, 9, 0.97, 0.26, WNW, 20.5, 38.8, 7.72, 0.66, 7.67, -0.08, -0.02, -0.02
19/09/2026 12:51:00, -15816495, -47979185, 10, 0.88, 0.81, WNW, 20.5, 38.8, 7.71, 0.67, 7.67, -0.08, -0.02, -0.02
19/09/2026 12:51:30, -15816414, -47979170, 10, 0.90, 0.91, WNW, 20.5, 38.8, 7.70, 0.67, 7.66, -0.08, -0.02, -0.02
19/09/2026 12:52:01, -15816454, -47979196, 10, 0.97, 0.13, WNW, 20.5, 38.7, 7.73, 0.67, 7.66, -0.08, -0.02, -0.02
19/09/2026 12:52:27, -15816462, -47979180, 9, 0.94, 2.20, WNW, 20.5, 38.7, 7.71, 0.68, 7.67, -0.08, -0.02, -0.02
19/09/2026 12:52:38, -15816513, -47979201, 10, 0.96, 2.17, WNW, 20.5, 38.7, 7.71, 0.69, 7.68, -0.08, -0.02, -0.02
19/09/2026 12:52:49, -15816553, -47979216, 10, 1.02, 3.26, WNW, 20.5, 38.7, 7.70, 0.69, 7.67, -0.08, -0.02, -0.02
19/09/2026 12:53:19, -15816636, -47979233, 10, 0.90, 0.30, WNW, 20.5, 38.7, 7.70, 0.71, 7.69, -0.08, -0.02, -0.02
19/09/2026 12:53:50, -15816587, -47979251, 11, 0.78, 1.50, WNW, 20.5, 38.7, 7.69, 0.70, 7.67, -0.08, -0.02, -0.02
19/09/2026 12:54:12, -15816591, -47979206, 11, 0.85, 2.19, WNW, 20.5, 38.6, 7.70, 0.71, 7.69, -0.08, -0.02, -0.02
